b_number	gene_name	ppi_degree	ppi_betweenness	ppi_eigen	met_degree	met_betweenness	met_eigen	fba_dep_full	fba_dep_ltee	ppi_degree_norm	ppi_eigen_norm	ppi_betweenness_norm	met_degree_norm	met_eigen_norm	fba_dep_ltee_norm	composite_integration	ppi_composite	met_composite
b1377	ompN	92	0.0014820952279383296	0.0008865003988613063	400	0.006437144874496549	0.04525060484674746	0.0	0.0	0.17692307692307693	0.012062562907423658	0.026331767988501495	0.7975951903807614	0.7906313799470878	0.0	0.35544244203166997	0.0944928199152503	0.7941132851639245
b0241	phoE	124	0.003341255275165044	0.0019961649945181162	397	0.0063093999994094	0.04398264840949518	0.0	0.0	0.23846153846153847	0.02716170895230351	0.059362689412602025	0.7915831663326652	0.7684483341466417	0.0	0.3651309495786298	0.13281162370692098	0.7800157502396534
b0929	ompF	166	0.0034383961229120185	0.002220196770142711	393	0.007298166003902876	0.04319316625435335	0.0	0.0	0.31923076923076926	0.03021009718789221	0.061088550353830366	0.783567134268537	0.7546362517346483	0.0	0.37752885048436935	0.17472043320933073	0.7691016930015926
b2215	ompC	163	0.00297280672723045	0.0020881599190065306	387	0.007110571297118207	0.04236919626296973	0.0	0.0	0.31346153846153846	0.02841347890664371	0.0528166176777852	0.7715430861723446	0.7402208006039568	0.0	0.3707277808288967	0.17093750868409108	0.7558819433881507
b0653	gltK	195	0.0009731067528864905	0.0728955224419411	372	0.0024476137429645466	0.05273045185121293	0.0	0.0	0.375	0.9918854252687096	0.017288781963555	0.7414829659318637	0.921492175953578	0.0	0.6059721134308302	0.6834427126343547	0.8314875709427209
b0655	gltI	194	0.0005949927408986493	0.07283073660496572	328	0.0018135955045226549	0.044256807441843814	0.0	0.0	0.3730769230769231	0.9910038878942996	0.010570987958702028	0.6533066132264529	0.7732447784033348	0.0	0.558126440520202	0.6820404054856113	0.7132756958148938
b0118	acnB	64	0.00013106494528217563	0.0002615412214034652	71	7.084354407423369e-05	0.008213229924185073	0.0	0.0	0.12307692307692308	0.0035587772324931545	0.002328576238246613	0.1382765531062124	0.14265818457774043	0.0	0.08151408759867382	0.06331785015470812	0.14046736884197641
b1276	acnA	116	0.0005852646487954674	0.0006452812388930402	111	0.0001503046819348277	0.014250523980446331	0.0	0.0	0.2230769230769231	0.00878030686407547	0.01039815300221405	0.21843687374749496	0.24828134845474795	0.0	0.1397150904286483	0.11592861497049928	0.23335911110112145
b4032	malG	200	0.0004162227667163725	0.0730022012502074	318	0.00227971335776474	0.047112287167381084	0.0	0.0	0.38461538461538464	0.99333699803422	0.007394856361526418	0.6332665330661322	0.8232017293464651	0.0	0.5668841290124405	0.6889761913248024	0.7282341312062987
b3359	argD	65	0.0010976304792101191	0.0015163732214121292	64	3.0796263160820956e-05	0.0067465288739531745	1.0	1.0	0.125	0.02063320828497243	0.019501143091779263	0.12424849699398796	0.11699807858595786	1.0	0.27737595677298366	0.07281660414248621	0.12062328778997292
b3528	dctA	37	0.00039922279641081666	0.0008953345166056561	198	0.0010628645685562723	0.021758073251068537	0.0	3.0513926882397413e-15	0.07115384615384615	0.012182768269045246	0.007092824976862964	0.3927855711422845	0.3796267988396352	3.0513926882397413e-15	0.17114979688096282	0.041668307211445696	0.3862061849909598
b4033	malF	203	0.0007767340895718649	0.07304399194302437	273	0.0017512892210713056	0.038333519603864	0.0	0.0	0.3903846153846154	0.9939056417276656	0.013799910727610366	0.5430861723446894	0.6696161666161083	0.0	0.5193985192146158	0.6921451285561405	0.6063511694803989
b4035	malK	212	0.0012745662454531853	0.07321519212737447	281	0.002016145946148406	0.04005022374844943	0.0	0.0	0.4076923076923077	0.9962351533625596	0.022644687081230675	0.5591182364729459	0.69965010591112	0.0	0.5325391606877867	0.7019637305274337	0.6293841711920329
b4034	malE	267	0.0050387498140856725	0.07347210158651997	281	0.002449635595210908	0.03921468135543889	0.0	0.0	0.5134615384615385	0.9997309064569017	0.08952136715342679	0.5591182364729459	0.6850321942638294	0.0	0.5514685751310431	0.7565962224592201	0.6220752153683877
b4036	lamB	73	0.0012521196210005185	0.00362562623622651	26	0.00011705073001964208	0.0026183425592711178	0.0	0.0	0.14038461538461539	0.049333699803704445	0.022245887263195475	0.04809619238476954	0.04477497738082852	0.0	0.05651789699078358	0.09485915759415992	0.04643558488279903
b4213	cpdB	21	9.133836928325357e-05	0.0007996747743969292	147	0.0004921176299646716	0.014924324760622545	0.0	0.0	0.04038461538461539	0.010881131338500303	0.0016227707255763335	0.29058116232464926	0.2600695717153325	0.0	0.12038329615261949	0.025632873361557847	0.2753253670199909
b4123	dcuB	24	0.00015657759615416816	2.3795669747798123e-05	200	0.0012935753430943046	0.021033817548783917	0.0	0.0	0.046153846153846156	0.00032378638929636853	0.0027818488693632025	0.39679358717434865	0.36695586083025833	0.0	0.1620454161095499	0.02323881627157126	0.3818747240023035
b2835	lplT	58	0.0018617825815943675	0.0006075165558407705	5	2.3712791198180367e-06	0.0002600007638087975	0.0	0.0	0.11153846153846154	0.008266444867417545	0.03307751489880389	0.006012024048096192	0.003515512524751712	0.0	0.0258664885957454	0.05990245320293955	0.004763768286423952
b4138	dcuA	11	3.154212891346327e-05	1.6856588586993078e-05	161	0.0008250908738220023	0.015913253960835358	0.0	0.0	0.021153846153846155	0.00022936668781688317	0.0005603958536241096	0.3186372745490982	0.27737100345005267	0.0	0.12347829816816278	0.010691606420831518	0.29800413899957545
b4077	gltP	19	0.0002008560988080988	0.0012607647976863657	244	0.0018007989499102702	0.028948221510656607	0.0	0.0	0.03653846153846154	0.017155158309112455	0.0035685265650895557	0.48496993987975945	0.5054192815057448	0.0	0.20881656824661565	0.026846809923786998	0.4951946106927521
b3503	arsC	11	6.811016713048869e-05	2.7450817284399523e-05	115	9.735466919298311e-05	0.017524123085131984	0.0	0.0	0.021153846153846155	0.00037352178383516667	0.0012100849424047367	0.22645290581162322	0.30555334671748674	0.0	0.11070672409335827	0.01076368396884066	0.26600312626455497
b1064	grxB	29	0.0003533483649198443	7.641753545686576e-05	243	0.0010074470550219437	0.03056016394663233	0.0	0.0	0.05576923076923077	0.0010398092655826724	0.006277793078875533	0.48296593186372744	0.5336204024862264	0.0	0.21467907487695345	0.02840452001740672	0.508293167174977
b1747	astA	19	8.017546338915173e-05	0.0008413852562868202	167	0.0006498055907924419	0.020035261898275144	0.0	0.0	0.03653846153846154	0.01144868360620603	0.001424444030678429	0.3306613226452905	0.3494860132245058	0.0	0.14562689620289276	0.023993572572333786	0.3400736679348981
b1539	ydfG	53	0.0023459906861727823	0.0002502120015306369	175	0.0004480624526378661	0.021922637226197285	0.0	0.0	0.10192307692307692	0.0034046211513638486	0.041680238413167314	0.34669338677354705	0.38250586478396315	0.0	0.1669053899263902	0.052663849037220385	0.3645996257787551
b1748	astC	40	0.0002734039060427601	0.0009918782478040113	64	1.9072652021433213e-05	0.006867903740033736	0.0	0.0	0.07692307692307693	0.013496433589888219	0.004857453209050871	0.12424849699398796	0.11912154602867443	0.0	0.06675791070712551	0.045209755256482576	0.1216850215113312
b1090	plsX	97	0.00029236536225814633	0.0005124776855023516	172	0.0006816439858372367	0.022563263094052016	0.0	0.0	0.18653846153846154	0.006973256106780545	0.005194333496076837	0.34068136272545085	0.3937136890830124	0.0	0.18558135389074107	0.09675585882262104	0.3671975259042316
b3475	acpT	29	0.00037969761417604896	0.0020890720614543607	169	0.0006219511163206848	0.020086119610114705	0.0	0.0	0.05576923076923077	0.028425890379522475	0.006745929204683534	0.33466933867735466	0.3503757748266375	0.0	0.15384804693054907	0.04209756057437662	0.34252255675199605
b2836	aas	100	0.002524493325635433	0.0004600902094216391	198	0.0011067968154647688	0.02982852528613566	0.0097988602004175	0.0105206903152623	0.19230769230769232	0.0062604225574708705	0.04485162038583853	0.3927855711422845	0.5208202987615703	0.0105206903152623	0.22453893501685612	0.09928405743258159	0.4568029349519274
b2563	acpS	25	0.00017632101544400787	0.00011298108653112553	170	0.000774198533175386	0.018942936344028636	0.0	2.4863199681953447e-15	0.04807692307692308	0.0015373275244786383	0.0031326219683110636	0.3366733466933867	0.33037565021285703	2.4863199681953447e-15	0.1433326495015296	0.02480712530070086	0.3335244984531219
b3553	ghrB	51	0.0010965649898394471	9.539313324321697e-05	223	0.000840176387756288	0.027790049442308947	0.0	0.0	0.09807692307692309	0.0012980091967929022	0.01948221298636237	0.4428857715430861	0.485156926047675	0.0	0.20548352597289546	0.049687466136858	0.4640213487953806
b2578	eamB	10	5.026861326184412e-05	8.940697400962653e-06	23	4.089305450456057e-06	0.00306298100054419	0.0	0.0	0.019230769230769232	0.00012165558523592279	0.000893101493455228	0.04208416833667335	0.05255397878625063	0.0	0.02279811438778583	0.009676212408002578	0.04731907356146199
b1533	eamA	15	0.00010785276168643895	3.926679397357814e-05	23	4.081126839555145e-06	0.00306298100054419	0.0	0.0	0.028846153846153848	0.0005343011385979474	0.0019161750500991594	0.04208416833667335	0.05255397878625063	0.0	0.024803720421535152	0.014690227492375897	0.04731907356146199
b2019	hisG	37	0.0001724716953689346	0.00012964851596431742	97	4.6954774478732304e-05	0.013101270587188303	1.0	0.9999999999999994	0.07115384615384615	0.0017641203339361063	0.003064232703424686	0.19038076152304606	0.2281750262579007	0.9999999999999994	0.2982947508537457	0.03645898324389113	0.20927789389047338
b1134	nudJ	34	0.000426588742484674	5.163851539848511e-05	221	0.0003541621567568812	0.03171351230166602	0.0	0.0	0.06538461538461539	0.0007026424818762477	0.007579024331141324	0.438877755511022	0.5537983665170924	0.0	0.21175267597892117	0.03304362893324582	0.4963380610140572
b3735	atpH	154	0.0012192998055136342	0.000903050191643023	380	0.0020309368077073603	0.053977889084638124	0.5918670499221611	0.5903004379029563	0.29615384615384616	0.012287755041336635	0.021662791284924078	0.7575150300601202	0.9433162358891222	0.5903004379029563	0.5199146610094763	0.15422080059759138	0.8504156329746212
b4067	actP	29	0.000460277988515401	0.00012389452109606418	42	0.0002498776224271238	0.003505977485268211	0.0	0.0	0.05576923076923077	0.0016858260374457146	0.008177567119395657	0.08016032064128255	0.0603042539702823	0.0	0.03958392628364827	0.028727528403338243	0.07023228730578243
b0446	cof	9	3.361096917184772e-05	5.083783281025231e-05	205	0.0003778690351003591	0.026164912489488587	0.0	8.815134432692587e-15	0.01730769230769231	0.0006917476372694739	0.0005971520759384005	0.406813627254509	0.4567249654556105	8.815134432692587e-15	0.176307606531018	0.00899971997248089	0.43176929635505973
b1623	add	44	0.00025859373276330045	0.00014572435159987046	209	0.0005832827697123367	0.027078118510445007	0.0	8.815134432692587e-15	0.08461538461538462	0.001982863358634508	0.004594327035163438	0.41482965931863724	0.4727016113347219	8.815134432692587e-15	0.19482590372547742	0.043299123987009566	0.44376563532667956
b1096	pabC	46	0.0002495159084315887	0.000192119692241947	177	0.0007174066890458079	0.019471046099685557	1.0	0.9999999999985306	0.08846153846153847	0.0026141622456121714	0.004433045115056646	0.3507014028056112	0.339614992001907	0.9999999999985306	0.3562784191026399	0.04553785035357532	0.3451581974037591
b3739	atpI	15	8.476296523039598e-05	6.816327575685378e-05	306	0.0011155723529723215	0.04058944348908823	0.0	2.3733054241864654e-15	0.028846153846153848	0.0009274940009606834	0.0015059482632360777	0.6092184368737474	0.7090838181836144	2.3733054241864654e-15	0.2696151805808958	0.014886823923557266	0.659151127528681
b3732	atpD	178	0.0012191847151940933	0.0017062914972328042	354	0.0018315079161518835	0.04936588413925108	0.5918670499221673	0.5903004379029576	0.3423076923076923	0.0232174159765865	0.021660746523201116	0.7054108216432865	0.8626286712933611	0.5903004379029576	0.5047730078247767	0.1827625541421394	0.7840197464683238
b3737	atpE	123	0.0007583238937145917	0.0007511681719070885	379	0.0016140416100197405	0.05478037424452199	0.59186704992216	0.5903004379029644	0.23653846153846156	0.010221104625922774	0.013472824453531384	0.7555110220440882	0.95735580738612	0.5903004379029644	0.5099853666995113	0.12337978308219216	0.856433414715104
b3733	atpG	196	0.00353719490607617	0.0015783025583138892	339	0.001463973095492515	0.04720610569501629	0.59186704992216	0.5903004379029644	0.3769230769230769	0.02147587741761135	0.0628438671423768	0.6753507014028055	0.8248430954331204	0.5903004379029644	0.49777863781591575	0.19919947717034414	0.750096898417963
b3734	atpA	208	0.0023074607445355225	0.0017423547152008655	339	0.0014638815898935622	0.047017927580403705	0.59186704992216	0.5903004379029644	0.4	0.02370812623000843	0.040995693004290894	0.6753507014028055	0.8215508973634938	0.5903004379029644	0.5021820325798544	0.21185406311500424	0.7484507993831497
b3738	atpB	123	0.0005884478445117869	0.0007565295912387084	328	0.001883459706777377	0.044308636354995684	0.59186704992216	0.5903004379029644	0.23653846153846156	0.010294057168351196	0.010454707513344022	0.6533066132264529	0.7741515312857341	0.5903004379029644	0.4529182202243929	0.12341625935340637	0.7137290722560935
b1009	rutD	21	0.00012376166128878172	3.950426540105824e-05	191	0.0005173268824414791	0.022764115350629468	0.0	1.446586163313655e-14	0.04038461538461539	0.0005375323994483359	0.0021988218364760227	0.3787575150300601	0.39722762274498885	1.446586163313655e-14	0.16338145711182542	0.02046107389203186	0.3879925688875245
b1812	pabB	44	0.00026292171248942065	0.000157721171808871	201	0.0013488726780133316	0.02460403324869753	1.0	0.9999999999985306	0.08461538461538462	0.0021461034413755883	0.004671220446503588	0.3987975951903807	0.42941720103235664	0.9999999999985306	0.3829952568556056	0.0433807440283801	0.41410739811136865
b0180	fabZ	85	0.00027227860711580645	0.00046825273993261664	104	0.00018380402070400912	0.014068058256914656	1.0	1.0	0.16346153846153846	0.0063714896679864476	0.0048374604921837695	0.20440881763527052	0.2450890893335386	1.0	0.3238661870196668	0.08491651406476246	0.22474895348440455
b3360	pabA	35	0.00044734108285523073	6.92037143134624e-05	64	9.590658365957259e-05	0.006610974313247611	1.0	1.0	0.06730769230769232	0.000941651192042065	0.007947722510283327	0.12424849699398796	0.11462653573145161	1.0	0.2614248752450348	0.03412467174986719	0.11943751636271979
b3731	atpC	119	0.0008469951115682277	0.0011750792404153251	311	0.0016811071215097795	0.042105709774909086	0.5918670499221649	0.5903004379029528	0.22884615384615387	0.015989239572733766	0.015048209011666515	0.6192384769539078	0.735611073754733	0.5903004379029528	0.4379970764060962	0.12241769670944382	0.6774247753543203
b3736	atpF	117	0.00045436543074965516	0.000764864768464493	346	0.0018609398304992976	0.045702712564282356	0.5918670499221631	0.5903004379029746	0.225	0.01040747347336324	0.00807252117067966	0.68937875751503	0.7985410572121406	0.5903004379029746	0.46272554522070164	0.11770373673668162	0.7439599073635853
b0954	fabA	49	0.0002491922092420477	0.00019193266755839625	101	0.00018708056974592124	0.012715312511967109	0.0	1.3561745281065515e-14	0.09423076923076923	0.0026116174108738346	0.004427294086515169	0.19839679358717432	0.22142264470271303	1.3561745281065515e-14	0.1033323649863088	0.04842119332082153	0.20990971914494366
b3665	adeD	33	0.00020576663175561678	5.853209988702067e-05	196	0.0006856929223537348	0.022506913479256555	0.0	3.616465408284138e-15	0.06346153846153846	0.0007964431126006223	0.003655769956631814	0.3887775551102204	0.3927278459979345	3.616465408284138e-15	0.16915267653645952	0.03212899078706954	0.3907527005540774
b0347	mhpA	22	0.00027639148750911854	0.0008603855132892839	256	0.0008129331591892086	0.032608649744392336	0.0	3.616465408284138e-15	0.04230769230769231	0.011707219074034164	0.004910532323358748	0.5090180360721442	0.5694589005120322	3.616465408284138e-15	0.22649836959318126	0.027007455690863238	0.5392384682920882
b3654	xanP	36	0.000152376724563588	6.335164891941622e-05	193	0.0009699783345133289	0.02446768027810409	0.0	3.616465408284138e-15	0.06923076923076923	0.0008620224552194851	0.0027072137352723135	0.3827655310621242	0.42703168990371265	3.616465408284138e-15	0.17597800253036583	0.03504639584299436	0.4048986104829184
b0312	betB	12	0.00014470224544532465	0.0012325964020682516	265	0.0007392615588137524	0.03508614185238811	0.0	3.616465408284138e-15	0.023076923076923078	0.01677187247576016	0.0025708644644796283	0.5270541082164328	0.6128029139869834	3.616465408284138e-15	0.2359411635512206	0.01992439777634162	0.5699285111017081
b3580	lyxK	30	0.000261865444932648	0.0008374025699688437	263	0.000858909052348369	0.04234217860585008	0.0	3.616465408284138e-15	0.057692307692307696	0.011394491409211156	0.004652454181209414	0.5230460921843687	0.739748123540536	3.616465408284138e-15	0.2663762029652854	0.03454339955075943	0.6313971078624523
b3714	adeP	16	6.0416909412564885e-05	2.734522669273345e-05	187	0.00043819536337954835	0.023375462813068317	0.0	3.616465408284138e-15	0.03076923076923077	0.00037208501837398904	0.001073402040061199	0.37074148296593185	0.40792321792541636	3.616465408284138e-15	0.1619612033357913	0.01557065789380238	0.3893323504456741
b1093	fabG	59	8.969460533006278e-05	0.00038687012706002373	138	0.0004237678359985689	0.01586924932016622	1.0	0.9999999999999784	0.11346153846153847	0.005264120862955889	0.0015935666567504115	0.2725450901803607	0.2766011371275857	0.9999999999999784	0.3335743773264838	0.05936282966224718	0.2745731136539732
b1095	fabF	93	0.000569984890701458	0.00047624422511112436	171	0.0007988757643600654	0.019989729183565688	0.0	0.0	0.17884615384615385	0.006480229373928277	0.01012668391070934	0.3386773547094188	0.3486894130684252	0.0	0.1745386301995852	0.09266319161004107	0.343683383888922
b2323	fabB	60	0.00034740854132597006	0.00020180661272580918	165	0.0007454450928191876	0.0205856613503992	1.0	1.0	0.11538461538461539	0.0027459716479157565	0.006172262709559053	0.32665330661322645	0.35911531585375617	1.0	0.36077984189990275	0.05906529351626558	0.3428843112334913
b0474	adk	206	0.0019129485834904866	0.0011842426503681125	278	0.0014288166731640803	0.03729237594786537	0.0	0.0	0.3961538461538462	0.016113925595598492	0.033986559921978264	0.5531062124248497	0.6514012368856273	0.0	0.3233550442119843	0.20613388587472234	0.6022537246552385
b0120	speD	20	0.0001266455110426262	0.000833600727647719	180	0.0006889465069980039	0.022497313757916464	1.0	0.0	0.038461538461538464	0.0113427599466855	0.002250057992696269	0.3567134268537074	0.3925598977531034	0.0	0.15981552460300694	0.024902149204111983	0.3746366623034054
b0827	moeA	57	0.0006887015097024008	0.004883766273174082	233	0.000652188935871624	0.03225222204601953	1.0	1.0	0.10961538461538461	0.06645314313562196	0.01223587258427427	0.4629258517034068	0.5632231563450751	1.0	0.44044350715989766	0.08803426387550328	0.5130745040242409
b1397	paaJ	26	4.40783236828936e-05	4.8117165231262585e-05	66	5.418814703453962e-05	0.006628602597286635	0.0	0.0	0.05	0.0006547276608950629	0.0007831211994080589	0.1282565130260521	0.11493494461738175	0.0	0.05876923706086579	0.025327363830447532	0.12159572882171693
b3857	mobA	37	0.00030154064831123444	0.00019948092683199598	196	0.0005086743615185544	0.02650204210549052	1.0	1.0	0.07115384615384615	0.002714326165936206	0.0053573469779528505	0.3887775551102204	0.4626230874200086	1.0	0.38505376297000227	0.03693408615989118	0.4257003212651145
b3856	mobB	24	7.926216428327946e-05	0.000920250266838377	204	0.0004877139407242947	0.026138488502107496	0.0	0.0	0.046153846153846156	0.012521795532827529	0.001408217826243922	0.4048096192384769	0.4562626747135284	0.0	0.1839495871277358	0.029337820843336842	0.4305361469760026
b4214	cysQ	26	0.00016098032171732197	0.0009540785567017427	207	0.000459173601028414	0.030159841526526118	1.0	1.0	0.05	0.012982095240590269	0.0028600702588263325	0.4108216432865731	0.5266167150414073	1.0	0.40008409071371415	0.031491047620295136	0.4687191791639902
b3806	cyaA	83	0.001722156521620358	0.0011983373566519639	148	0.00012366944936032504	0.022277000439849624	0.0	0.0	0.15961538461538463	0.016305711500521944	0.03059683690519173	0.2925851703406813	0.3887054905498751	0.0	0.1714423514012926	0.08796054805795328	0.3406453304452782
b1245	oppC	190	3.219007569460984e-05	0.07297609902627128	319	0.0015099104285777813	0.047882008442238416	0.0	0.0	0.3653846153846154	0.9929818264870244	0.0005719076539379002	0.6352705410821643	0.8366680928524067	0.0	0.5660610151612422	0.67918322093582	0.7359693169672855
b0030	rihC	23	0.0001897703373402594	5.651884793898294e-05	145	0.0002414618249715391	0.018666620990410353	0.0	0.0	0.04423076923076923	0.0007690489023973421	0.003371570463049422	0.2865731462925851	0.32554148086397644	0.0	0.13142288905794564	0.022499909066583286	0.3060573135782808
b3551	bisC	40	0.0002969341726738115	0.0005838532854098608	276	0.001275517757153782	0.03538186939275343	0.0	0.0	0.07692307692307693	0.007944460028454281	0.005275505645869192	0.5490981963927856	0.6179767018077962	0.0	0.2503884870304226	0.042433768475765604	0.5835374491002909
b1246	oppD	191	0.00012054978824075961	0.07287388848018887	299	0.0013028876821224303	0.04367939211394653	0.0	0.0	0.36730769230769234	0.9915910531230137	0.0021417578271500587	0.595190380761523	0.7631428298755271	0.0	0.5434463912135512	0.679449372715353	0.679166605318525
b0775	bioB	49	0.00033203449226939787	0.00012630704748271013	132	0.00035493027869680244	0.017745139349506604	1.0	0.9999999999999996	0.09423076923076923	0.0017186531533072713	0.005899118389834988	0.2605210420841683	0.30942005204838147	0.9999999999999996	0.33317810330332515	0.04797471119203825	0.2849705470662749
b1329	mppA	192	0.000377018304519832	0.07280751803581897	277	0.0010630038625394425	0.040107405691110126	0.0	0.0	0.36923076923076925	0.9906879540816214	0.006698327027099442	0.5511022044088176	0.7006505106693067	0.0	0.522334287678103	0.6799593616561953	0.6258763575390622
b0933	ssuB	192	8.057956162636293e-05	0.07298616934462221	318	0.0009498653879567646	0.04810179476211419	0.0	0.0	0.36923076923076925	0.9931188527633373	0.001431623475579287	0.6332665330661322	0.8405132801607982	0.0	0.5672258870442073	0.6811748109970532	0.7368899066134652
b2393	nupC	11	0.00015723762339477294	2.5061969232766714e-05	190	0.0008736489694302432	0.02467908815604419	0.0	0.0	0.021153846153846155	0.0003410168577955277	0.002793575298163511	0.37675350701402804	0.43073029539293833	0.0	0.16579573308372159	0.010747431505820842	0.4037419012034832
b1247	oppF	189	0.0003635237464758357	0.07291992712509732	324	0.0015985270232406613	0.0496052683469127	0.0	0.0	0.3634615384615385	0.9922174984704653	0.006458574840584297	0.6452905811623246	0.8668167259350242	0.0	0.5735572688058704	0.6778395184660019	0.7560536535486744
b1244	oppB	188	4.557753946480944e-05	0.0727896817093083	279	0.001130805020023437	0.0395056379481526	0.0	0.0	0.3615384615384616	0.9904452561529473	0.0008097571411410488	0.5551102204408818	0.6901225137988576	0.0	0.5194432903862296	0.6759918588457045	0.6226163671198697
b1386	tynA	48	0.0017588404714778383	0.0001559251906798149	53	2.9262220478872167e-06	0.003553587011830396	0.0	0.0	0.09230769230769231	0.0021216656234370832	0.031248585347761565	0.10220440881763526	0.061137188192025106	0.0	0.05155419098815796	0.0472146789655647	0.08167079850483018
b0366	tauB	191	5.905230519437733e-05	0.07290957872247487	259	0.0006501997184890048	0.03744381425796569	0.0	0.0	0.36730769230769234	0.9920766883165332	0.0010491576858577048	0.5150300601202404	0.6540506677889298	0.0	0.5056930217066792	0.6796921903121127	0.5845403639545852
b0367	tauC	195	0.00047277332372470065	0.07294618977799153	321	0.0009092511845567283	0.04973664231854566	0.0	0.0	0.375	0.9925748529658035	0.008399566530410239	0.6392785571142284	0.8691151288959618	0.0	0.5751937077951987	0.6837874264829018	0.7541968430050952
b0004	thrC	71	0.00040185115948930555	0.0003162833908165411	112	0.00013790257860964275	0.01466009456985791	1.0	1.0	0.13653846153846155	0.004303650966427459	0.0071395220078415925	0.22044088176352702	0.25544683370053567	1.0	0.32334596559379036	0.0704210562524445	0.23794385773203136
b0934	ssuC	194	0.0003282855878058187	0.07295222743251448	304	0.0008600914093106647	0.045526398815557714	0.0	0.0	0.3730769230769231	0.9926570070038502	0.005832513167251995	0.6052104208416833	0.7954564276079227	0.0	0.5532801557060758	0.6828669650403867	0.7003334242248029
b0365	tauA	194	0.0012975302864237667	0.0728386630744094	313	0.0008721000000382327	0.04759817985270061	0.0	0.0	0.3730769230769231	0.9911117429346593	0.023052679622814484	0.6232464929859719	0.8317024785645553	0.0	0.5638275275124218	0.6820943330057911	0.7274744857752635
b0936	ssuA	208	0.0011951503648048472	0.07306452484678404	304	0.0008378428730289224	0.04574539191121661	0.0	0.0	0.4	0.9941850318368988	0.021233738240417337	0.6052104208416833	0.7992877373660956	0.0	0.5597366380089355	0.6970925159184493	0.7022490791038895
b1192	ldcA	21	7.530863085930192e-05	2.3610214628435734e-05	117	0.00020647214806017694	0.01654827640228527	0.0	0.0	0.04038461538461539	0.00032126291153292244	0.001337977046236975	0.23046092184368736	0.28848079515040564	0.0	0.11192951905804827	0.020352939148074154	0.2594708584970465
b1216	chaA	21	0.0002514010405261379	5.104394122808616e-05	194	0.0010232892318871286	0.024439653445109025	0.0	0.0	0.04038461538461539	0.000694552143346475	0.0044665374710170635	0.38476953907815625	0.42654135719061226	0.0	0.17047801275934607	0.02053958376398093	0.40565544813438426
b1243	oppA	199	0.000981638896470978	0.07290173786808311	322	0.0014976048436437896	0.049395119139590785	0.0	0.0	0.3826923076923077	0.9919699982355472	0.017440369001335172	0.6412825651302605	0.863140141035111	0.0	0.5758170024186453	0.6873311529639274	0.7522113530826857
b4266	idnO	14	0.00014944117532262536	2.787600295270373e-05	174	0.00029500188925105027	0.02334156368594912	0.0	0.0	0.026923076923076925	0.00037930726219235903	0.0026550590558193773	0.344689378757515	0.40733014874150186	0.0	0.15586438233685723	0.013651192092634643	0.37600976374950845
b4132	cadB	21	0.00016815634225600311	4.7230992014982794e-05	184	0.00043949519513107496	0.021249419294806764	0.0	0.0	0.04038461538461539	0.000642669549943303	0.002987563623856677	0.36472945891783565	0.3707278385308845	0.0	0.15529691647665578	0.020513642467279346	0.36772864872436006
b4265	idnT	9	4.215133422720841e-05	2.585464705775157e-05	184	0.0003373153456167688	0.02323994965600152	0.0	0.0	0.01730769230769231	0.0003518027820223881	0.0007488851811638233	0.36472945891783565	0.4055523994324008	0.0	0.15758827068799022	0.008829747544857349	0.3851409291751182
b0159	mtn	37	0.0006535851834223245	0.0014182985423770488	120	0.0005211713002847349	0.015702393146015438	1.0	1.0	0.07115384615384615	0.019298711439843397	0.011611975456218766	0.23647294589178355	0.2736819688939396	1.0	0.3201214944758825	0.04522627879684477	0.2550774573928616
b3942	katG	62	0.00030119218909502283	0.0002593483472063246	135	0.00020843124985038016	0.019258292410720183	0.0	0.0	0.11923076923076924	0.003528938912076095	0.005351156048340653	0.2665330661322645	0.33589284139178016	0.0	0.145037123133378	0.061379854071422664	0.30121295376202234
b2708	srlQ	98	0.0019284214638695288	0.0016330823195872847	8	1.7873944185665652e-06	0.00030123981402952724	0.0	0.0	0.18846153846153846	0.02222126266195275	0.03426146013660316	0.012024048096192383	0.004236994519666122	0.0	0.04538876874786994	0.10534140056174561	0.008130521307929253
b1732	katE	83	0.001544536499132819	0.000663071105963645	131	0.00014832142063257573	0.017202855996927918	0.0	0.0	0.15961538461538463	0.009022372621665104	0.027441136020330024	0.25851703406813625	0.2999327415275714	0.0	0.14541750656655145	0.08431887861852487	0.2792248877978538
b2964	nupG	9	2.931467200001793e-05	3.1446811970163086e-05	190	0.0010134547938704637	0.02073757091308896	0.0	0.0	0.01730769230769231	0.00042789506706963345	0.0005208215553309996	0.37675350701402804	0.3617729913760913	0.0	0.15125241715297627	0.00886779368738097	0.3692632491950597
b3197	kdsD	75	0.0016572457883987735	0.0012944663899149206	8	1.7909763713091836e-06	0.00030123981402952724	0.0	0.0	0.14423076923076925	0.017613734049021272	0.029443594971114463	0.012024048096192383	0.004236994519666122	0.0	0.0356211091791298	0.08092225163989526	0.008130521307929253
b2406	xapB	5	6.294442673007379e-06	0.0003950255246366081	196	0.0010387826713748876	0.023539418622872246	0.0	0.0	0.009615384615384616	0.0053750909160195535	0.00011183073864498681	0.3887775551102204	0.4107916439464328	0.0	0.16291193491761147	0.007495237765702085	0.39978459952832657
b0411	tsx	63	0.0008905107389736653	0.001157598111287699	7	0.0	0.0005437740180822081	0.0	0.0	0.12115384615384617	0.01575137479561055	0.015821333020916574	0.01002004008016032	0.008480158715696684	0.0	0.031081083949062747	0.06845261047472836	0.009250099397928502
b3196	yrbG	22	0.00012758142727236211	0.0005484785341990354	15	0.0	0.001216918130114247	1.0	0.9999999999999996	0.04230769230769231	0.007463117704905251	0.00226668602614076	0.026052104208416832	0.020256893490486323	0.9999999999999996	0.21921596154230008	0.02488540500629878	0.023154498849451578
b1094	acpP	242	0.005308055921855241	0.002124502084829249	322	0.0036161461063080377	0.03933832571667036	1.0	1.0	0.4653846153846154	0.028907984788413933	0.09430601648904272	0.6412825651302605	0.6871953667889901	1.0	0.5645541064184559	0.24714630008651467	0.6642389659596253
b4481	wecF	110	0.002335240306668285	0.000412745165980879	81	0.00026625527793493496	0.008195771202256046	0.0	0.0	0.21153846153846156	0.005616201115954944	0.04148924090263991	0.15831663326653306	0.14235274220070723	0.0	0.10356480762433136	0.10857733132720826	0.15033468773362013
b1270	btuR	16	8.553140119100958e-05	6.0342440643521575e-05	168	0.00013425580011396963	0.02363421031704701	1.0	0.0	0.03076923076923077	0.0008210763212119379	0.0015196007445662048	0.3326653306613226	0.41245003569523564	0.0	0.1553411346894002	0.015795153545221353	0.3725576831782791
b1927	amyA	28	0.0002712895603475485	0.00089310947275529	7	0.0	0.00085641232347563	0.0	0.0	0.05384615384615385	0.01215249221789931	0.00481988851061294	0.01002004008016032	0.013949802343631697	0.0	0.017993697697569033	0.03299932303202658	0.011984921211896008
b2874	yqeA	28	0.000260529057977488	8.89345123072987e-05	354	0.0014896354382127118	0.051901287687864936	0.0	0.0	0.05384615384615385	0.0012101270915679204	0.004628711151353578	0.7054108216432865	0.9069858521783729	0.0	0.3334905909518763	0.027528140468860884	0.8061983369108296
b1992	cobS	27	0.0008688600174250973	0.0004962223142495449	115	6.437882049587491e-05	0.015464318228649252	0.0	0.0	0.051923076923076926	0.006752070150663244	0.015436673677944678	0.22645290581162322	0.2695168204387481	0.0	0.1109289746648223	0.029337573536870085	0.24798486312518564
b0158	btuF	204	0.0007524495636679425	0.07322969796361206	266	0.000770293699394276	0.03698819365468093	1.0	0.0	0.39230769230769236	0.9964325334904937	0.01336845768076239	0.5290581162324649	0.6460795321778396	0.0	0.512775574841698	0.694370112899093	0.5875688242051522
b3571	malS	32	0.0002625628214760047	0.0017098997339040176	5	0.0	0.000715417293217803	0.0	0.0	0.06153846153846154	0.02326651305752103	0.0046648441794997645	0.006012024048096192	0.011483077839576559	0.0	0.020460015296731065	0.04240248729799129	0.008747550943836375
b1709	btuD	202	0.000664535613508942	0.07298835103221658	276	0.0007439918865179479	0.039907306137084916	1.0	0.0	0.38846153846153847	0.9931485388682565	0.011806527182032107	0.5490981963927856	0.6971497456262985	0.0	0.5255716038697759	0.6908050386648975	0.623123971009542
b0323	yahI	32	0.00035554347877586324	9.546229708188042e-05	328	0.00170082010567043	0.04417629340370623	0.0	0.0	0.06153846153846154	0.0012989503053991345	0.006316792751552059	0.6533066132264529	0.7718361759126566	0.0	0.297596040196594	0.031418705921930336	0.7125713945695548
b2901	bglA	30	0.000327536896074154	0.0005120636292147851	116	0.00018335318767112436	0.015918896096926656	0.0	0.0	0.057692307692307696	0.006967622065304195	0.005819211473405691	0.2284569138276553	0.2774697132792301	0.0	0.11411731137289945	0.03232996487880595	0.2529633135534427
b0521	ybcF	30	0.000372331633376954	0.00010151914016678232	307	0.0011731129579148917	0.04298219377483321	0.0	0.0	0.057692307692307696	0.0013813654411688066	0.006615060894906077	0.6112224448897795	0.7509452635915772	0.0	0.2842482763229667	0.02953683656673825	0.6810838542406783
b0032	carA	65	0.0004989177002439711	0.00022721390981009289	366	0.002066702149664281	0.05201916608303601	0.0	0.0	0.125	0.0030916873630811846	0.00886406276771821	0.7294589178356713	0.9090481484545995	0.0	0.35331975073067035	0.06404584368154059	0.8192535331451354
b1711	btuC	198	0.0012244135818340518	0.07280382053601821	324	0.0010814713379441675	0.04787089015689603	1.0	0.0	0.3807692307692308	0.9906376424021182	0.02175364561673489	0.6452905811623246	0.8364735771531868	0.0	0.570634206297372	0.6857034365856745	0.7408820791577557
b2662	gabT	53	0.00031408410355201154	0.0010115296007841472	65	2.0772763826544465e-05	0.0068833527479983826	0.0	0.0	0.10192307692307692	0.013763828485416022	0.005580201317504127	0.12625250501002003	0.11939182822543022	0.0	0.07226624772878863	0.05784345270424647	0.12282216661772513
b3966	btuB	51	0.0004833803296202493	0.0020407071439754692	166	0.0002185820455868142	0.02052512432060653	1.0	0.0	0.09807692307692309	0.02776779156721415	0.008588016781803853	0.3286573146292585	0.3580562134547622	0.0	0.16251164854563158	0.06292235732206862	0.3433567640420103
b1252	tonB	73	0.0011047311965009818	0.0029933365098512086	179	0.00036185347439442173	0.02310551514647694	1.0	0.0	0.14038461538461539	0.040730167746734644	0.019627298575401617	0.3547094188376753	0.40320045200398064	0.0	0.1878049307946012	0.09055739156567502	0.378954935420828
b0033	carB	98	0.0009222498235308795	0.0003871830764406536	321	0.001884724386099957	0.04228719466822184	0.0	0.0	0.18846153846153846	0.005268379148226303	0.016385228103346982	0.6392785571142284	0.7387861731368303	0.0	0.31435892957216466	0.09686495880488238	0.6890323651255293
b1302	puuE	27	8.792573154720759e-05	0.00011758395084371708	65	2.0731218298891376e-05	0.0068833527479983826	0.0	0.0	0.051923076923076926	0.0015999584498524882	0.001562139813742572	0.12625250501002003	0.11939182822543022	0.0	0.05983347372167593	0.026761517686464707	0.12282216661772513
b0444	queC	17	9.208355053507276e-05	1.909279564868737e-05	315	0.0013210534977819003	0.04385233202428502	0.0	0.0	0.032692307692307694	0.00025979463617467353	0.0016360100501908385	0.627254509018036	0.7661684337835583	0.0	0.2852750090260153	0.016476051164241185	0.6967114714007971
b3006	exbB	58	0.00032938103761486387	0.005685024595887582	197	0.00041671806348958507	0.025573624650696302	1.0	0.0	0.11153846153846154	0.07735582173028832	0.0058519755672861344	0.39078156312625245	0.4463803157312081	0.0	0.20521123242524206	0.09444714163437493	0.4185809394287303
b3005	exbD	61	0.00031673758714302456	0.006072357983651621	140	0.0002998159805849471	0.01579376459247497	1.0	0.0	0.11730769230769231	0.08262624615654988	0.005627344654155339	0.27655310621242485	0.27528052300992895	0.0	0.1503535135373192	0.09996696923212109	0.2759168146111769
b1444	patD	39	0.00026937696126745224	0.002106792318403698	161	0.0005255299499427277	0.018045762357852494	0.0	0.0	0.07500000000000001	0.02866700895596266	0.00478590816017205	0.3186372745490982	0.3146794866526619	0.0	0.14739675403154456	0.05183350447798134	0.31665838060088003
b3397	nudE	13	2.530860268879602e-05	3.094409838680765e-05	212	0.0011167877556754926	0.026447794124052532	0.0	0.0	0.025	0.00042105467057186493	0.0004496473921190386	0.42084168336673344	0.46167401265571434	0.0	0.18158735013860391	0.012710527335285934	0.4412578480112239
b3469	zntA	40	0.0011724588057990567	0.001361424344290439	271	0.0009146527893007853	0.03631848987951121	0.0	0.0	0.07692307692307693	0.018524827307235876	0.020830586772296742	0.5390781563126252	0.6343629864978356	0.0	0.25377780940815475	0.0477239521151564	0.5867205714052304
b2663	gabP	10	6.232750705960726e-06	4.058036691824695e-05	183	0.0004189642096600371	0.021349076038953068	0.0	0.0	0.019230769230769232	0.0005521748545025425	0.00011073468318754737	0.3627254509018036	0.37247134489653805	0.0	0.15099594797672267	0.009891472042635888	0.3675983978991708
b3915	fieF	25	0.0005538857742388763	0.0008964027257952388	197	0.0005675455927459771	0.02493958448530839	0.0	0.0	0.04807692307692308	0.01219730333362523	0.009840657620683256	0.39078156312625245	0.4352877090651607	0.0	0.17726869972039228	0.030137113205274155	0.41303463609570656
b2221	atoD	14	2.633300677993667e-05	3.5792242452504835e-05	65	0.0001072690395130238	0.006080920997118218	0.0	0.0	0.026923076923076925	0.00048702310425992963	0.00046784755250408347	0.12625250501002003	0.10535319112518328	0.0	0.051803159232508035	0.013705050013668427	0.11580284806760166
b0752	zitB	22	0.00021929191434135606	0.0012626578898598194	188	0.00034791459427038334	0.02468864914699585	0.0	0.0	0.04230769230769231	0.017180917511771778	0.0038960680132701995	0.3727454909819639	0.43089756604510515	0.0	0.17262633336930663	0.029744304909732046	0.40182152851353453
b3034	nudF	19	0.00020264275628471793	3.722713190963362e-05	213	0.000993593961393932	0.02857166872783597	0.0	0.0	0.03653846153846154	0.0005065475673781046	0.003600269363569988	0.4228456913827655	0.49883144663840734	0.0	0.19174442942540249	0.018522504552919823	0.4608385690105864
b2222	atoA	15	3.252651089243321e-05	4.1691841862394186e-05	65	0.0001072690395130238	0.006080920997118218	0.0	0.0	0.028846153846153848	0.0005672986338612687	0.0005778849578285374	0.12625250501002003	0.10535319112518328	0.0	0.05220382972304368	0.014706726240007559	0.11580284806760166
b0469	apt	79	0.0011840293238133141	0.000641076128717826	110	5.116379727578651e-05	0.014329581568428142	0.0	0.0	0.15192307692307694	0.0087230881577034	0.021036155341788744	0.2164328657314629	0.24966447018002877	0.0	0.1253487001984544	0.08032308254039017	0.23304866795574583
b3040	zupT	39	0.000449449701353136	0.001375821150900859	31	1.6714276870615305e-05	0.004268489047107392	1.0	0.9999999999999988	0.07500000000000001	0.018720723874938804	0.007985185455994541	0.058116232464929855	0.07364448270582422	0.9999999999999988	0.24509628780913834	0.04686036193746941	0.06588035758537704
b2224	atoB	70	0.00042794978538273753	0.00018610936859658406	63	8.089282093370967e-06	0.006531944446551328	0.0	0.0	0.13461538461538464	0.0025323800973364448	0.007603205412854987	0.1222444889779559	0.11324389899329527	0.0	0.07452723053679446	0.06857388235636054	0.11774419398562558
b2750	cysC	40	0.000630297000336669	0.0035010621298677495	240	0.00042480763880972937	0.03766741595232259	1.0	0.9999999999999996	0.07692307692307693	0.047638762755859265	0.011198224016820205	0.47695390781563124	0.6579626055190031	0.9999999999999996	0.451895670602714	0.062280919839468096	0.5674582566673172
b2342	fadI	60	0.00034424542573036624	0.0005720232978588853	64	1.2297570907657383e-05	0.006545556076528186	0.0	0.0	0.11538461538461539	0.007783490028653969	0.006116064953561882	0.12424849699398796	0.11348203604779039	0.0	0.07217972769100954	0.06158405270663468	0.11886526652088918
b1131	purB	102	0.0007159378003315135	0.0003788848007780216	87	0.00013909797187658255	0.010674546872971886	1.0	1.0	0.19615384615384618	0.005155464960785196	0.012719768404322773	0.17034068136272543	0.18571921175519743	1.0	0.31147384084651086	0.10065465555731569	0.17802994655896143
b3918	cdh	29	0.0005225550132223972	0.00042922128337815176	135	0.00035727713003197203	0.01519760491048926	0.0	2.034261792159828e-14	0.05576923076923077	0.005840390752902635	0.009284017052359771	0.2665330661322645	0.2648506398204664	2.034261792159828e-14	0.11859866549497693	0.030804810761066705	0.26569185297636544
b3845	fadA	63	0.00032330865075301914	0.00095935883813897	64	1.2272975765842069e-05	0.006545556076528186	0.0	6.66785809652388e-15	0.12115384615384617	0.013053943744084761	0.005744090001656897	0.12424849699398796	0.11348203604779039	6.66785809652388e-15	0.07438766458794319	0.06710389494896546	0.11886526652088918
b2794	queF	34	0.0003456875358863376	6.993409357047499e-05	145	0.00020737110549417828	0.01854447019738691	0.0	6.66785809652388e-15	0.06538461538461539	0.0009515894230291105	0.006141686323447623	0.2865731462925851	0.32340443848886785	6.66785809652388e-15	0.13526275791782083	0.03316810240382225	0.3049887923907265
b2223	atoE	5	0.0	7.4445783239599315e-06	173	0.0002974756441990328	0.02279613626714102	0.0	6.66785809652388e-15	0.009615384615384616	0.0001012979739968043	0.0	0.3426853707414829	0.39778783241519433	6.66785809652388e-15	0.15003797714921308	0.00485834129469071	0.3702366015783386
b1208	ispE	44	0.00034285746268855084	0.00011910027207667137	217	0.00048040505071373306	0.0336689127744738	1.0	0.9999999999999996	0.08461538461538462	0.001620590950733331	0.006091405592877928	0.4308617234468938	0.5880083259227233	0.9999999999999996	0.4210212049871469	0.043117987783058975	0.5094350246848085
b4177	purA	149	0.0015428326658438773	0.0007281627201621633	238	0.000661019767195347	0.03509005568853847	1.0	0.9999999999999916	0.2865384615384616	0.009908070690187032	0.027410864724660373	0.4729458917835671	0.6128713870070557	0.9999999999999916	0.4764527622038526	0.1482232661143243	0.5429086393953114
b0351	mhpF	59	0.00042988018603835963	0.00018891655062635575	246	0.0011089898978909986	0.030078599087416048	0.0	0.0	0.11346153846153847	0.0025705772711563384	0.007637502036466279	0.4889779559118236	0.5251953690907339	0.0	0.22604108814705048	0.058016057866347406	0.5070866625012788
b0677	nagA	36	0.0004042604283573557	0.0005134702528436198	131	0.0009958112900367298	0.016131164513429483	0.0	0.0	0.06923076923076923	0.0069867619168278725	0.007182326483329759	0.25851703406813625	0.28118337399100857	0.0	0.12318358784134839	0.03810876557379855	0.2698502040295724
b1661	cfa	26	0.0001805569229459837	8.585331549360984e-05	107	0.00036426718100096117	0.011250989135351355	0.0	0.0	0.05	0.0011682014134260768	0.003207879570832284	0.21042084168336672	0.1958041363882448	0.0	0.09147863589700753	0.02558410070671304	0.20311248903580575
b1241	adhE	192	0.006506531937790996	0.0008323066719913942	245	0.001071296179380598	0.03000167519296881	0.0	0.0	0.36923076923076925	0.01132515180146619	0.11559884018654744	0.4869739478957915	0.5238495765827755	0.0	0.2782758891021605	0.19027796051611773	0.5054117622392835
s0001		0	0.0	0.0	501	0.013340073097468774	0.057075638147072345	1.0	1.0	0.0	0.0	0.0	1.0	0.9975117171464918	1.0	0.5995023434292983	0.0	0.9987558585732459
b2130	yehY	196	0.0006095322332153543	0.07274165488132536	289	0.000908401524006399	0.041439484844243875	0.0	8.589105344674827e-15	0.3769230769230769	0.9897917577060968	0.01082930505677854	0.5751503006012023	0.7239553908652073	8.589105344674827e-15	0.5331641052191184	0.6833574173145869	0.6495528457332048
b2129	yehX	199	0.0006296993599741754	0.07292774285879869	334	0.001156385039864488	0.04988537246701162	0.0	3.616465408284138e-15	0.3826923076923077	0.9923238467355778	0.011187605989672491	0.6653306613226452	0.8717171801955137	3.616465408284138e-15	0.5824127991892096	0.6875080772139428	0.7685239207590795
b2128	yehW	193	0.0004238538614383384	0.07273747759246324	287	0.0008825672573381855	0.039452663427923	0.0	3.616465408284138e-15	0.37115384615384617	0.989734917562825	0.007530434839838235	0.5711422845691382	0.689195718386977	3.616465408284138e-15	0.524245353334558	0.6804443818583356	0.6301690014780577
b2131	osmF	199	0.001073862727174602	0.07285296942877142	320	0.0009116919262990124	0.04658631686449291	0.0	3.616465408284138e-15	0.3826923076923077	0.9913064087235179	0.019078871350794002	0.6372745490981964	0.8139998175332114	3.616465408284138e-15	0.5650546166094473	0.6869993582079128	0.7256371833157038
b0314	betT	12	2.8351381681987872e-05	0.0012128275693196583	185	0.0004272611025723633	0.024354933539799027	0.0	3.616465408284138e-15	0.023076923076923078	0.016502879039386593	0.000503707177872797	0.3667334669338677	0.42505917256306014	3.616465408284138e-15	0.16627448832264824	0.019789901058154834	0.39589631974846395
b1801	yeaV	16	7.011391021462954e-05	0.0017282710828891998	118	0.0002448244274026547	0.012030198015652565	0.0	3.616465408284138e-15	0.03076923076923077	0.023516491008024654	0.0012456846103650447	0.23246492985971942	0.20943648665833287	3.616465408284138e-15	0.09923742765906227	0.02714286088862771	0.22095070825902613
b0311	betA	26	0.00033455351208311833	0.001253973687408311	195	0.0003083971948549868	0.025780275022191376	0.0	3.616465408284138e-15	0.05	0.01706275203941928	0.0059438727646166905	0.3867735470941883	0.4499956880901264	3.616465408284138e-15	0.1807663974447475	0.03353137601970964	0.4183846175921574
b2599	pheA	194	0.004126748434294312	0.0008606703269291097	235	0.0012473082166584088	0.03067889322731629	1.0	0.9999999999999988	0.3730769230769231	0.011711094517803512	0.07331821887714167	0.4669338677354709	0.5356975851037727	0.9999999999999988	0.4774838940867938	0.1923940087973633	0.5013157264196219
b2600	tyrA	198	0.0054304514130029385	0.0012785270493416794	171	0.0007243587478152502	0.021207019807583494	1.0	1.0	0.3807692307692308	0.017396848305242095	0.09648056615021601	0.3386773547094188	0.36998605455522404	1.0	0.4213658976678231	0.19908303953723644	0.35433170463232144
b2329	aroC	67	0.0009081311004702776	0.00022920603329264775	107	0.00028214339976281535	0.018256275759552947	1.0	1.0	0.12884615384615386	0.0031187940793991247	0.016134386637213373	0.21042084168336672	0.31836244317571766	1.0	0.33214964655692747	0.0659824739627765	0.26439164242954216
b4039	ubiC	38	0.0005341123437925053	0.00011010733818409048	79	0.00015656591420628837	0.006146833578382438	1.0	1.0	0.07307692307692308	0.001498224586385501	0.00948935132602978	0.15430861723446893	0.10650633942433017	1.0	0.26707802086442156	0.03728757383165429	0.13040747832939956
b2539	hcaF	23	0.00014265177879915392	4.253607749589719e-05	174	0.00029140216281144316	0.021846171309965745	0.0	0.0	0.04423076923076923	0.0005787861023958564	0.002534434678473074	0.344689378757515	0.3811680846583201	0.0	0.15413340374980003	0.022404777666582543	0.3629287317079175
b2538	hcaE	21	0.00013516464562819255	0.00042618924224257837	183	0.00035244137135358335	0.023121138985314257	0.0	3.616465408284138e-15	0.04038461538461539	0.005799133933410248	0.0024014139050164227	0.3627254509018036	0.4034737928872511	3.616465408284138e-15	0.16247659862141678	0.02309187465901282	0.38309962189452734
b2540	hcaC	15	3.2986233340720734e-05	3.4400840405879324e-05	216	0.0006544905904421601	0.026115176601584297	0.0	3.616465408284138e-15	0.028846153846153848	0.00046809037198085015	0.0005860526548963243	0.4288577154308617	0.45585483029410795	3.616465408284138e-15	0.1828053579886216	0.014657122109067349	0.4423562728624848
b2542	hcaD	53	0.0010275404654985544	0.00023318602184210305	193	0.00039289138258309853	0.024142092730815756	0.0	3.616465408284138e-15	0.10192307692307692	0.003172949568003864	0.018255883040621063	0.3827655310621242	0.42133549777805607	3.616465408284138e-15	0.18183941106625295	0.05254801324554039	0.4020505144200901
b0110	ampD	33	9.760557307967914e-05	8.03972771236452e-05	107	8.012800454753047e-05	0.015440029626332452	0.0	3.616465408284138e-15	0.06346153846153846	0.0010939613948682144	0.0017341175224577286	0.21042084168336672	0.26909188850749816	3.616465408284138e-15	0.10881364600945505	0.032277749928203335	0.23975636509543244
b4169	amiB	51	0.00016564637397867648	0.0002003299381927934	63	0.0005529430064628436	0.004661020757790759	0.0	3.616465408284138e-15	0.09807692307692309	0.002725878617533398	0.002942970063948249	0.1222444889779559	0.08051187078035951	3.616465408284138e-15	0.0607118322905551	0.050401400847228245	0.1013781798791577
b2435	amiA	16	2.347352983437291e-05	4.2043362129462766e-05	64	0.000557035588366313	0.004726813570770609	0.0	3.616465408284138e-15	0.03076923076923077	0.0005720817510941494	0.00041704441780686624	0.12424849699398796	0.08166292371939814	3.616465408284138e-15	0.04745054664674293	0.01567065626016246	0.10295571035669304
b2817	amiC	55	0.0002774038756964952	0.00019834215994605483	64	0.0005559215171895805	0.004726813570770609	0.0	3.616465408284138e-15	0.10576923076923078	0.002698831026603838	0.004928519002191379	0.12424849699398796	0.08166292371939814	3.616465408284138e-15	0.06287589650184486	0.05423403089791731	0.10295571035669304
b1107	nagZ	40	0.0002987092501112152	0.0001291592675104304	104	0.0001117832821237369	0.014068064089619385	0.0	3.616465408284138e-15	0.07692307692307693	0.0017574631567256363	0.00530704270662092	0.20440881763527052	0.24508919137738833	3.616465408284138e-15	0.10563570981849302	0.03934027003990128	0.22474900450632943
b0433	ampG	36	0.0006516391097095779	0.00010888325090576526	192	0.005032861833056997	0.02360674088337644	0.0	3.616465408284138e-15	0.06923076923076923	0.0014815684970955908	0.011577400375936074	0.3807615230460921	0.41196945474834834	3.616465408284138e-15	0.1726886631044618	0.03535616886393241	0.39636548889722023
b3619	hldD	84	0.000691542638116532	0.00047088462045988174	5	8.112406281742666e-08	0.0006168193388773768	1.0	3.616465408284138e-15	0.16153846153846155	0.006407301523757451	0.012286349728263531	0.006012024048096192	0.009758095125104338	3.616465408284138e-15	0.03674317644708463	0.0839728815311095	0.007885059586600265
b2937	speB	32	0.00012379025305911745	0.00014504598296372572	118	0.00014897357393726005	0.016676511787773938	0.0	3.616465408284138e-15	0.06153846153846154	0.001973632833348304	0.002199329814538882	0.23246492985971942	0.2907242881805743	3.616465408284138e-15	0.11734026248242144	0.031756047185904926	0.26159460902014686
b3018	plsC	51	0.00032798029678592	0.00016586824326162501	25	2.2939502389820935e-05	0.002123423047582761	1.0	1.0	0.09807692307692309	0.0022569602013233023	0.005827089188985681	0.04609218436873747	0.036116302782268316	1.0	0.23650847408585043	0.0501669416391232	0.041104243575502894
b3958	argC	61	0.00018111776768666395	0.0014280163557349069	242	0.0005691919795193833	0.03479829321219999	1.0	1.0	0.11730769230769231	0.019430941199810044	0.0032178438655083466	0.48096192384769537	0.6077669684439908	1.0	0.44509350515983764	0.06836931675375117	0.5443644461458431
b0574	cusB	27	0.00011040759284266068	0.00011250590232074542	107	0.00011764650429745576	0.012877313884635805	0.0	3.955509040310776e-15	0.051923076923076926	0.001530861718667736	0.0019615656700723485	0.21042084168336672	0.22425687761802715	3.955509040310776e-15	0.09762633158862849	0.026726969320872332	0.21733885965069694
b0572	cusC	61	0.000818283144554349	0.0006514406386744979	107	0.00011788559859939436	0.014264905733234067	0.0	0.0	0.11730769230769231	0.008864117483259895	0.014538095464539961	0.21042084168336672	0.24853295889766852	0.0	0.1170251220743975	0.06308590489547611	0.22947690029051762
b0573	cusF	21	0.00020591286007086052	4.9952283226509064e-05	107	9.37689947226229e-05	0.015513522055680892	0.0	0.0	0.04038461538461539	0.0006796980120518581	0.0036583679341421413	0.21042084168336672	0.27037764713320883	0.0	0.10437256044264856	0.020532156698333623	0.24039924440828778
b1463	nhoA	10	4.5731342528739265e-05	2.3679163890631136e-05	63	6.125868503213369e-06	0.006580220155980516	0.0	0.0	0.019230769230769232	0.0003222011004087772	0.0008124896960531609	0.1222444889779559	0.11408848816201894	0.0	0.05117718949423057	0.009776485165589004	0.11816648856998742
b0575	cusA	23	5.724111221182431e-05	8.360706873922797e-05	107	9.85384939471205e-05	0.014187225367230744	0.0	0.0	0.04423076923076923	0.0011376368555137157	0.0010169789752728729	0.21042084168336672	0.2471739318315799	0.0	0.10059263592024592	0.022684203043141473	0.2287973867574733
b4006	purH	72	0.0001774060953100981	0.00025432259722716683	121	0.00013188295475157006	0.016961540614013296	1.0	0.9999999999997772	0.13846153846153847	0.0034605538043441155	0.0031519001298922376	0.23847695390781562	0.2957109007495493	0.9999999999997772	0.33522198938460496	0.0709610461329413	0.2670939273286825
b0614	citX	14	5.503801058865753e-05	5.565261538533574e-06	36	2.754801188835953e-05	0.0034648611133926183	0.0	1.130145440088793e-15	0.026923076923076925	7.572621229618798e-05	0.0009778373872677516	0.06813627254509017	0.059584918247328776	1.130145440088793e-15	0.03094399878555864	0.013499401567686557	0.06386059539620947
b0616	citE	30	0.0004536814483070715	8.405391785415641e-05	36	2.7603218325009547e-05	0.0034648611133926183	0.0	0.0	0.057692307692307696	0.0011437171072156602	0.008060369139793376	0.06813627254509017	0.059584918247328776	0.0	0.03731144311838846	0.02941801239976168	0.06386059539620947
b0522	purK	43	8.61888230403782e-05	0.00010580581630516689	278	0.0019889804889042764	0.044066270799788185	1.0	0.9999999999997292	0.0826923076923077	0.001439694011183478	0.00153128088446668	0.5531062124248497	0.769911317620926	0.9999999999997292	0.4814299063497992	0.04206600085174559	0.6615087650228879
b1993	cobU	19	5.646055058005206e-05	0.00045934986793504215	296	0.0008172051945383726	0.0440546775120825	0.0	6.328814464497241e-15	0.03653846153846154	0.006250348770965503	0.001003111062198796	0.5891783567134268	0.7697084916999424	6.328814464497241e-15	0.28033513174456054	0.02139440515471352	0.6794434242066846
b0523	purE	50	9.730502409940832e-05	0.00013894773088377055	2	4.194679259093802e-08	0.00035167019957948944	1.0	0.999999999999728	0.09615384615384616	0.001890654247625981	0.001728777794032396	0.0	0.005119279998505787	0.999999999999728	0.22063275607994118	0.04902225020073607	0.0025596399992528934
b0617	citD	15	8.484293857433949e-05	1.611234680625432e-05	36	2.754801188835953e-05	0.0034648611133926183	0.0	6.328814464497241e-15	0.028846153846153848	0.00021923983022039965	0.0015073691162948346	0.06813627254509017	0.059584918247328776	6.328814464497241e-15	0.0313573168937599	0.014532696838187123	0.06386059539620947
b0185	accA	68	0.0004771950883955695	0.0006949353532079232	297	0.0015691821557081138	0.04091063132060405	1.0	1.0	0.13076923076923078	0.009455947707898022	0.008478126179762215	0.5911823647294588	0.7147030367685222	1.0	0.48922211599502197	0.0701125892385644	0.6529427007489905
b0615	citF	21	0.00026752714040665065	2.4134248812045636e-05	36	2.7603218325009547e-05	0.0034648611133926183	0.0	0.0	0.04038461538461539	0.00032839341628346095	0.004753043164179401	0.06813627254509017	0.059584918247328776	0.0	0.03368683991866356	0.020356504400449425	0.06386059539620947
b0612	citT	20	9.044350666174925e-05	1.9843123516099055e-05	42	6.734242674382888e-05	0.0037896046823021994	0.0	0.0	0.038461538461538464	0.0002700043068228449	0.0016068720744729145	0.08016032064128255	0.0652663448727833	0.0	0.036831641656485434	0.019365771384180653	0.07271333275703293
b1249	clsA	21	0.00015607436094493575	3.069989172694531e-05	15	1.0262395131925298e-05	0.0016996056237760437	0.0	0.0	0.04038461538461539	0.0004177317637792847	0.002772908099213375	0.026052104208416832	0.028701567506579293	0.0	0.019111203772678158	0.020401173574197337	0.02737683585749806
b0727	sucB	88	0.00028527437858111125	0.0003762367750054533	246	0.0012036883214320744	0.027585248246405215	0.0053744753699345	0.0047329056427148	0.16923076923076924	0.005119433417535906	0.005068350945513151	0.4889779559118236	0.48157390523146804	0.0047329056427148	0.2299269938868623	0.08717510132415257	0.4852759305716458
b2316	accD	82	0.000753155357434423	0.000672268285911785	276	0.0013452596297681642	0.039135954159603206	1.0	1.0	0.1576923076923077	0.009147518151027344	0.01338099722434661	0.5490981963927856	0.6836548527876916	1.0	0.4799185750047624	0.08341991292166752	0.6163765245902386
b0726	sucA	113	0.0004879858666613743	0.0008219368026114195	220	0.0009525962027394292	0.02433073871701421	0.0053744753699273	0.0047329056427099	0.2173076923076923	0.011184049550527124	0.008669841438238412	0.4368737474949899	0.4246358813156634	0.0047329056427099	0.21894685526231653	0.11424587092910972	0.43075481440532665
b0116	lpd	113	0.000525247987887439	0.0005937169492707401	361	0.003913252691441952	0.03624539750837869	0.029125536078023	0.0289306448820465	0.2173076923076923	0.008078674368315117	0.009331862010458337	0.719438877755511	0.6330842269372867	0.0289306448820465	0.32136802325017033	0.11269318333800371	0.6762615523463988
b0789	clsB	18	6.931851834853634e-05	3.4618574479946564e-05	15	1.0262395131925298e-05	0.0016996056237760437	0.0	2.147276336168707e-15	0.03461538461538462	0.00047105306773248133	0.00123155321470092	0.026052104208416832	0.028701567506579293	2.147276336168707e-15	0.017968021879623076	0.017543218841558548	0.02737683585749806
b3256	accC	102	0.0007519824957385234	0.0005568353113098582	312	0.0014907937856723015	0.04585573071031218	1.0	0.9999999999999996	0.19615384615384618	0.007576827918382988	0.01336015947959387	0.6212424849699398	0.8012181275293471	0.9999999999999996	0.5252382573143031	0.10186533703611458	0.7112303062496435
b2587	kgtP	19	0.0005667377798989287	6.705994591779504e-05	200	0.0007679380720344757	0.024669579598947222	0.0	0.0	0.03653846153846154	0.0009124810516056928	0.010068993846890638	0.39679358717434865	0.43056394207717674	0.0	0.1729616943683185	0.018725471295033616	0.4136787646257627
b3255	accB	114	0.0006890423306392363	0.000985077813767184	207	0.000939616442302458	0.026776955339929402	1.0	1.0	0.21923076923076923	0.013403900452314472	0.012241927807761399	0.4108216432865731	0.4674327265302623	1.0	0.4221778078999838	0.11631733484154184	0.43912718490841773
b1488	ddpX	12	3.795765368844264e-05	0.0023656501549294507	78	0.0001635419227097513	0.009463859526277624	0.0	0.0	0.023076923076923078	0.032189273515778154	0.0006743778074923731	0.15230460921843686	0.1645380953755692	0.0	0.07442178023734146	0.027633098296350616	0.15842135229700305
b1592	clcB	11	0.0002414341100904333	0.0004345612964935138	184	0.00041658641596654115	0.02189218110250285	0.0	2.4863199681953447e-15	0.021153846153846155	0.005913052022105967	0.0042894591734534285	0.36472945891783565	0.38197303134665533	2.4863199681953447e-15	0.1547538776880891	0.01353344908797606	0.3733512451322455
b0155	clcA	16	0.0004174131796339334	8.021009436042977e-05	182	0.00033781939515637274	0.0231059939427157	0.0	2.4863199681953447e-15	0.03076923076923077	0.001091414409148443	0.0074160059315168236	0.3607214428857715	0.40320882860003826	2.4863199681953447e-15	0.1591581833328383	0.015930322589189607	0.3819651357429049
b4069	acs	111	0.0010698275443824631	0.001606165939767548	321	0.0023291102160512447	0.044842821853527115	0.0	2.4863199681953447e-15	0.21346153846153848	0.021855012939749886	0.019007179940504798	0.6392785571142284	0.7834971689052221	2.4863199681953447e-15	0.33161845548414826	0.11765827570064419	0.7113878630097252
b3035	tolC	168	0.004127176649962214	0.0018156634623146285	170	0.0003013866875418341	0.020928436668636075	0.0	0.0	0.3230769230769231	0.024705634381003098	0.0733258268063784	0.3366733466933867	0.36511221003743083	0.0	0.20991362283774878	0.1738912787289631	0.3508927783654088
b3542	dppC	191	5.871893692254141e-05	0.07308909895802605	283	0.0006707134287646606	0.03943755597256664	0.0	0.0	0.36730769230769234	0.9945194104374404	0.0010432348707624009	0.5631262525050099	0.6889314116929516	0.0	0.5227769533886188	0.6809135513725664	0.6260288320989807
b1119	nagK	48	0.000763179284784638	0.0013924790630759497	210	0.0006373291196248667	0.030689222535538185	0.0	0.0	0.09230769230769231	0.018947387183580817	0.013559088162326769	0.4168336673346693	0.5358782975562209	0.0	0.21279340887643264	0.05562753974563656	0.4763559824454451
b1487	ddpA	195	0.00037363696750100796	0.07298835727769425	324	0.0010435654553297641	0.047993912114673784	0.0	0.0	0.375	0.9931486238501327	0.006638252222058432	0.6452905811623246	0.8386258606573096	0.0	0.5704130131339534	0.6840743119250663	0.7419582209098171
b3541	dppD	192	0.00023824633809172544	0.07284724497181815	274	0.0008013565123744845	0.03680727010446142	0.0	0.0	0.36923076923076925	0.9912285163478366	0.00423282335742224	0.5450901803607214	0.6429142535586498	0.0	0.5096927438995954	0.6802296427893029	0.5940022169596857
b1485	ddpC	200	0.0006838431508739812	0.07312667942800083	288	0.0008954458003931632	0.04161254598062439	0.0	0.0	0.38461538461538464	0.9950307658567313	0.012149556148553207	0.5731462925851702	0.7269831156369869	0.0	0.5359551117388547	0.689823075236058	0.6500647041110785
b3543	dppB	189	0.0001726316156371308	0.0729198473896739	269	0.0008630459428262854	0.037165280178069554	0.0	0.0	0.3634615384615385	0.992216413514878	0.003067073940154568	0.5350701402805611	0.6491776815649625	0.0	0.507985154764388	0.6778389759882082	0.5921239109227618
b0463	acrA	54	0.0002799109322128904	0.00028037301363678505	135	0.0001686661701361649	0.014289070061417568	0.0	0.0	0.10384615384615385	0.0038150204093329344	0.0049730608300573315	0.2665330661322645	0.2489557166384575	0.0	0.12462999140524175	0.05383058712774339	0.257744391385361
b3784	wecA	61	0.0005518774257813708	0.00013337401735150588	21	3.824217349239722e-05	0.0019879869360111655	0.0	0.0	0.11730769230769231	0.0018148130295089209	0.009804976130974485	0.038076152304609215	0.03374683220918012	0.0	0.038189097970198115	0.059561252668600614	0.03591149225689467
b2470	acrD	52	0.0001731984353167257	0.0001803175957335373	113	0.00011208664053176032	0.011696103397368566	0.0	0.0	0.1	0.002453571757717253	0.0030771443890792107	0.2224448897795591	0.20359146233309897	0.0	0.10569798477407506	0.05122678587885863	0.21301817605632903
b0462	acrB	35	3.4329386984969165e-05	0.0001510665575313577	173	0.00037442883997219407	0.019622700514141517	0.0	0.0	0.06730769230769232	0.002055554465368074	0.0006099159056959765	0.3426853707414829	0.342268203676124	0.0	0.15086336423813346	0.0346816233865302	0.3424767872088035
b3816	corA	8	1.2780828448549051e-05	2.244176786411291e-05	14	9.017966160823304e-07	0.002139532460538603	1.27868680592673e-06	1.33969038945836e-06	0.015384615384615385	0.0003053639197031119	0.00022707165036633985	0.024048096192384766	0.03639813884139362	1.33969038945836e-06	0.015227510805697267	0.007844989652159249	0.030223117516889192
b1484	ddpD	193	0.00017031107960999696	0.07299974679447209	299	0.0008540959816693168	0.043761443143314226	0.0	0.0	0.37115384615384617	0.9933036003879824	0.0030258459440557976	0.595190380761523	0.7645783222070947	0.0	0.5448452299020892	0.6822287232709143	0.6798843514843088
b1486	ddpB	189	5.4701366432348145e-05	0.072809958643587	265	0.0005709120823196791	0.03568106513734027	0.0	0.0	0.3634615384615385	0.9907211632993183	0.0009718563708988137	0.5270541082164328	0.6232111662660952	0.0	0.5008895952486769	0.6770913508804284	0.575132637241264
b3544	dppA	199	0.0012765344481802281	0.07302156325637278	306	0.001017083132113976	0.04469486832724018	0.0	0.0	0.3826923076923077	0.9936004558033128	0.022679655318484176	0.6092184368737474	0.7809087047012996	0.0	0.5532839810141336	0.6881463817478103	0.6950635707875235
b1483	ddpF	201	0.0009340488576075331	0.0732171160869094	297	0.0008297484084162061	0.04343147443879878	0.0	0.0	0.38653846153846155	0.9962613325757345	0.01659485662244494	0.5911823647294588	0.7588054812246062	0.0	0.5465575280136522	0.691399897057098	0.6749939229770325
b3540	dppF	191	0.0004314900855063842	0.07280786558178981	319	0.0009187149599410007	0.04634387429330043	0.0	0.0	0.36730769230769234	0.9906926831208207	0.0076661044491032875	0.6352705410821643	0.8097582564647607	0.0	0.5606058345950876	0.6790001877142565	0.7225143987734626
b2416	ptsI	63	0.0006117741637926312	0.0007161779798795363	161	0.0015650593689173341	0.012506448198292297	0.0105552037046641	0.0105552037154242	0.12115384615384617	0.009744994978349773	0.010869136502622476	0.3186372745490982	0.21776853916706268	0.0105552037154242	0.1355719717127562	0.06544942056609797	0.26820290685808046
b0092	ddlB	37	5.851116272122065e-05	0.00013207793148302364	244	0.0006753444685330143	0.036550513760558984	0.0	0.0	0.07115384615384615	0.001797177259302758	0.0010395434331543162	0.48496993987975945	0.6384222713666705	0.0	0.23926864693191577	0.036475511706574454	0.561696105623215
b0381	ddlA	22	1.5194384319108613e-05	6.986894533771893e-05	284	0.0009814794733300548	0.0453196415117001	0.0	0.0	0.04230769230769231	0.000950702954554943	0.00026995229124072273	0.565130260521042	0.7918391844548461	0.0	0.2800455680476271	0.021629197631123625	0.678484722487944
b1325	ycjG	15	0.00012116100072477811	0.0004131305013919158	6	2.603339086090316e-07	0.0005260872393361379	0.0	0.0	0.028846153846153848	0.005621444354020104	0.002152616984522314	0.008016032064128254	0.00817072645804226	0.0	0.010130871344468892	0.017233799100086974	0.008093379261085257
b4053	alr	44	0.0002448085867333058	0.00010376629315125103	26	3.384012780394306e-06	0.003122067053602922	0.0	0.0	0.08461538461538462	0.0014119423301048708	0.004349412093055187	0.04809619238476954	0.05358769617800094	0.0	0.037542243101651995	0.04301366347274475	0.050841944281385235
b2174	lpxT	62	0.0010891148239226445	0.0009171503317339161	15	6.136529448776555e-06	0.0018062695735261837	0.0	0.0	0.11923076923076924	0.012479614883778165	0.01934984899469769	0.026052104208416832	0.030567665751792945	0.0	0.03766603081495144	0.0658551920572737	0.028309884980104887
b0914	msbA	213	0.00179927799586165	0.07308228385905523	328	0.0031462695595403573	0.04719108992348116	1.0	0.999999999999998	0.40961538461538466	0.9944266777549041	0.031967021983972235	0.6533066132264529	0.824580392758244	0.999999999999998	0.7763858136709967	0.7020210311851444	0.7389435029923485
b1102	fhuE	43	0.0002448694936207579	0.0031539549096349113	182	0.0004154192693061643	0.022485553503406582	0.0	0.0	0.0826923076923077	0.042915693612226954	0.004350494200330791	0.3607214428857715	0.39235415072840046	0.0	0.17573671898374132	0.06280400065226732	0.376537796807086
b2765	queD	26	0.00043862976906882875	0.00010212108405844963	175	0.0006044282147551227	0.0231998265464925	0.0	2.0342617921598275e-15	0.05	0.0013895560590966756	0.007792952230226723	0.34669338677354705	0.404850440950433	2.0342617921598275e-15	0.16058667675661575	0.025694778029548337	0.37577191386199005
b1101	ptsG	113	0.001671085317160223	0.0021265602023597028	122	0.00033441687782594516	0.009899988357899799	0.0	2.0342617921598275e-15	0.2173076923076923	0.02893598948216687	0.02968947610853882	0.24048096192384766	0.1721682201673445	2.0342617921598275e-15	0.1317785727762107	0.12312184089492959	0.20632459104559608
b0783	moaC	40	0.0002650449187364158	0.0013472776595882835	169	0.00035955854044945987	0.023429924510126154	1.0	1.0	0.07692307692307693	0.018332334134790122	0.004708942566670849	0.33466933867735466	0.4088760316694138	1.0	0.36776015628092706	0.04762770552893353	0.37177268517338424
b1190	dadX	33	0.0005025842341773029	8.223539036016717e-05	26	3.384012780394306e-06	0.003122067053602922	0.0	0.0	0.06346153846153846	0.001118972502110799	0.00892920454743284	0.04809619238476954	0.05358769617800094	0.0	0.033252879905283944	0.032290255481824626	0.050841944281385235
b2415	ptsH	123	0.003943256143446086	0.000994965033533446	172	0.001697864925251483	0.013251284049317384	0.0105552037046632	0.0105552037154403	0.23653846153846156	0.013538435316103874	0.07005818784862589	0.34068136272545085	0.23079952927971134	0.0105552037154403	0.16642259851503358	0.1250384484272827	0.2857404460025811
b0870	ltaE	25	0.00010610287269342562	6.337105306385763e-05	116	0.00044958013709602056	0.010531450561604901	0.0	3.2774217762575003e-15	0.04807692307692308	0.0008622864863618172	0.001885085501937159	0.2284569138276553	0.183215725092984	3.2774217762575003e-15	0.09212236969678549	0.024469604781642448	0.20583631946031966
b2417	crr	261	0.00575754374237132	0.07314593322612574	119	0.0003209576860496835	0.010138763084458734	0.0	7.119916272559396e-15	0.5019230769230769	0.9952927512448788	0.10229187919231233	0.2344689378757515	0.17634561186600897	7.119916272559396e-15	0.38160607558194465	0.7486079140839779	0.20540727487088023
b2551	glyA	197	0.002509799034850865	0.0009666370703356714	308	0.0031711510518708822	0.03435930940015332	0.0139298169888542	0.0142639323846969	0.3788461538461539	0.013152978255338583	0.044590553047923226	0.6132264529058116	0.6000868954366024	0.0142639323846969	0.32391528256572066	0.19599956605074623	0.6066566741712069
b0781	moaA	68	0.0009691520915014315	0.0018373593716265746	170	0.0004121985918499877	0.023922695955390188	1.0	1.0	0.13076923076923078	0.02500084944378848	0.017218521143533793	0.3366733466933867	0.4174971255952685	1.0	0.3819881105003349	0.07788504010650962	0.37708523614432765
b2436	hemF	24	0.0001104913759702131	3.883983426465254e-05	245	0.0007219318157005071	0.03165542552276273	8.54447898077872e-05	4.254482298008955e-05	0.046153846153846156	0.0005284915209661158	0.0019630542099680812	0.4869739478957915	0.5527821315432755	4.254482298008955e-05	0.21729619238737188	0.023341168837406136	0.5198780397195335
b0679	nagE	118	0.0040243792698327376	0.0012806574295427873	84	7.518651909770958e-05	0.0069405905366511705	0.0	0.0	0.22692307692307695	0.017425836273240305	0.07149946861267413	0.16432865731462923	0.1203932100157641	0.0	0.1058141561053421	0.12217445659815862	0.14236093366519667
b3867	hemN	29	0.00019648572221280588	0.00014146574385050727	88	0.00020579139852339363	0.010721992312332455	0.0	1.5822036161243105e-15	0.05576923076923077	0.0019249167136688441	0.003490879906251235	0.1723446893787575	0.18654927525220413	1.5822036161243105e-15	0.08331762242277257	0.02884707374144981	0.1794469823154808
b2290	alaA	41	0.0005758369514099763	0.00015129698882504508	131	0.0004880273416641001	0.012785496087430494	0.0	1.5822036161243105e-15	0.07884615384615384	0.0020586899314992946	0.010230655033432463	0.25851703406813625	0.22265051454366527	1.5822036161243105e-15	0.11241447847789124	0.04045242188882657	0.24058377430590078
b3959	argB	58	0.00027427703246999833	0.0006154217451434172	164	0.00011552597891306832	0.027639408004521124	1.0	1.0	0.11153846153846154	0.008374010350051002	0.004872965682253182	0.3246492985971944	0.48252143651844964	1.0	0.3854166414008313	0.059956235944256274	0.40358536755782204
b2379	alaC	19	0.00013766319050962438	0.0005413790897248343	150	0.0006565725136827841	0.013971665471300874	0.0	0.0	0.03653846153846154	0.007366515948506932	0.002445804510212716	0.29659318637274545	0.24340268630321302	0.0	0.11678017003258538	0.021952488743484235	0.26999793633797925
b0038	caiB	27	0.0001354706059431997	0.0004302973710186614	7	1.347350230488676e-07	0.000871426924743804	0.0	1.5822036161243105e-15	0.051923076923076926	0.005855033019137621	0.002406849774369881	0.01002004008016032	0.01421248454455109	1.5822036161243105e-15	0.016402126913385506	0.028889054971107275	0.012116262312355705
b2818	argA	84	0.0007981348976358387	0.0011181305290804582	211	0.0013012888015710006	0.02475527986186147	1.0	1.0	0.16153846153846155	0.015214341542393437	0.014180129961897287	0.4188376753507014	0.4320632781753922	1.0	0.4055307513213897	0.08837640154042749	0.4254504767630468
b0037	caiC	44	0.00048695893237182255	0.00017329250627936418	265	0.0013947374606733402	0.03985502042241769	0.0	0.0	0.08461538461538462	0.0023579817460487986	0.008651596324873107	0.5270541082164328	0.6962350009480937	0.0	0.26205249510519196	0.04348668318071671	0.6116445545822633
b2697	alaS	113	0.001085566735030199	0.0006313077049030567	184	0.0004925338194094874	0.025362149471486375	0.0	1.5822036161243105e-15	0.2173076923076923	0.008590169743991028	0.019286811578641497	0.36472945891783565	0.44268053279841485	1.5822036161243105e-15	0.2066615707535871	0.11294893102584166	0.40370499585812525
b3457	livH	191	0.0002473715914000223	0.07275330207601695	324	0.001764865841815819	0.045413362883466625	0.0	1.5822036161243105e-15	0.36730769230769234	0.989950240453361	0.0043949479283815745	0.6452905811623246	0.7934788507882438	1.5822036161243105e-15	0.5592054729423247	0.6786289663805267	0.7193847159752842
b0036	caiD	66	0.0012110930664577296	0.0004164515906462102	100	0.00020057995731223035	0.014856513640669597	0.0	1.5822036161243105e-15	0.12692307692307692	0.005666634235606793	0.021516985573733136	0.19639278557114226	0.25888320826032646	1.5822036161243105e-15	0.11757314099803078	0.06629485557934185	0.22763799691573436
b2677	proV	193	0.0002682205762641839	0.07275777493600073	270	0.0013317068702742257	0.0362466086326879	0.0	1.5822036161243105e-15	0.37115384615384617	0.9900111024168747	0.004765363149947706	0.5370741482965932	0.6331054156983765	1.5822036161243105e-15	0.5062689025131385	0.6805824742853605	0.5850897819974848
b3670	ilvN	55	0.0006388206959821463	0.00022187342320286737	206	0.0007517018325353736	0.02338898179469995	0.0	1.5822036161243105e-15	0.10576923076923078	0.0030190196510997153	0.011349660963590164	0.40881763527054105	0.4081597340863026	1.5822036161243105e-15	0.18515312395543512	0.05439412521016525	0.4084886846784218
b2678	proW	193	0.00039359491697258373	0.07274138992421811	307	0.0018017845119674505	0.0455298110000857	0.0	1.5822036161243105e-15	0.37115384615384617	0.9897881524490906	0.006992836789301663	0.6112224448897795	0.7955161241743346	1.5822036161243105e-15	0.5535361135334105	0.6804709993014684	0.703369284532057
b2679	proX	194	0.0005226587755028872	0.07279332173220147	314	0.0017551032231228653	0.04643911035148487	0.0	1.5822036161243105e-15	0.3730769230769231	0.9904947857472822	0.009285860553535889	0.625250501002004	0.8114244224137561	1.5822036161243105e-15	0.5600493264479935	0.6817858544121027	0.71833746170788
b3460	livJ	193	0.0003829429044970964	0.0728814335245763	344	0.0018822251164992256	0.04984373144497301	0.0	1.5822036161243105e-15	0.37115384615384617	0.991693718133294	0.006803586924766759	0.6853707414829658	0.870988665656748	1.5822036161243105e-15	0.5838413942853712	0.68142378214357	0.778179703569857
b3456	livM	192	0.0003223722641937205	0.07289944860437762	339	0.0017229726133993148	0.048066326210640636	0.0	1.5822036161243105e-15	0.36923076923076925	0.9919388483483113	0.005727453612063159	0.6753507014028055	0.8398927537147017	1.5822036161243105e-15	0.575282614539318	0.6805848087895403	0.7576217275587536
b3455	livG	187	3.3565423724431317e-05	0.07271079427013799	241	0.001265122936841119	0.030220576123353788	0.0	1.5822036161243105e-15	0.3596153846153846	0.9893718390413254	0.0005963428889633035	0.4789579158316633	0.5276792738987285	1.5822036161243105e-15	0.4711248826774207	0.674493611828355	0.5033185948651959
b3454	livF	192	0.00046980049162965206	0.07275289606820776	337	0.0016719522461426698	0.0474418249465854	0.0	1.5822036161243105e-15	0.36923076923076925	0.9899447159270939	0.008346749462033006	0.6713426853707414	0.8289670312403599	1.5822036161243105e-15	0.5718970403537933	0.6795877425789316	0.7501548583055506
b3671	ilvB	49	0.00021423813577978052	0.00019781603409358046	213	0.0009862826003993652	0.02268975993856765	0.0	1.5822036161243105e-15	0.09423076923076923	0.002691672060628362	0.003806279636626019	0.4228456913827655	0.3959267661360247	1.5822036161243105e-15	0.18313897976203788	0.04846122064569879	0.4093862287593951
b4208	cycA	11	0.00011645082776502591	0.00041054929504008336	198	0.0017994564116659364	0.021584805639564972	0.0011365097687922	0.0006478893703036	0.021153846153846155	0.005586322019009298	0.002068933305347099	0.3927855711422845	0.3765954617614886	0.0006478893703036	0.15935381808938642	0.013370084086427727	0.38469051645188657
b4111	proP	27	0.00048622042340261916	0.001278770304431286	163	0.0007506607944533001	0.019339073292044602	0.0	0.0	0.051923076923076926	0.017400158264069748	0.008638475543921978	0.3226452905811623	0.3373061123351442	0.0	0.14585492762069063	0.034661617593573335	0.32997570145815325
b0040	caiT	26	0.00015537810954850218	0.0004339463596969601	10	2.0250321471608682e-05	0.0015523753790708196	0.0	1.5822036161243105e-15	0.05	0.0059046846104251075	0.0027605380909393033	0.01603206412825651	0.02612575719831313	1.5822036161243105e-15	0.019612501187399267	0.027952342305212555	0.021078910663284822
b0078	ilvH	58	0.0001970055132405324	0.0017823302770760608	212	0.0008909410653651087	0.02389422276891789	0.0	1.5822036161243105e-15	0.11153846153846154	0.024252071535051198	0.0035001148167256714	0.42084168336673344	0.41699898387600853	1.5822036161243105e-15	0.19472624006325126	0.06789526653675637	0.418920333621371
b0720	gltA	167	0.0024353625466047506	0.0011055366599758022	236	0.001578373429807823	0.028610129985746694	1.0	1.0	0.3211538461538462	0.015042977447670068	0.04326807099587451	0.468937875751503	0.499504330832777	1.0	0.46092780603715927	0.16809841180075813	0.48422110329213996
b0007	yaaJ	19	0.00014427028806828762	0.0008434501885607069	50	0.00020495024893072976	0.005239433268280756	0.0	7.235191107448453e-13	0.03653846153846154	0.011476781027803721	0.0025631900578567267	0.09619238476953906	0.09063126513396667	7.235191107448453e-13	0.04696777849409891	0.024007621283132632	0.09341182495175288
b0077	ilvI	53	0.0001460934003091471	0.0009929378202687372	196	0.0007900182819182479	0.021294992057200764	0.0	5.085654480399569e-15	0.10192307692307692	0.013510851135020907	0.002595580532934423	0.3887775551102204	0.37152513932587844	5.085654480399569e-15	0.17514732449884035	0.05771696402904891	0.38015134721804944
b0337	codA	42	0.0008349609399502179	8.11352794981101e-05	208	0.0006986326907393363	0.02498927011381733	0.0	5.085654480399569e-15	0.08076923076923077	0.001104003353201505	0.014834402901906591	0.4128256513026052	0.4361569649326779	5.085654480399569e-15	0.1861711700715441	0.04093661706121614	0.4244913081176416
b1849	purT	37	0.00023896767091116	0.00010879240780743	291	0.0019719767132426523	0.03989289169835439	0.0	5.085654480399569e-15	0.07115384615384615	0.0014803323999773245	0.004245638976881635	0.5791583166332664	0.6968975633389953	5.085654480399569e-15	0.26973801170521805	0.03631708927691174	0.6380279399861308
b0336	codB	24	0.00013416645841594837	2.8944925298221645e-05	178	0.0003812161756420733	0.020323996266302623	0.0	2.825363600221983e-15	0.046153846153846156	0.0003938520306465218	0.002383679528988193	0.35270541082164325	0.3545374546793844	2.825363600221983e-15	0.15075811273710463	0.02327384909224634	0.35362143275051383
b3846	fadB	167	0.003097478807085162	0.0015632490865403973	149	0.00045986367563679025	0.016362272573406916	0.0032203008013521	0.0031099146209825	0.3211538461538462	0.02127104564260469	0.05503161454134355	0.2945891783567134	0.2852266364633703	0.0031099146209825	0.1850701242475034	0.17121244589822543	0.28990790741004185
b0356	frmA	21	0.0001072025172762864	3.980660215173831e-05	146	0.00044820301223520275	0.016154972995328313	0.0	4.068523584319655e-15	0.04038461538461539	0.0005416462792378868	0.0019046224287687643	0.2885771543086172	0.2815999061595311	4.068523584319655e-15	0.12222066442640114	0.020463130831926638	0.28508853023407416
b1478	adhP	43	0.0005399189815954602	9.389951478187494e-05	189	0.00045803959205853147	0.024670074517736847	0.0	2.3733054241864654e-15	0.0826923076923077	0.0012776856112956256	0.009592515438927815	0.374749498997996	0.4305726007391427	2.3733054241864654e-15	0.17785841860814885	0.041984996651801665	0.4026610498685693
b3115	tdcD	34	0.0002555734223454407	0.00014915824136825837	177	0.0006194604513042142	0.027724696706045816	0.0	2.3733054241864654e-15	0.06538461538461539	0.002029588110706298	0.004540666439219838	0.3507014028056112	0.48401357230213854	2.3733054241864654e-15	0.18042583572061474	0.033707101747660846	0.41735748755387486
b1385	feaB	20	0.00025261686887296516	5.768449609043213e-05	211	0.000532410267924833	0.027047255159354175	0.0	2.3733054241864654e-15	0.038461538461538464	0.0007849098136533762	0.004488138586342854	0.4188376753507014	0.47216165340660343	2.3733054241864654e-15	0.1860491554064998	0.01962322413759592	0.4454996643786524
b2296	ackA	105	0.0006067103397577388	0.000849717484388639	183	0.0004833183769080969	0.029192048080518798	0.0	2.3733054241864654e-15	0.20192307692307693	0.011562059782648017	0.010779169652242107	0.3627254509018036	0.5096850557923913	2.3733054241864654e-15	0.21717912867998446	0.10674256835286247	0.4362052533470975
b1300	puuC	28	0.00019099436084313648	0.00010613404936504457	313	0.0022752270046327676	0.039333396871893744	0.0	2.3733054241864654e-15	0.05384615384615385	0.0014441602606495318	0.003393317178295963	0.6232464929859719	0.6871091360745817	2.3733054241864654e-15	0.27312918863347185	0.02764515705340169	0.6551778145302768
b2428	murQ	32	0.00026114784537718295	0.0004875409518142478	113	0.00020830908614577658	0.01463314054454024	0.0	2.3733054241864654e-15	0.06153846153846154	0.0066339433222574965	0.004639704889094466	0.2224448897795591	0.2549752698829143	2.3733054241864654e-15	0.10911851290463896	0.03408620243035952	0.2387100798312367
b3588	aldB	46	0.0003199002169407876	0.0017143084712255953	185	0.001372941179667331	0.019698983845645317	0.0	2.3733054241864654e-15	0.08846153846153847	0.02332650250744361	0.005683533779184816	0.3667334669338677	0.34360278946065337	2.3733054241864654e-15	0.1644248594727011	0.05589402048449104	0.3551681281972605
b2780	pyrG	170	0.0008243034732406791	0.0010167385020816812	321	0.0018424040524433918	0.04129601463269404	1.0	1.0	0.3269230769230769	0.013834705723216222	0.014645056134269316	0.6392785571142284	0.7214453627756726	1.0	0.5402963405072388	0.17037889132314657	0.6803619599449505
b3794	wecG	16	4.268032796650966e-06	1.7052448176647045e-05	120	0.00033300602091482494	0.016089858434625112	0.0	4.520581760355172e-15	0.03076923076923077	0.00023203173864399824	7.582835923779438e-05	0.23647294589178355	0.2804607193232032	4.520581760355172e-15	0.10958698554457322	0.015500631253937384	0.25846683260749337
b4084	alsK	22	0.00025881779921780186	0.0012673323779408736	251	0.0004989082499525694	0.04131002734535287	0.0	2.3733054241864654e-15	0.04230769230769231	0.017244523017883387	0.004598307930441094	0.4989979959919839	0.7216905168184825	2.3733054241864654e-15	0.2560481456272089	0.02977610766278785	0.6103442564052333
b1819	manZ	32	0.00014740571806625758	0.0004946828157737865	138	0.0008971342007389313	0.01085628947008666	0.0	2.3733054241864654e-15	0.06153846153846154	0.0067311222782950285	0.0026188959353836247	0.2725450901803607	0.18889881969537692	2.3733054241864654e-15	0.1059426987384993	0.03413479190837829	0.23072195493786882
b1817	manX	57	0.0008393945571635086	0.001362021184025259	145	0.0009515653578739141	0.011273168739557042	0.0	2.3733054241864654e-15	0.10961538461538461	0.018532948473178004	0.014913173130438126	0.2865731462925851	0.19619217115148693	2.3733054241864654e-15	0.1221827301065274	0.0640741665442813	0.24138265872203601
b4090	rpiB	55	0.0007433361057635068	0.0014291276710850797	19	7.292970563793791e-05	0.0011293458610461674	0.0	2.3733054241864654e-15	0.10576923076923078	0.019446062807582206	0.013206542673825629	0.03406813627254509	0.018724806426205203	2.3733054241864654e-15	0.03560164725511313	0.0626076467884065	0.026396471349375145
b0123	cueO	25	0.0001761475387624741	8.155446883481614e-05	134	0.00026361340323982835	0.012183289857623434	0.0	2.3733054241864654e-15	0.04807692307692308	0.0011097072397994502	0.0031295398804374545	0.26452905811623245	0.2121148462946259	2.3733054241864654e-15	0.10516610694551665	0.024593315158361266	0.23832195220542918
b0484	copA	104	0.0033507526310913444	0.0009462702337409416	300	0.0010697610141769986	0.043682907265213254	0.0	2.3733054241864654e-15	0.2	0.012875847813023256	0.059531424975635606	0.597194388777555	0.7632043278570463	2.3733054241864654e-15	0.3146549128895254	0.10643792390651163	0.6801993583173007
b1818	manY	34	0.0001491180302424888	0.00010158873126655244	142	0.00090474540972743	0.011136721686567019	0.0	2.3733054241864654e-15	0.06538461538461539	0.0013823123634937736	0.002649317871908666	0.2805611222444889	0.1938050140403382	2.3733054241864654e-15	0.10822661280658771	0.03338346387405458	0.23718306814241358
b0516	allC	28	0.000399685034923388	0.00011582447186182856	239	0.0009407211179643532	0.028900818952210215	0.0	2.3733054241864654e-15	0.05384615384615385	0.001576017314653247	0.007101037375795865	0.4749498997995992	0.5045899682153345	2.3733054241864654e-15	0.20699240783514866	0.027711085580403548	0.4897699340074668
b2429	murP	43	0.0005885977830383773	0.0009477425811676383	102	5.611367971851053e-05	0.00841256017601648	0.0	2.3733054241864654e-15	0.0826923076923077	0.012895881964704323	0.010457371408632456	0.2004008016032064	0.14614549058911466	2.3733054241864654e-15	0.0884268963698671	0.047794094828506016	0.1732731460961605
b3425	glpE	30	0.00013807895851143987	0.00020219603609683006	114	7.173812532312655e-05	0.015663828766158298	0.0	2.3733054241864654e-15	0.057692307692307696	0.0027512705106309838	0.0024531912869558527	0.22444889779559116	0.2730072805690863	2.3733054241864654e-15	0.11157995131352369	0.03022178910146934	0.24872808918233874
b3224	nanT	17	9.433389090350384e-05	4.907670740699976e-05	144	0.0007381160580842813	0.016276007938996917	0.0	2.3733054241864654e-15	0.032692307692307694	0.0006677840993039154	0.001675990909287938	0.28456913827655306	0.2837174266199922	2.3733054241864654e-15	0.12032933133763184	0.016680045895805806	0.28414328244827264
b1308	pspE	23	0.0005553039906049486	0.0004748316058665318	75	7.339502837194785e-06	0.008019109617641547	0.0	2.3733054241864654e-15	0.04423076923076923	0.006461007940385751	0.009865854479565839	0.14629258517034066	0.13926202716701475	2.3733054241864654e-15	0.06724927790170256	0.025345888585577493	0.1427773061686777
b0340	cynS	11	7.452277159617347e-05	6.690997699184083e-06	224	0.0007764863819615809	0.028568306390641226	0.0	2.3733054241864654e-15	0.021153846153846155	9.104404325537387e-05	0.0013240150123553205	0.4448897795591182	0.49877262215690604	2.3733054241864654e-15	0.19298145838262562	0.010622445098550764	0.4718312008580121
b0341	cynX	5	1.4261777767526837e-05	5.607381707450675e-07	148	0.00020917349841508215	0.017640139988076325	0.0	2.3733054241864654e-15	0.009615384615384616	7.629933915308106e-06	0.00025338305946810035	0.2925851703406813	0.307583075970029	2.3733054241864654e-15	0.12195825217200251	0.004811507274649962	0.30008412315535515
b0512	allB	40	0.000413019085447327	0.00042846182498201005	151	0.00011452167079475665	0.020031559116585745	0.0	2.3733054241864654e-15	0.07692307692307693	0.005830056843644617	0.007337937892122153	0.2985971943887775	0.3494212326268514	2.3733054241864654e-15	0.14615431215647054	0.04137656688336077	0.3240092135078144
b0511	ybbW	27	0.00019571056641141702	2.2559338205882122e-05	169	0.00029389783750740023	0.02107620424943769	0.0	2.3733054241864654e-15	0.051923076923076926	0.0003069636929750248	0.0034771080363117405	0.33466933867735466	0.36769742110339365	2.3733054241864654e-15	0.15091936007936052	0.026115020308025975	0.3511833798903742
b4085	alsE	48	0.000959291537076237	0.001410342933194792	26	6.035111257624076e-06	0.001751682375350313	0.0	2.3733054241864654e-15	0.09230769230769231	0.019190459896639228	0.017043332784197805	0.04809619238476954	0.02961265635109345	2.3733054241864654e-15	0.03784140018803938	0.05574907610216577	0.038854424367931496
b4088	alsB	210	0.0016289926103708007	0.07297567783599343	287	0.0007703609726668693	0.04176212080475749	0.0	2.3733054241864654e-15	0.40384615384615385	0.9929760953737287	0.028941632536618748	0.5711422845691382	0.7295999446358826	2.3733054241864654e-15	0.5395128956849812	0.6984111246099413	0.6503711146025104
b4311	nanC	32	0.0007630983209606962	0.0009192565144654294	3	0.0	0.00043543239180063656	0.0	2.3733054241864654e-15	0.06153846153846154	0.01250827359811833	0.01355764971182284	0.0020040080160320635	0.006584709323833446	2.3733054241864654e-15	0.01652709049528955	0.03702336756828994	0.004294358669932755
b4087	alsA	202	0.001093924893664498	0.07286024334937484	287	0.000971088778624796	0.04086008301817616	0.0	2.3733054241864654e-15	0.38846153846153847	0.9914053845671555	0.019435307498350783	0.5711422845691382	0.7138186883201459	2.3733054241864654e-15	0.5329655791835961	0.689933461514347	0.6424804864446421
b4086	alsC	203	0.0011543367160823182	0.07285636029263957	280	0.0008714034699498157	0.04024128338633151	0.0	2.3733054241864654e-15	0.3903846153846154	0.9913525480244958	0.02050861915989726	0.5571142284569138	0.7029927165665297	2.3733054241864654e-15	0.5283688216865114	0.6908685817045556	0.6300534725117217
b1677	lpp	51	0.0006632209904208097	0.001579707697258728	8	4.773977692324805e-06	0.0006011731924732526	0.0	2.3733054241864654e-15	0.09807692307692309	0.021494997067120318	0.011783170821727796	0.012024048096192383	0.009484363968350003	2.3733054241864654e-15	0.028216066441717636	0.05978596007202171	0.010754206032271193
b1919	dcyD	13	0.00012523450318621448	0.0012202550212266296	221	0.0009184758321378748	0.025825518172510897	0.0	2.3733054241864654e-15	0.025	0.016603943975155133	0.0022249892043994	0.438877755511022	0.450787222283422	2.3733054241864654e-15	0.1862537843539203	0.020801971987577567	0.444832488897222
b3008	metC	55	0.0006772088219851554	0.0015377365981966728	241	0.0014514829772443842	0.02756081443442308	0.0	2.3733054241864654e-15	0.10576923076923078	0.020923898595670044	0.012031686793219688	0.4789579158316633	0.48114643284018166	2.3733054241864654e-15	0.21735949560734963	0.06334656468245041	0.4800521743359225
b3225	nanA	35	0.0012510369532452337	0.00010607925392205372	82	3.8445422364102476e-05	0.0061881356369662185	0.0	2.3733054241864654e-15	0.06730769230769232	0.0014434146620249104	0.022226651956581304	0.16032064128256512	0.10722892375790724	2.3733054241864654e-15	0.0672601344020384	0.034375553484858615	0.13377478252023617
b0221	fadE	59	0.0001799682058057527	0.00019819756711913648	24	1.5948298641803727e-05	0.0031972024156279237	0.0097988938927291	0.0105206903152646	0.11346153846153847	0.0026968635598402526	0.0031974200788541735	0.044088176352705406	0.05490219810256673	0.0105206903152646	0.045133893358383095	0.05807920101068936	0.04949518722763607
b3708	tnaA	36	0.0003829555853558367	0.0009480268220267494	258	0.001816089690047023	0.02861241597422441	0.0002874892962674	0.0002946195329967	0.06923076923076923	0.012899749614677512	0.006803812220296999	0.5130260521042084	0.49954432446789776	0.0002946195329967	0.21899910299010994	0.04106525942272338	0.5062851882860531
b2421	cysM	46	0.00021046339318914187	0.0031883625640429657	136	0.0004971181212769137	0.01778580425359512	0.0	0.0	0.08846153846153847	0.0433838767019663	0.003739215358812186	0.2685370741482966	0.31013148928972795	0.0	0.14210279572030587	0.06592270758175238	0.28933428171901227
b0657	lnt	36	0.00022667002581706718	0.001431067193900162	8	4.773977692324805e-06	0.0006011731924732526	0.0	8.13704716863931e-15	0.06923076923076923	0.019472453789467114	0.004027151843721484	0.012024048096192383	0.009484363968350003	8.13704716863931e-15	0.022042327016957373	0.044351611510118176	0.010754206032271193
b3001	gpr	16	0.00013199876890001972	3.473782406043491e-05	154	0.0003026230326551049	0.020325228693544035	0.0	8.13704716863931e-15	0.03076923076923077	0.0004726756903146846	0.00234516709312809	0.3046092184368737	0.35455901613775853	8.13704716863931e-15	0.13808202820683715	0.015620953229772729	0.3295841172873161
b1091	fabH	80	0.000318573790697817	0.00042097326243865723	210	0.001332711005709918	0.023428612956413245	1.0	1.0	0.15384615384615385	0.005728160378757067	0.0056599677171495525	0.4168336673346693	0.4088530858841893	1.0	0.39705221348875386	0.07978715711245546	0.41284337660942927
b1781	yeaE	32	0.0008571388388870114	0.00045891259161335944	173	0.0004751890881875705	0.021450261661881236	0.0	0.0	0.06153846153846154	0.006244398775742716	0.015228428385740334	0.3426853707414829	0.3742415991748525	0.0	0.15694196604610794	0.03389143015710213	0.3584634849581677
b2414	cysK	68	0.0007890319482941211	0.0036438263364413624	135	0.0004118280098376478	0.017355744373258826	0.0	0.0	0.13076923076923078	0.04958134758146638	0.014018401656213028	0.2665330661322645	0.30260754150875524	0.0	0.1498982371983434	0.09017528917534857	0.28457030382050985
b3957	argE	22	0.0002342568462813448	0.0008609665065942085	129	0.0004645836778887652	0.0176658413351919	1.0	1.0	0.04230769230769231	0.011715124618463075	0.004161943719756109	0.2545090180360721	0.30803272403635645	1.0	0.3233129117997168	0.02701140846307769	0.2812708710362143
b2810	csdA	27	0.00014411270446512502	7.540412506061349e-05	119	0.0003073891740210012	0.01576127399146171	0.0	0.0	0.051923076923076926	0.0010260198452152003	0.0025603903356802766	0.2344689378757515	0.27471209615456865	0.0	0.11242602615972244	0.026474548384146063	0.25459051701516006
b3201	lptB	234	0.0019551781363996014	0.07349187777629974	195	0.0007085775930435577	0.02573423630738106	1.0	0.9999999999999996	0.45	1.0	0.034736834781852	0.3867735470941883	0.449190235403247	0.9999999999999996	0.6571927564994869	0.725	0.41798189124871765
b1622	malY	37	0.00030090997038309644	0.0005733784577964132	220	0.0011206717134898763	0.024842990921024845	0.0	0.0	0.07115384615384615	0.007801929616517717	0.0053461419861506035	0.4368737474949899	0.433597793388583	0.0	0.18988546333078737	0.03947788788518193	0.43523577044178646
b0207	dkgB	18	0.00024424709859423803	3.125954386522498e-05	161	0.00023784226717413459	0.02131007102399039	0.0	0.0	0.03461538461538462	0.00042534692010966424	0.0043394363673882235	0.3186372745490982	0.371788947609105	0.0	0.1450933907387395	0.01752036576774714	0.3452131110791016
b4261	lptF	237	0.001906684232968984	0.07316380009605045	317	0.001455174522620239	0.04730836325117868	1.0	0.9999999999999992	0.4557692307692308	0.9955358647761331	0.03387526381804282	0.6312625250501002	0.8266321033084285	0.9999999999999992	0.7818399447807783	0.725652547772682	0.7289473141792644
b3012	dkgA	66	0.0024412843297939232	0.00013305534489534794	156	0.0003068039958895238	0.020786753742716716	0.0	1.4239832545118792e-14	0.12692307692307692	0.0018104768706598037	0.04337328084884219	0.30861723446893785	0.3626334507185214	1.4239832545118792e-14	0.15999684779624204	0.06436677689686836	0.3356253425937296
b0526	cysS	80	0.0005428505410737829	0.001669000701112124	155	0.0002739858703965344	0.02200694773880223	0.0	1.130145440088793e-14	0.15384615384615385	0.022710002133737243	0.00964459923393137	0.3066132264529058	0.38398088703837713	1.130145440088793e-14	0.17343005389423707	0.08827807798994555	0.3452970567456415
b0886	cydC	197	0.0005366314888039364	0.07293009323626988	337	0.0016269725011450928	0.05006196559414559	0.0	1.130145440088793e-14	0.3788461538461539	0.9923558281945133	0.00953410792514701	0.6713426853707414	0.8748066975575974	1.130145440088793e-14	0.5834702729938034	0.6856009910203336	0.7730746914641694
b3945	gldA	47	0.0007541537428339656	0.00013237909390938338	142	0.0005826062363928465	0.015467078827499476	0.0	1.130145440088793e-14	0.0903846153846154	0.0018012751601248927	0.01339873512148594	0.2805611222444889	0.26956511743770795	1.130145440088793e-14	0.1284624260453897	0.046092945272370144	0.27506311984109844
b4262	lptG	221	0.0011976094016204735	0.07320816243088062	317	0.0014748301097649295	0.046421691116860446	1.0	0.9999999999999978	0.42500000000000004	0.9961395006631518	0.021277426922280466	0.6312625250501002	0.811119670871724	0.9999999999999978	0.7727043393169948	0.710569750331576	0.7211910979609121
b0887	cydD	198	0.0008055607531507932	0.07291702995858086	297	0.0017278774359456516	0.03948253602463938	0.0	0.0	0.3807692307692308	0.9921780768826094	0.014312062040788005	0.5911823647294588	0.6897183429517244	0.0	0.5307696030666047	0.6864736538259201	0.6404503538405917
b3200	lptA	72	0.0004046435436348875	0.002457944687616442	319	0.0013236059065529588	0.0485977166293476	1.0	1.0	0.13846153846153847	0.03344512022264724	0.007189133132734366	0.6352705410821643	0.8491894910865626	1.0	0.5312733381705825	0.08595332934209285	0.7422300160843635
b3091	uxaA	21	5.701752060105173e-05	4.215839818843719e-05	101	2.912480867329268e-05	0.014903910289101343	0.0	0.0	0.04038461538461539	0.0005736470405173505	0.001013006516345771	0.19839679358717432	0.25971241815434104	0.0	0.09981349483332962	0.02047913121256637	0.22905460587075768
b3199	lptC	129	0.0016945494948813992	0.0029959466360742256	277	0.0014868427493209316	0.03846716694273598	1.0	0.9999999999999986	0.24807692307692308	0.04076568359286613	0.03010635437124967	0.5511022044088176	0.6719543424021232	0.9999999999999986	0.5023798306961458	0.1444213033348946	0.6115282734054703
b1519	tam	26	0.00040320933664115773	0.002024561370934679	16	2.167623836328372e-06	0.001413542025292262	0.0	0.0	0.05	0.02754809690803105	0.007163652175037127	0.028056112224448895	0.0236968514764626	0.0	0.02586021212178851	0.038774048454015525	0.025876481850455747
b3416	malQ	31	8.49264097536216e-05	0.0016994864486982323	19	9.169237552347957e-06	0.0020498580592713304	0.0	0.0	0.05961538461538462	0.0231248200497919	0.0015088521139357085	0.03406813627254509	0.03482927472903477	0.0	0.030327523133351277	0.04137010233258826	0.03444870550078993
b3223	nanE	29	0.00030408077239191895	6.385412370612522e-05	13	1.8177327505348426e-06	0.0008480725859821309	0.0	0.0	0.05576923076923077	0.0008688596024242207	0.005402476303446754	0.022044088176352703	0.013803897663197336	0.0	0.01849721524224101	0.028319045185827497	0.01792399291977502
b0979	cbdB	23	0.00015073512475551984	0.00120803336329455	321	0.0016708304110147213	0.03734876850350245	0.0	0.0	0.04423076923076923	0.016437644537695105	0.002678048115910493	0.6392785571142284	0.6523878312257393	0.0	0.2704669604216864	0.03033420688423217	0.6458331941699839
b0978	cbdA	26	0.00024453189179532057	0.000819783549354994	319	0.0020450502189120713	0.03487728613183315	0.0	0.0	0.05	0.011154750350104192	0.0043444961694537355	0.6352705410821643	0.6091489587889672	0.0	0.26111485004424717	0.030577375175052098	0.6222097499355658
b1587	ynfE	53	0.0013587434608895433	0.0003323181189355001	218	0.0007951004160482414	0.024859385147121413	0.0	0.0	0.10192307692307692	0.004521834643374274	0.024140228572091284	0.4328657314629258	0.43388461228683406	0.0	0.19463905106324222	0.0532224557832256	0.43337517187487995
b0734	cydB	35	0.00010673978698557818	0.0008631445337607955	296	0.0017970681500725355	0.0320970515069664	0.0	0.0	0.06730769230769232	0.011744760916139624	0.0018964012926187411	0.5891783567134268	0.5605084296608093	0.0	0.24574784791961363	0.039526226611915974	0.574843393187118
b0733	cydA	41	0.00017717605415153192	0.0008836783283765093	274	0.0012176160659913492	0.03315150677290266	0.0	0.0	0.07884615384615384	0.012024163147202711	0.0031478130845384806	0.5450901803607214	0.5789562475601963	0.0	0.24298334898285487	0.04543515849667828	0.5620232139604588
b0429	cyoD	41	8.805147591746638e-05	0.00010219643909655417	273	0.0011745683366507437	0.031427185023537876	0.0907236350238726	0.0903936765370426	0.07884615384615384	0.0013905814110183384	0.0015643738615426723	0.5430861723446894	0.5487890373808345	0.0903936765370426	0.2525011243039478	0.04011836762858609	0.545937604862762
b3222	nanK	18	0.0001580426780964009	4.275284323111592e-05	245	0.0007307771969604379	0.036440413259303764	0.0	5.5377126564350864e-15	0.03461538461538462	0.0005817356220132288	0.0028078783693978797	0.4869739478957915	0.6364960502519378	5.5377126564350864e-15	0.23173342367702654	0.01759856011869892	0.5617349990738647
b0774	bioA	38	0.00018083995135082464	9.205067299578219e-05	16	5.220693795686683e-06	0.0013510907893018842	1.0	1.0	0.07307692307692308	0.0012525285212601743	0.0032129080184987637	0.028056112224448895	0.02260425981671193	1.0	0.22499796472786882	0.03716472579909163	0.02533018602058041
b3833	ubiE	37	0.00024590626195310363	6.259700688595137e-05	184	0.0008024599228105074	0.021865264533136027	1.0	0.0	0.07115384615384615	0.0008517540819475177	0.004368914031034334	0.36472945891783565	0.381502122825264	0.0	0.16364743639577867	0.03600280011789683	0.37311579087154984
b3994	thiC	31	9.388199451521445e-05	0.0008676544699383793	252	0.00107112305668921	0.031777521064828694	1.0	1.0	0.05961538461538462	0.011806127373414146	0.0016679622545652383	0.501002004008016	0.5549182072964369	1.0	0.4254683446586503	0.03571075599439938	0.5279601056522265
b0896	dmsC	50	0.0003737777536753381	8.093850508189523e-05	229	0.0007125138068392816	0.028240186916205248	0.0	7.119916272559396e-15	0.09615384615384616	0.0011013258543789302	0.006640753511320127	0.4549098196392785	0.49303213367040505	7.119916272559396e-15	0.20903942506358314	0.048627586004112544	0.4739709766548418
b1982	amn	24	0.0005221896209121125	4.395824729796533e-05	143	0.0006782492831397128	0.01793655612078195	0.0	1.0962410768861292e-14	0.046153846153846156	0.0005981374898566184	0.00927752527952505	0.282565130260521	0.3127689107941726	1.0962410768861292e-14	0.12841720493968148	0.023375991821851388	0.29766702052734684
b0430	cyoC	58	0.0004816744440002918	0.00019823028363038687	251	0.000981820617880857	0.028808026363717536	0.0907236350238854	0.0903936765370286	0.11153846153846154	0.0026973087316366513	0.00855770902322472	0.4989979959919839	0.5029665510536726	0.0903936765370286	0.24131879877055665	0.0571178851350491	0.5009822735228282
b0432	cyoA	72	0.0009124042451514206	0.0003161542818046586	262	0.0011768648837986275	0.030160865349737827	0.0907236350239144	0.0903936765369883	0.13846153846153847	0.004301894187096341	0.01621030581717165	0.5210420841683366	0.5266346269479442	0.0903936765369883	0.2561667640603808	0.0713817163243174	0.5238383555581404
b0894	dmsA	82	0.0008002203568987593	0.001152320612580331	227	0.0008937921011734302	0.028347569731367428	0.0	0.0	0.1576923076923077	0.015679564156570517	0.01421718144713625	0.4509018036072144	0.49491080854987135	0.0	0.2238368968011928	0.0866859359244391	0.4729063060785429
b0431	cyoB	66	0.0006836540837179208	0.00025777437455553313	317	0.0016754326420533607	0.03833481650229947	0.0907236350546757	0.090393676536814	0.12692307692307692	0.0035075219514755993	0.01214619707121878	0.6312625250501002	0.6696388560055442	0.090393676536814	0.3043451312934022	0.06521529943727626	0.6504506905278222
b2523	pepB	27	0.0001501508042684129	0.00012780514410167597	139	0.0002730988979051674	0.019013246009820316	0.0	2.825363600221983e-15	0.051923076923076926	0.0017390376728527626	0.0026676667374353523	0.2745490981963928	0.33160572601881355	2.825363600221983e-15	0.13196338776222777	0.026831057297964846	0.3030774121076032
b1872	torZ	19	7.60177289064055e-05	0.00013428247609009348	191	0.0004538167073816334	0.01880348507510168	0.0	0.0	0.03653846153846154	0.0018271743783555626	0.0013505752955973783	0.3787575150300601	0.327935933993394	0.0	0.14901181698805424	0.019182817958408552	0.35334672451172705
b0932	pepN	37	0.0003860145719228107	0.00013163356561807915	140	0.0003040256900912698	0.020069259926494658	0.0	0.0	0.07115384615384615	0.0017911307970488327	0.006858159959256762	0.27655310621242485	0.3500808126947089	0.0	0.13991577917160575	0.03647248847544749	0.31331695945356686
b2143	cdd	47	0.00043698758267060394	8.584125730117809e-05	212	0.000657958240295418	0.026990453792758995	0.0	0.0	0.0903846153846154	0.001168037338254825	0.007763776189162155	0.42084168336673344	0.4711679068710842	0.0	0.19671244859213757	0.04577632636143511	0.4460047951189088
b1873	torY	20	0.00011371177225261118	0.000142121663581832	162	0.00037096420570374787	0.015087605317196698	0.0	0.0	0.038461538461538464	0.0019338417779231727	0.002020269648045632	0.32064128256513025	0.2629261841023132	0.0	0.12479256938138103	0.02019769011973082	0.29178373333372176
b2162	rihB	34	0.0003593739907261762	4.7337978985815135e-05	129	0.00019385042166194445	0.017092395304087606	0.0	0.0	0.06538461538461539	0.0006441253158601571	0.006384847860327445	0.2545090180360721	0.29800021881903443	0.0	0.12370759551111643	0.03301437035023777	0.2762546184275533
b0237	pepD	34	0.0003768338607440604	0.0013117261322966567	186	0.0013132515527780116	0.02156495402764826	0.0	0.0	0.06538461538461539	0.017848586428685222	0.006695050091434993	0.3687374749498998	0.3762481554949457	0.0	0.1656437664516292	0.04161660090665031	0.3724928152224227
b0099	mutT	44	0.00047345273817735146	0.00015122263639426062	234	0.000900550449126227	0.03122412211810321	0.0	0.0	0.08461538461538462	0.0020576782220011274	0.008411637403723908	0.46492985971943884	0.5452364281591877	0.0	0.21936787014320247	0.04333653141869288	0.5050831439393133
b4260	pepA	26	0.00010382591379027885	0.0008905125871131417	137	0.0003180469835140331	0.018569130436368146	0.0	0.0	0.05	0.012117156535634492	0.0018446317224317652	0.27054108216432865	0.3238358722469204	0.0	0.13129882218937672	0.031058578267817247	0.2971884772056245
b0651	rihA	16	0.00020963775962471235	0.0016057360698006962	88	0.00011278930360776863	0.010329135879621816	0.0	0.0	0.03076923076923077	0.021849163722396096	0.003724546671502316	0.1723446893787575	0.17967620612791685	0.0	0.08092785799966025	0.02630919724581343	0.17601044775333718
b1865	nudB	36	0.00019538156281404445	0.00014585418526328331	252	0.0012028192557767211	0.03280122308372859	0.0	0.0	0.06923076923076923	0.001984629998259747	0.003471262766567874	0.501002004008016	0.5728279935509841	0.0	0.22900907935760584	0.03560769961451449	0.5369149987795001
b2066	udk	50	0.00028427162068999533	0.00015955191587615196	156	0.0005743365434533486	0.019410763751822536	0.0	0.0	0.09615384615384616	0.002171014276731483	0.005050535364139049	0.30861723446893785	0.33856034529298557	0.0	0.1491004880385002	0.04916243021528882	0.32358878988096174
b1640	anmK	29	0.0001631721033955312	8.111646073060318e-05	281	0.000683321504766258	0.0417006495341379	0.0	0.0	0.05576923076923077	0.001103747287251412	0.00289901073008899	0.5591182364729459	0.7285244975846251	0.0	0.26890314242281066	0.028436489028241092	0.6438213670287856
b1263	trpD	94	0.0009478212589637817	0.00034851418070770793	317	0.004331131811803188	0.035228516873350546	1.0	1.0	0.1807692307692308	0.004742213578601737	0.01683954513524835	0.6312625250501002	0.6152937815894172	1.0	0.4864135501974699	0.09275572217391627	0.6232781533197587
b3575	yiaK	21	0.00012013638565548284	1.4060091667225149e-05	171	0.0002584936491138167	0.022599405552568744	0.0	7.911018080621551e-16	0.04038461538461539	0.00019131490571002065	0.0021344130757763586	0.3386773547094188	0.394346005611453	7.911018080621551e-16	0.1547198581222396	0.020287965145162703	0.3665116801604359
b1264	trpE	55	0.0004491360917688687	0.00021131321461774475	238	0.0022163604575331174	0.02426188091490155	1.0	1.0	0.10576923076923078	0.0028753274649064788	0.007979613685263329	0.4729458917835671	0.4234312060341582	1.0	0.40100433121037254	0.054322279117068634	0.4481885489088626
b0776	bioF	30	0.0001041192766286999	0.00013167909960823146	115	0.0005368671078469143	0.013306480123916492	1.0	1.0	0.057692307692307696	0.0017917503755863536	0.0018498437776709531	0.22645290581162322	0.23176519104447216	1.0	0.3035404309847979	0.029742029033947025	0.2291090484280477
b0910	cmk	92	0.0008275222306296527	0.00029694362190118423	139	0.0005588533024743085	0.01919732462478012	0.0020424841906935	0.002245938361765	0.17692307692307693	0.004040495778391241	0.014702242454810693	0.2745490981963928	0.3348262028637319	0.002245938361765	0.15851696242467156	0.09048178635073409	0.3046876505300623
b3603	lldP	24	0.0001778942945491198	8.313734033417404e-05	196	0.0004933615369672285	0.02504798628330769	0.0	1.3561745281065517e-15	0.046153846153846156	0.0011312452865503571	0.003160573762228241	0.3887775551102204	0.43718421116824574	1.3561745281065517e-15	0.17464937154377277	0.023642545720198256	0.4129808831392331
b0103	coaE	60	0.0004803234049431275	0.00019949212242461426	283	0.001066986950429785	0.0411012775036108	1.0	1.0	0.11538461538461539	0.002714478503758521	0.008533705675581435	0.5631262525050099	0.7180384139826507	1.0	0.4798527520752069	0.05904954694418696	0.6405823332438303
b2975	glcA	14	7.113427315748796e-05	4.4450128231313646e-05	198	0.0006379232705677268	0.024430333263402878	0.0	0.0	0.026923076923076925	0.0006048304870725222	0.0012638129733534252	0.3927855711422845	0.42637829952429057	0.0	0.16933835561534488	0.013763953705074723	0.4095819353332876
b0049	apaH	76	0.001307010873393699	0.00035892163056672427	281	0.0007155034833094782	0.04180588199334727	0.0	3.7294799522930175e-15	0.14615384615384616	0.004883827185083468	0.023221117258791717	0.5591182364729459	0.730365551735818	3.7294799522930175e-15	0.28810429230953943	0.07551883666946481	0.6447418941043819
b4129	lysU	91	0.0005232358598729967	0.0005493272189433882	210	0.0004504794114269098	0.02742814903696468	0.0	3.7294799522930175e-15	0.17500000000000002	0.007474665712250173	0.009296113370937272	0.4168336673346693	0.47882543623375917	3.7294799522930175e-15	0.2156267538561365	0.09123733285612509	0.44782955178421424
b3774	ilvC	88	0.0006721092848346415	0.0011183808640236042	168	0.00024758466419482167	0.022783390824745876	1.0	1.0	0.16923076923076924	0.015217747836404701	0.011941085442803853	0.3326653306613226	0.39756484941349823	1.0	0.3829357394283989	0.09222425853358697	0.3651150900374104
b0121	speE	56	0.0012781164486003868	0.0018417791565442333	122	9.109970000368149e-05	0.01698489774622795	1.0	0.0	0.1076923076923077	0.02506098921775251	0.022707762060369632	0.24048096192384766	0.2961195365026889	0.0	0.13387075906731935	0.06637664845503011	0.2683002492132683
b3059	plsY	47	0.000342924191465594	0.00015199528920176354	166	0.00029898334014943754	0.02212049320762714	0.0	3.7294799522930175e-15	0.0903846153846154	0.0020681916668998245	0.006092591135238592	0.3286573146292585	0.38596737826266114	3.7294799522930175e-15	0.16141549998868773	0.04622640352575761	0.3573123464459598
b1189	dadA	30	0.0006991024291103763	0.00012064355902551046	218	0.0012513105300575827	0.025468402699419832	0.0	0.0	0.057692307692307696	0.0016415903726495415	0.012420661382966297	0.4328657314629258	0.44453944541752727	0.0	0.18734781498908207	0.02966694903247862	0.4387025884402265
b4042	dgkA	30	0.0002167668993441291	8.055646511377535e-05	219	0.0004088736739263299	0.03193901712831242	0.0	0.0	0.057692307692307696	0.0010961274572270333	0.003851207124562694	0.43486973947895785	0.5577435997686063	0.0	0.2102803548794198	0.029394217574767366	0.4963066696237821
b2871	ygeX	44	0.0009854737921292777	0.00017727705460459552	220	0.0008885370768549337	0.02567191901159721	0.0	0.0	0.08461538461538462	0.002412199279275529	0.017508501993622673	0.4368737474949899	0.44809998704303616	0.0	0.19440026368653726	0.04351379194733007	0.44248686726901304
b0425	panE	19	0.00014433344837713998	3.795526986959275e-05	169	0.0002752591193126015	0.022475034099372914	0.0	0.0	0.03653846153846154	0.00051645530115755	0.002564312200730836	0.33466933867735466	0.3921701125275472	0.0	0.1527788736089042	0.018527458419809545	0.36341972560245095
b2838	lysA	78	0.0008011122613542179	0.0003112614100134362	192	0.0011063947601566212	0.025291161161716594	1.0	1.0	0.15000000000000002	0.004235317145669862	0.014233027541736876	0.3807615230460921	0.44143858403688496	1.0	0.3952870848457294	0.07711765857283494	0.41110005354148854
b0968	yccX	16	0.0001614215398669467	6.86311058841851e-05	226	0.00041159762478229224	0.03270941381795918	0.0	6.7808726405327576e-15	0.03076923076923077	0.000933859740161896	0.002867909197734729	0.4488977955911823	0.5712217797350887	6.7808726405327576e-15	0.21036453316713413	0.015851545254696335	0.5100597876631355
b4381	deoC	54	0.0005073541889600363	0.0006010285955785995	35	0.0001450467004542166	0.0021110554734616433	0.0	0.0	0.10384615384615385	0.008178163543569492	0.009013950345332275	0.06613226452905811	0.03589993063011166	0.0	0.042811302509778625	0.056012158694861675	0.05101609757958489
b0414	ribD	157	0.00346248784393479	0.0012689674926467927	224	0.0009580240384093875	0.026447533364773335	1.0	1.0	0.30192307692307696	0.017266771935116068	0.061516577916740596	0.4448897795591182	0.46166945064170234	1.0	0.4451498158118027	0.1595949244290965	0.45327961510041026
b0062	araA	32	0.00019814408646660358	0.0012864057607113607	6	1.561508210914899e-07	0.000811520780794805	0.0	0.0	0.06153846153846154	0.017504053504075946	0.0035203433725307736	0.008016032064128254	0.013164419566996696	0.0	0.020044593334732484	0.03952125752126874	0.010590225815562475
b3809	dapF	56	0.00037334542777890656	0.0001948687522665662	4	2.3609690798672497e-07	0.00044939030443136134	1.0	1.0	0.1076923076923077	0.0026515685564563033	0.006633072557366788	0.004008016032064128	0.0068289046337582674	1.0	0.22423615938291727	0.055171938124382	0.005418460332911198
b1185	dsbB	63	0.00021358861597662178	0.001584765564028555	97	5.962135700834107e-06	0.010105588498470593	0.0	0.0	0.12115384615384617	0.021563819186283233	0.003794739889085974	0.19038076152304606	0.17576521861371355	0.0	0.1017727290953778	0.0713588326700647	0.1830729900683798
b0175	cdsA	62	0.000585894015540926	0.0002738165535915759	205	0.0006545546742297542	0.027994093859862224	1.0	1.0	0.11923076923076924	0.003725807012647573	0.0104093346987803	0.406813627254509	0.4887267069383486	1.0	0.4036993820872549	0.061478288121708406	0.4477701670964288
b3041	ribB	25	9.17809164873887e-05	0.00010472581297357787	140	0.0014164090892227546	0.016717993726752027	1.0	1.0	0.04807692307692308	0.0014249984643520796	0.0016306332772420967	0.27655310621242485	0.29145001954263616	1.0	0.32350100945926724	0.02475096077063758	0.28400156287753053
b0778	bioD	26	8.31424115273176e-05	6.48999932769535e-05	305	0.0011014998680252451	0.04480424542021062	1.0	1.0	0.05	0.0008830906930219026	0.0014771565612469108	0.6072144288577154	0.7828222697036912	1.0	0.4881839578508857	0.02544154534651095	0.6950183492807033
b0152	fhuD	212	0.0011978774824732866	0.07342541065695805	252	0.0005202771822320825	0.03668283026872544	0.0	1.9212472481509482e-15	0.4076923076923077	0.9990955855075031	0.02128218980302211	0.501002004008016	0.640737164114226	1.9212472481509482e-15	0.5097054122644109	0.7033939465999054	0.570869584061121
b0153	fhuB	199	0.00029257357680283094	0.07318350285787538	311	0.0009711503651488461	0.046157539818128264	0.0	0.0	0.3826923076923077	0.9958039591890273	0.005198032757081876	0.6192384769539078	0.8064983130822391	0.0	0.5608466113834963	0.6892481334406675	0.7128683950180734
b0151	fhuC	204	0.000512749903173836	0.07313739624729486	287	0.0008662824734777645	0.04172339010347257	0.0	0.0	0.39230769230769236	0.9951765890363573	0.009109813750147142	0.5711422845691382	0.7289223464982458	0.0	0.5375097824822868	0.6937421406720248	0.650032315533692
b3860	dsbA	118	0.002066968462867802	0.001455817410464739	100	6.888417172529959e-06	0.010394359894437065	0.0	0.0	0.22692307692307695	0.019809228645593577	0.036722966903749626	0.19639278557114226	0.18081730787670489	0.0	0.12478847980330354	0.12336615278433527	0.1886050467239236
b2893	dsbC	61	0.00027573966337700827	0.0008097955574745173	15	8.163886459442082e-06	0.002259925896795011	0.0	0.0	0.11730769230769231	0.011018844285615283	0.004898951635766959	0.026052104208416832	0.038504436054834563	0.0	0.038576615371311795	0.0641632682966538	0.032278270131625694
b3722	bglF	107	0.003550616225958945	0.00046108288815707737	100	5.7230624041600315e-05	0.008215346309728422	0.0	0.0	0.2057692307692308	0.006273929883252637	0.06308231813701654	0.19639278557114226	0.1426952109897371	0.0	0.11022623144267256	0.10602158032624172	0.16954399828043967
b1734	chbF	32	0.0002046451087823999	0.0004942527422037046	108	0.0002643151262210068	0.014453538013086922	0.0	0.0	0.06153846153846154	0.006725270290523114	0.0036358443255604545	0.2124248496993988	0.2518331026411605	0.0	0.10650433683390878	0.034131865914492326	0.23212897617027964
b2582	trxC	31	0.00010730592095162275	0.0001417829116026929	357	0.0022733453611307637	0.04991473094358882	0.0	0.0	0.05961538461538462	0.0019292323980925168	0.0019064595587566279	0.7114228456913827	0.8722308101684446	0.0	0.3290396545746609	0.030772308506738566	0.7918268279299137
b2065	dcd	28	0.00016105594188534365	5.6487600451292986e-05	139	0.0003474898132056983	0.015455759447394114	0.0	0.0	0.05384615384615385	0.0007686237195249563	0.002861413770823445	0.2745490981963928	0.2693670835621483	0.0	0.11970619186484396	0.027307388782839403	0.27195809087927053
b2344	fadL	43	0.00036436659199195115	0.0006570793299876607	5	6.459009524593564e-07	0.0005404621280128006	0.0	0.0	0.0826923076923077	0.008940842850521923	0.006473549325463635	0.006012024048096192	0.008422216812538783	0.0	0.02121347828069292	0.04581657527141481	0.007217120430317487
b2715	ascF	39	0.00018629417643668976	0.0009309148201570622	101	5.87444902742247e-05	0.00824049941959724	0.0	0.0	0.07500000000000001	0.012666907532158215	0.003309810961582824	0.19839679358717432	0.14313526758147047	0.0	0.0858397937401606	0.04383345376607911	0.17076603058432238
b3781	trxA	127	0.002586810978731302	0.0025940066376821842	311	0.0020001660002506643	0.03938984936723748	0.0	0.0	0.24423076923076925	0.035296507806999056	0.04595879214644865	0.6192384769539078	0.6880967790668546	0.0	0.31737250661170613	0.13976363851888415	0.6536676280103813
b1900	araG	195	0.0008108080312911308	0.07279217224108493	216	0.0005727170391389549	0.029337942293917993	0.0	0.0	0.375	0.9904791446839251	0.014405288243772752	0.4288577154308617	0.5122374920770856	0.0	0.4613148704383745	0.6827395723419625	0.47054760375397364
b4136	dsbD	27	8.931310883222108e-05	0.001705293309160042	13	3.965213942989665e-06	0.0011855072125441046	0.0	0.0	0.051923076923076926	0.023203833685550197	0.0015867887675296444	0.022044088176352703	0.019707355822928534	0.0	0.02337567092158167	0.03756345530431356	0.02087572199964062
b4460	araH	203	0.0012514584431151529	0.07286092587857808	274	0.0006778251897415753	0.039680217964341166	0.0	0.0	0.3903846153846154	0.9914146717050528	0.022234140391369433	0.5450901803607214	0.6931768115500847	0.0	0.5240132558000948	0.6908996435448341	0.6191334959554031
b3693	dgoK	12	5.749604920711971e-05	3.955213891025762e-06	179	0.0003024962279355298	0.025560762097561057	0.0	0.0	0.023076923076923078	5.381838116948036e-05	0.0010215083345780386	0.3547094188376753	0.44615528386345077	0.0	0.16479908883184374	0.01156537072904628	0.40043235135056304
b3909	kdgT	23	0.0003314985777300381	0.0004303001340510753	146	0.0003355208212641968	0.017247610497934985	0.0	0.0	0.04423076923076923	0.00585507061557001	0.005889597019651699	0.2885771543086172	0.30071572674413555	0.0	0.1278757441798184	0.02504291992316962	0.29464644052637634
b0604	dsbG	30	0.0005724162819193186	0.0005274297527797224	15	8.163886459442082e-06	0.002259925896795011	0.0	0.0	0.057692307692307696	0.007176708076301354	0.010169881424763175	0.026052104208416832	0.038504436054834563	0.0	0.025885111206372092	0.03243450788430453	0.032278270131625694
b3526	kdgK	27	0.00031516376609692817	0.00010426378257719975	244	0.0004985680273103313	0.038793405530724745	0.0	0.0	0.051923076923076926	0.001418711641775788	0.0055993832317986405	0.48496993987975945	0.6776619245607898	0.0	0.24319473060108038	0.026670894282426357	0.5813159322202746
b2601	aroF	32	3.5427602191563526e-05	8.402811383754132e-05	175	0.001125610897568929	0.021364883489818458	0.0	0.0	0.06153846153846154	0.0011433659933593285	0.0006294274373954026	0.34669338677354705	0.37274789809366143	0.0	0.15642462247980587	0.03134091376591044	0.35972064243360424
b1901	araF	209	0.002194248137143606	0.07294301234699349	284	0.001044817433608769	0.04143211490882173	0.0	0.0	0.40192307692307694	0.9925316178343281	0.03898429181020967	0.565130260521042	0.7238264529851568	0.0	0.5366822816527208	0.6972273473787025	0.6444783567530994
b2841	araE	18	0.0001365092749096825	0.0012546168002174698	178	0.00028741974078326575	0.02332216642472301	0.0	0.0	0.03461538461538462	0.017071502840577422	0.0024253033728477112	0.35270541082164325	0.4069907913932995	0.0	0.16227661793418097	0.02584344372798102	0.37984810110747136
b4122	fumB	73	0.00044486897086594516	0.00024093100575988882	135	0.00032998400798599453	0.015879529147028296	0.0	0.0	0.14038461538461539	0.0032783351446435106	0.007903801527261195	0.2665330661322645	0.2767809838978709	0.0	0.13739540011187884	0.07183147526462945	0.2716570250150677
b0754	aroG	36	9.512625282751982e-05	9.871690164390114e-05	208	0.0012115632995225011	0.02640729886210549	0.0	0.0	0.06923076923076923	0.0013432355333793929	0.0016900684732344428	0.4128256513026052	0.4609655433234248	0.0	0.18887303987803575	0.035287002382074314	0.43689559731301497
b1528	ydeA	13	0.00024437772195017265	0.0007816182265457015	183	0.0003882111540582738	0.02247983335686702	0.0	0.0	0.025	0.010635436869974276	0.004341757098092642	0.3627254509018036	0.39225407609732926	0.0	0.1581229927738214	0.01781771843498714	0.3774897634995664
b1098	tmk	51	0.00028309082603390393	0.00014857989628706359	178	0.0002179186442914246	0.03063018358598501	1.0	0.9999999999999988	0.09807692307692309	0.0020217186005142304	0.005029556677790053	0.35270541082164325	0.5348454042457957	0.9999999999999988	0.397529891348975	0.05004932083871866	0.44377540753371947
b1704	aroH	33	4.751879875015132e-05	9.571415327422526e-05	211	0.0009776531785583521	0.027406623668215117	0.0	0.0	0.06346153846153846	0.0013023772989658449	0.0008442466854993102	0.4188376753507014	0.4784488473961507	0.0	0.19241008770147128	0.03238195788025215	0.448643261373426
b2147	preA	77	0.0014895098622165412	0.0006108603705615706	172	0.00028767435375664076	0.021852377250176844	0.0	0.0	0.14807692307692308	0.008311943973195984	0.026463500704357445	0.34068136272545085	0.38127665830635166	0.0	0.17566937761638432	0.07819443352505953	0.36097901051590126
b4477	dgoA	24	0.0001963070971121202	2.866919892183516e-05	85	0.0002298904345775365	0.005583557797333676	0.0	0.0	0.046153846153846156	0.00039010023677855504	0.0034877063485610716	0.1663326653306613	0.09665176391827861	0.0	0.06190567512791292	0.023271973195312354	0.13149221462446994
b4115	adiC	23	0.00020529256515279532	2.7366917556024103e-05	21	2.356220762519031e-06	0.002876769823923869	0.0	0.0	0.04423076923076923	0.00037238016477583605	0.003647347412950895	0.038076152304609215	0.049296192526278634	0.0	0.02639509884528658	0.022301574697772535	0.043686172415443925
b2146	preT	28	0.00022204378973782117	9.361733690347758e-05	202	0.00048696656605359205	0.026338354999416985	0.0	0.0	0.05384615384615385	0.0012738460321892612	0.003944959436106628	0.4008016032064128	0.4597593624021047	0.0	0.1831361930973721	0.027559999939171555	0.43028048280425873
b4117	adiA	20	0.00022025611218242562	0.0004676972390089707	134	0.0004105671869078595	0.015694617230213124	0.0	0.0	0.038461538461538464	0.006363930997008726	0.003913198514311874	0.26452905811623245	0.2735459283397728	0.0	0.1165800911829105	0.022412734729273597	0.26903749322800263
b3648	gmk	144	0.0012719142681399962	0.0005964661846279831	175	0.00017064955274731557	0.029355636609392364	1.0	1.0	0.27692307692307694	0.008116083064900761	0.022597570505989553	0.34669338677354705	0.5125470561906809	1.0	0.4288559205904411	0.14251957999398884	0.429620221482114
b1238	tdk	53	0.0002966281387424544	0.00015432521967572948	190	0.00043487732904740056	0.026117302943723067	0.0	0.0	0.10192307692307692	0.002099894904651593	0.005270068468604737	0.37675350701402804	0.4558920308979031	0.0	0.18733370194793192	0.05201148591386426	0.41632276895596554
b1393	paaF	75	0.0011064314080259437	0.00044466471938945805	101	6.502261991333178e-05	0.013778507834116962	0.0	0.0	0.14423076923076925	0.006050528750169684	0.01965750552470065	0.19839679358717432	0.24002337090524706	0.0	0.11774029249467206	0.07514064899046946	0.2192100822462107
b2938	speA	19	5.870137791064375e-05	6.380752768699888e-05	118	0.00010717313961787694	0.015174721387101976	0.0	0.0	0.03653846153846154	0.000868225572915978	0.0010429229071188505	0.23246492985971942	0.264450289909017	0.0	0.10686438137602279	0.01870334355568876	0.2484576098843682
b1605	ydgI	19	0.00020341130982485666	4.171829183046106e-05	26	4.387169583176131e-06	0.0034461200417769044	0.0	0.0	0.03653846153846154	0.000567658537144015	0.0036139239338865157	0.04809619238476954	0.05925704101291705	0.0	0.028891870694658428	0.018553060037802778	0.0536766166988433
b4382	deoA	36	7.704200826848918e-05	6.115623820241533e-05	119	9.341551238303192e-05	0.019938741868593873	0.0	0.0	0.06923076923076923	0.0008321496205140848	0.0013687732399732709	0.2344689378757515	0.34779738404437405	0.0	0.13046584815428178	0.03503145942564166	0.29113316096006275
b3960	argH	81	0.0004516746646122665	0.000671607517220472	36	3.442308493205594e-05	0.00341058753258759	1.0	1.0	0.15576923076923077	0.009138527107237114	0.008024715450571112	0.06813627254509017	0.058635395619121476	1.0	0.2583358852081359	0.08245387893823394	0.06338583408210582
b3771	ilvD	53	0.00017677029938806412	0.00024295462765086114	103	0.00010608945671543624	0.013663870541658043	1.0	1.0	0.10192307692307692	0.003305870458098583	0.003140604208826273	0.20240480961923846	0.23801777809910452	1.0	0.3091303070199037	0.052614473690587756	0.2202112938591715
b4384	deoD	54	0.0005589334131498069	8.64857361477549e-05	138	0.000198073993184201	0.021266557184755366	0.0	0.0	0.10384615384615385	0.0011768067270101175	0.009930336916714216	0.2725450901803607	0.3710276679149891	0.0	0.14971914373370274	0.05251148028658199	0.32178637904767493
b1199	dhaL	14	3.11900180030018e-05	4.111426525797863e-05	96	0.00021100425861258123	0.006510222156902691	0.0	0.0	0.026923076923076925	0.0005594395802911092	0.0005541400458826672	0.188376753507014	0.112863865001583	0.0	0.065744627002393	0.013741258251684017	0.1506203092542985
b3172	argG	61	0.00044003507883183393	0.000622458061589285	261	0.0006772586345514416	0.03758434601298876	1.0	0.9999999999999988	0.11730769230769231	0.008469753126787301	0.00781791978287373	0.5190380761523046	0.6565092872387032	0.9999999999999988	0.4602649617650972	0.0628887227172398	0.5877736816955039
b3640	dut	54	0.0002661845001475339	0.00011479566951209908	181	0.00041316257615190625	0.021750834863879423	0.0	1.1075425312870171e-14	0.10384615384615385	0.0015620184568085607	0.004729189034479339	0.35871743486973945	0.37950016241126905	1.1075425312870171e-14	0.16872515391679638	0.05270408615148121	0.3691087986405043
b1876	argS	110	0.0004932789401736276	0.0006926726613087142	169	0.00028293024803176416	0.023811169603137037	0.0	0.0	0.21153846153846156	0.0094251593817908	0.008763881268502636	0.33466933867735466	0.41554595905097497	0.0	0.1942357837297164	0.11048181046012619	0.3751076488641648
b1200	dhaK	16	8.82006521650211e-05	4.944332465790682e-05	102	0.0002425259195463879	0.007005435006887187	0.0	0.0	0.03076923076923077	0.000672772640378114	0.0015670242137372948	0.2004008016032064	0.12152767158785753	0.0	0.07067409532013456	0.015721001704804442	0.16096423659553197
b1198	dhaM	93	0.002735839780849909	0.0011744672887761818	106	0.00026891945771771145	0.007421498848633614	0.0	0.0	0.17884615384615385	0.01598091277992809	0.04860652473948197	0.20841683366733466	0.1288067570408021	0.0	0.10641013146684375	0.09741353331304096	0.1686117953540684
b2251	nudI	29	0.0008437449621587488	3.107075580141322e-05	237	0.000796725275015469	0.030192629306344396	0.0	0.0	0.05576923076923077	0.00042277809115163427	0.01499046496218502	0.47094188376753504	0.5271903410746328	0.0	0.21086484674051004	0.028096004430191203	0.4990661124210839
b0596	entA	41	0.00026421679443347387	0.002366913045637654	156	0.00027021778887168505	0.01813585225819958	1.0	0.0	0.07884615384615384	0.03220645760123651	0.004694229627448286	0.30861723446893785	0.31625561996989776	0.0	0.1471850931772452	0.05552630572369518	0.3124364272194178
b0594	entE	38	0.00021044666841465081	0.0027101010029594213	220	0.0005046347306810977	0.032655781202457886	1.0	0.0	0.07307692307692308	0.0368761975467362	0.003738918216716822	0.4368737474949899	0.5702834708696507	0.0	0.22342206779766	0.05497656031182964	0.5035786091823203
b2541	hcaB	30	0.0002441728933212041	9.115651453328705e-05	192	0.0004196230259501788	0.02425857116469758	0.0	0.0	0.057692307692307696	0.0012403617554957065	0.004338117993240449	0.3807615230460921	0.4233733015681958	0.0	0.17261349881241825	0.0294663347239017	0.40206741230714393
b2306	hisP	189	0.00018869585730691302	0.07273347853042518	298	0.0009738159979334691	0.042785052873305106	0.0	0.0	0.3634615384615385	0.989680502542294	0.003352480624277246	0.5931863727454909	0.7474962605191876	0.0	0.5387649348537022	0.6765710205019162	0.6703413166323393
b2308	hisQ	191	0.00019466072640276065	0.07272891574262456	344	0.0013915835107110438	0.05155595305259736	0.0	0.0	0.36730769230769234	0.9896184169358477	0.003458455966585128	0.6853707414829658	0.9009441824446541	0.0	0.588648206634232	0.67846305462177	0.79315746196381
b0173	dxr	50	0.00022713018634551755	0.00022874558417233684	153	0.0001793011942133918	0.020476707274960933	1.0	1.0	0.09615384615384616	0.0031125287731606248	0.004035327323976877	0.30260521042084165	0.35720915159244293	1.0	0.3518161473880583	0.04963318746350339	0.3299071810066423
b0861	artM	187	2.4400834916450646e-05	0.07271048700161833	276	0.000753049037639192	0.03973763366897897	0.0	0.0	0.3596153846153846	0.9893676580552225	0.00043351946058113887	0.5490981963927856	0.6941813060013337	0.0	0.5184525090129453	0.6744915213353035	0.6216397511970596
b0348	mhpB	25	0.0002100130827140687	0.0008403391731556613	132	0.0001637245151903091	0.016850467781051173	0.0	0.0	0.04807692307692308	0.011434449609704498	0.0037312148803483876	0.2605210420841683	0.2937676685781637	0.0	0.12276001666979193	0.02975568634331379	0.277144355331166
b0420	dxs	44	0.00030707586811390365	0.0005312684401197077	211	0.0019445571004744373	0.02288458168327111	1.0	1.0	0.08461538461538462	0.007228940887002828	0.005455688920401443	0.4188376753507014	0.3993351952891942	1.0	0.3820034392284566	0.04592216275119372	0.4090864353199478
b0031	dapB	59	0.00030239034623927324	0.00021272645046711922	155	0.0001657798779586001	0.020650527855732792	1.0	1.0	0.11346153846153847	0.002894557288556872	0.005372443206777871	0.3066132264529058	0.3602501629324525	1.0	0.3566438970270907	0.05817804787504767	0.33343169469267914
b2307	hisM	189	0.00025849976809003296	0.07271953201635847	332	0.001262516280295461	0.04882619664789737	0.0	0.0	0.3634615384615385	0.9894907330808419	0.004592657603989952	0.6613226452905812	0.8531867756675374	0.0	0.5734923385000997	0.6764761357711901	0.7572547104790592
b2310	argT	199	0.0010783221900018164	0.07277733151446479	302	0.0011372951497219757	0.043031609471249975	0.0	0.0	0.3826923076923077	0.990277207720696	0.019158100767572368	0.6012024048096192	0.7518097969656492	0.0	0.5451963434376544	0.6864847577065019	0.6765061008876342
b3564	xylB	51	0.0003996528832771146	0.001380049513947351	247	0.0031628444409884846	0.03746077904273464	0.0	0.0	0.09807692307692309	0.01877825898187079	0.007100466150901432	0.49098196392785565	0.6543474686777205	0.0	0.252436922932874	0.05842759102939694	0.572664716302788
b0864	artP	195	0.0003123329859530184	0.0729438209007689	284	0.0009976365527334624	0.04047368609969413	0.0	0.0	0.375	0.9925426197817524	0.005549089941211924	0.565130260521042	0.7070586291509107	0.0	0.5279463018907411	0.6837713098908762	0.6360944448359763
b0860	artJ	197	0.0005260388132539127	0.07275716789680281	296	0.0008432043567514577	0.04283189145715573	0.0	0.0	0.3788461538461539	0.9900028424673907	0.009345912275027622	0.5891783567134268	0.7483157070082468	0.0	0.5412686120070436	0.6844244981567723	0.6687470318608368
b0862	artQ	190	0.00029411982135497055	0.07272165578060236	194	0.0006123046383393801	0.024210476127336494	0.0	0.0	0.3653846153846154	0.9895196310258686	0.005225504239367844	0.38476953907815625	0.4225318732783823	0.0	0.4324411317534045	0.677452123205242	0.40365070617826926
b0863	artI	188	0.00011632749184857681	0.07273637461446694	309	0.0010091373632789686	0.04591323412856098	0.0	0.0	0.3615384615384616	0.9897199094009754	0.002066742047541685	0.6152304609218436	0.8022241565404538	0.0	0.553742597680347	0.6756291854697185	0.7087273087311488
b2478	dapA	48	0.00022110712682625169	0.00019527082101486966	218	0.0010394547625436016	0.025735913529370113	1.0	1.0	0.09230769230769231	0.002657039484135241	0.003928318136677312	0.4328657314629258	0.4492195785976246	1.0	0.3954100083704756	0.04748236589591378	0.4410426550302752
b1606	folM	38	0.00046059616649611276	0.0005016057486963412	176	0.0006536403737673887	0.0212539212461784	0.0	0.0	0.07307692307692308	0.006825322251571357	0.008183220054921808	0.3486973947895791	0.37080660069536764	0.0	0.15988124816268826	0.03995112266424722	0.35975199774247335
b1779	gapA	193	0.0024603404469193636	0.0015149164279533226	319	0.003814823378912682	0.04095699957632406	0.1262432283485821	0.1285779274131957	0.37115384615384617	0.02061338577528992	0.043711842936790354	0.6352705410821643	0.7155142548120637	0.1285779274131957	0.3742259910473119	0.19588361596456805	0.6753923979471139
b0048	folA	42	0.0003345441700454321	0.00013526233587359034	182	0.00047745418657770894	0.023103832728618646	0.0	0.0	0.08076923076923077	0.0018405072773526386	0.005943706788528072	0.3607214428857715	0.40317101790726445	0.0	0.16930043976792386	0.0413048690232917	0.381946230396518
b2923	argO	12	5.096837582377533e-05	1.5595888261552906e-05	180	0.0005642805270670748	0.02042585880464537	0.0	1.9212472481509482e-15	0.023076923076923078	0.00021221240677813234	0.0009055338831427945	0.3567134268537074	0.3563195516718517	1.9212472481509482e-15	0.14726442280185242	0.011644567741850605	0.35651648926277957
b2927	epd	80	0.0004898757007259898	0.00046916585859424086	217	0.0010145676110067106	0.027887670576928456	0.0	1.9212472481509482e-15	0.15384615384615385	0.0063839144241534295	0.008703417332140617	0.4308617234468938	0.4868648191871656	1.9212472481509482e-15	0.2155913221808737	0.08011503413515364	0.4588632713170297
b2315	folC	62	0.0002090392659529494	0.00016116114759238292	280	0.0010697418401019946	0.04002939318767177	1.0	1.0	0.11923076923076924	0.002192911005525504	0.0037139134839645825	0.5571142284569138	0.6992856728200422	1.0	0.4755647163026501	0.06071184011814737	0.628199950638478
b1288	fabI	67	0.0003849699523407416	0.0010800853130134307	227	0.0010408607370020904	0.02847121413879114	1.0	1.0	0.12884615384615386	0.01469666234819959	0.006839600638672785	0.4509018036072144	0.4970739818831706	1.0	0.4183037203369476	0.07177140809717672	0.4739878927451925
b3930	menA	21	4.2294094849372556e-05	2.6881042332731212e-05	269	0.001392245983424672	0.03405694951001336	1.0	6.441829008506121e-15	0.04038461538461539	0.0003657688869313396	0.0007514215496169823	0.5350701402805611	0.5947970738826952	6.441829008506121e-15	0.2341235196869619	0.02037519213577336	0.5649336070816282
b3433	asd	44	0.00018341732240922538	0.0001923515757649762	246	0.000809287347503396	0.034149223014251516	1.0	0.9999999999999988	0.08461538461538462	0.002617317472149382	0.003258699095516462	0.4889779559118236	0.5964114096047634	0.9999999999999988	0.43452441352082394	0.043616351043767	0.5426946827582935
b4192	ulaG	18	0.00012680567305680638	4.514889899547452e-05	163	0.00024735053761247875	0.021649739081516087	0.0	1.9212472481509482e-15	0.03461538461538462	0.0006143386230095008	0.0022529035244262577	0.3226452905811623	0.3777314799041179	1.9212472481509482e-15	0.14712129874473526	0.01761486161919706	0.35018838524264007
b3622	waaL	87	0.0023632886356417197	0.0006239329371403856	88	0.00012662552261468533	0.009404930447344206	0.0	1.0962410768861292e-14	0.16730769230769232	0.008489821678520188	0.041987563869390856	0.1723446893787575	0.1635071242644552	1.0962410768861292e-14	0.10232986552588726	0.08789875699310626	0.16792590682160635
b4195	ulaC	21	6.820879850934725e-05	4.00732480207339e-05	83	3.1258573500903184e-05	0.00705370548164003	0.0	1.0962410768861292e-14	0.04038461538461539	0.0005452745151336581	0.0012118372849907813	0.1623246492985972	0.12237216917530781	1.0962410768861292e-14	0.065125341674733	0.02046494494987452	0.1423484092369525
b4193	ulaA	35	0.0005121471668224533	0.00010043075945199864	101	5.268775936739003e-05	0.008264898675070017	0.0	1.0962410768861292e-14	0.06730769230769232	0.001366555903738064	0.009099105184689494	0.19839679358717432	0.14356213540259397	1.0962410768861292e-14	0.08212663544024192	0.03433712410571519	0.17097946449488416
b2262	menB	35	0.0002793418494323674	0.00012808150441959897	166	0.00015506302858257545	0.02283931263667067	1.0	1.0962410768861292e-14	0.06730769230769232	0.0017427980927288774	0.004962950173562048	0.3286573146292585	0.3985432080374427	1.0962410768861292e-14	0.15925020261342668	0.0345252452002106	0.3636002613333506
b0736	ybgC	22	0.00011951289827457296	0.00012351220559161217	207	0.0007973916334512496	0.025655825419690297	1.0	1.0962410768861292e-14	0.04230769230769231	0.0016806238910858716	0.0021233358354287766	0.4108216432865731	0.4478184277750077	1.0962410768861292e-14	0.18052567745207398	0.02199415809938909	0.4293200355307904
b4194	ulaB	18	6.641545299193877e-05	2.8964697086326832e-05	76	2.42139034934023e-05	0.006344720922291283	0.0	1.0962410768861292e-14	0.03461538461538462	0.0003941210642962725	0.001179975662878073	0.14829659318637273	0.10996840159325712	1.0962410768861292e-14	0.05865490009186434	0.017504752839840446	0.12913249738981492
b3793	wzyE	36	6.946100722852551e-05	4.092323134669084e-05	105	0.0003836389479229063	0.01227299393497881	0.0	1.0962410768861292e-14	0.06923076923076923	0.0005568401922081258	0.0012340847552241533	0.2064128256513026	0.2136842295936084	1.0962410768861292e-14	0.09797693293357986	0.03489380471148868	0.2100485276224555
b3785	wzzE	29	0.00011556826125069929	3.346960476540492e-05	104	0.00030863174130265264	0.011177534971596976	0.0	1.0962410768861292e-14	0.05576923076923077	0.000455419099064012	0.0020532531140533207	0.20440881763527052	0.1945190472235666	1.0962410768861292e-14	0.09103050294542857	0.028112324934147392	0.19946393242941857
b3058	folB	30	7.831007599497315e-05	6.859666069859321e-05	4	1.6170016170016167e-07	0.0004693554841045835	1.0	1.0	0.057692307692307696	0.0009333910463873712	0.0013913024705773868	0.004008016032064128	0.007178197781451086	1.0	0.21396238251044206	0.029312849369347534	0.005593106906757607
b3792	wzxE	75	0.0008586767813166374	0.0006106582903470934	3	4.4536044079425053e-07	0.00013532024369684084	0.0	0.0	0.14423076923076925	0.008309194278663858	0.015255752367676985	0.0020040080160320635	0.001334212279089825	0.0	0.031175636760911	0.07626998175471655	0.0016691101475609443
b0945	pyrD	60	0.0009228379107779061	0.0001852842492913175	98	1.9996750123187052e-05	0.010158576539478492	0.0	1.0962410768861292e-14	0.11538461538461539	0.002521152743644679	0.01639567640427515	0.19238476953907813	0.17669225057318794	1.0962410768861292e-14	0.09739655764810741	0.05895288406413003	0.18453851005613303
b1767	ansA	21	1.159357045985655e-05	5.6571174456311794e-05	168	0.0003397168290685143	0.02288819956073055	0.0	1.0962410768861292e-14	0.04038461538461539	0.0007697609064842172	0.00020597813268176182	0.3326653306613226	0.39939849047743986	1.0962410768861292e-14	0.1546436394859746	0.0205771881455498	0.3660319105693812
b0828	iaaA	44	0.0006127390697055357	0.0030237953701057856	153	0.0003889926078227327	0.01920887404403739	0.0	1.0962410768861292e-14	0.08461538461538462	0.04114461980832559	0.010886279583681227	0.30260521042084165	0.3350282613010925	1.0962410768861292e-14	0.15267869522913108	0.06288000221185511	0.31881673586096704
b2341	fadJ	133	0.002083797141086175	0.0006764709177158123	249	0.0009321391238733747	0.031788545949660164	0.0	1.0962410768861292e-14	0.2557692307692308	0.009204703134336922	0.03702195501331648	0.4949899799599198	0.5551110889428216	1.0962410768861292e-14	0.26301500056126403	0.13248696695178386	0.5250505344513707
b1850	eda	77	0.001192504600897116	0.0006402917478094833	270	0.003855030033673588	0.02852991211505312	0.0	1.0962410768861292e-14	0.14807692307692308	0.008712415129171862	0.021186732056160448	0.5370741482965932	0.49810090982608535	1.0962410768861292e-14	0.23839287926575686	0.07839466910304747	0.5175875290613392
b2957	ansB	31	0.00019885110088318364	8.384846742471841e-05	67	6.968715947683316e-05	0.005386629146889615	0.0	1.0962410768861292e-14	0.05961538461538462	0.0011409215543511195	0.0035329046028963885	0.13026052104208416	0.09320647420336749	1.0962410768861292e-14	0.05684466028303966	0.030378153084867868	0.11173349762272583
b1062	pyrC	52	0.000186817402356449	0.0001720522715780858	151	0.00014471607371285624	0.018772391388458293	1.0	0.9999999999999988	0.1	0.002341105939649437	0.003319106898351904	0.2985971943887775	0.32739194631791063	0.9999999999999988	0.34566604932926726	0.05117055296982472	0.3129945703533441
b1851	edd	77	0.0007201921774603042	0.0003373999933325796	78	4.90969520791363e-05	0.009727304609312431	0.0	0.0	0.14807692307692308	0.004590983433020772	0.012795354149003117	0.15230460921843686	0.16914709783903528	0.0	0.0948239227134832	0.07633395325497193	0.16072585352873608
b3177	folP	56	0.0007585700165080643	0.0002158602548524428	66	5.878845380364598e-06	0.00908814162924789	1.0	1.0	0.1076923076923077	0.0029371987950763062	0.013477197214587646	0.1282565130260521	0.1579648669325485	1.0	0.2793701772891969	0.055314753243692005	0.1431106899793003
b0674	asnB	42	0.0002558887026662091	0.0002095539926595782	323	0.0018486836840089615	0.04064149594592326	0.0	4.9726399363906895e-15	0.08076923076923077	0.0028513898270151	0.004546267893229889	0.6432865731462926	0.7099944819888312	4.9726399363906895e-15	0.2873803351462749	0.04181031029812294	0.6766405275675619
b1054	lpxL	43	0.00017574903812359074	0.0013956651333648289	21	9.07442671557936e-06	0.0015568941295960024	1.0	1.0962410768861292e-14	0.0826923076923077	0.018990739869418797	0.0031224598857322945	0.038076152304609215	0.026204813265947553	1.0962410768861292e-14	0.03319280262645885	0.05084152378086325	0.03214048278527838
b3744	asnA	22	3.376488795344428e-05	5.9281431204063684e-05	293	0.0012438397962976659	0.03810587634412339	0.0009746592007121	0.0009988140701584	0.04230769230769231	0.0008066392232419082	0.0005998866867580516	0.5831663326653306	0.6656335212281234	0.0009988140701584	0.2585825998989093	0.02155716576546711	0.624399926946727
b0930	asnS	65	0.00019862390685403554	0.00039426900611828957	197	0.0002516240630623372	0.02967866209600306	0.0	2.3733054241864654e-15	0.125	0.005364797009519828	0.0035288681413039556	0.39078156312625245	0.5181984247658702	2.3733054241864654e-15	0.207868956980329	0.06518239850475992	0.4544899939460613
b0578	nfsB	23	0.0007526371141349784	0.00018391105984746613	212	0.00043228092690101027	0.027927043347674613	0.0	1.0962410768861292e-14	0.04423076923076923	0.002502467829265008	0.013371789811715266	0.42084168336673344	0.48755365040493615	1.0962410768861292e-14	0.19102571416634298	0.02336661853001712	0.4541976668858348
b2303	folX	21	0.00012442899255058441	5.931271095901095e-05	4	0.0	0.0004352820089969377	0.0	1.0962410768861292e-14	0.04038461538461539	0.0008070648451731164	0.0022106780327757073	0.004008016032064128	0.006582078359137782	1.0962410768861292e-14	0.010356354924200274	0.02059584011489425	0.0052950471956009545
b1855	lpxM	82	0.0007234787450258767	0.002037653634454027	21	1.0796202931418961e-05	0.0016257778836970482	1.0	1.0962410768861292e-14	0.1576923076923077	0.027726242628558145	0.0128537452246802	0.038076152304609215	0.027409942580517318	1.0962410768861292e-14	0.05018092904120066	0.09270927516043291	0.03274304744256327
b3389	aroB	74	0.0005916676030110651	0.00024740322716234963	67	1.1855092336282665e-05	0.01039415578390096	1.0	1.0	0.1423076923076923	0.0033664023106800274	0.01051191162019479	0.13026052104208416	0.18081373693906244	1.0	0.2913496705199038	0.07283704730918616	0.15553712899057331
b1453	ansP	2	1.3699223060396931e-05	0.0003897039570987463	190	0.00046998372798992544	0.022112427692824174	0.0	0.0	0.0038461538461538464	0.00530268063479011	0.0002433883845310588	0.37675350701402804	0.38582627114019086	0.0	0.15434572252703255	0.004574417240471978	0.3812898890771095
b3502	arsB	15	1.4444119898357536e-05	2.3019962173106693e-05	312	0.0009098630566956124	0.046432782786975255	0.0	1.0962410768861292e-14	0.028846153846153848	0.0003132313783460076	0.0002566226560831181	0.6212424849699398	0.8113137209344323	1.0962410768861292e-14	0.2923431182257766	0.014579692612249928	0.7162781029521861
b2378	lpxP	30	4.0697445402462376e-05	0.0013467502078955296	21	9.07442671557936e-06	0.0015568941295960024	0.0	1.0962410768861292e-14	0.057692307692307696	0.018325157128177783	0.0007230545445808137	0.038076152304609215	0.026204813265947553	1.0962410768861292e-14	0.028059686078210643	0.03800873241024274	0.03214048278527838
b0131	panD	45	0.0008037518992229464	9.701704887062305e-05	203	0.000534004956754157	0.026562001322020412	1.0	0.9999999999981948	0.08653846153846154	0.0013201057287708859	0.014279924887212922	0.40280561122244485	0.46367208090855766	0.9999999999981948	0.39086725187928595	0.043929283633616215	0.4332388460655012
b1693	aroD	34	0.00013693503196441888	8.422102778965964e-05	101	3.192946788090639e-05	0.014410718144618535	1.0	0.9999999999999996	0.06538461538461539	0.0011459909630560552	0.002432867620929382	0.19839679358717432	0.25108396404657146	0.9999999999999996	0.30320227279628337	0.03326530317383572	0.2247403788168729
b0421	ispA	42	0.000761708200858124	0.0001542748910543305	73	8.643620352211978e-05	0.009600662690019541	1.0	1.0	0.08076923076923077	0.002099210085826414	0.013532952027539758	0.14228456913827653	0.16693148268586924	1.0	0.27841689853584056	0.0414342204275286	0.1546080259120729
b2779	eno	195	0.0015710936879518081	0.0019756016964786825	140	0.000983739445596552	0.016940265862868367	0.0776567175765358	0.0788231421094532	0.375	0.026881905269752007	0.02791296652165429	0.27655310621242485	0.2953386964961731	0.0788231421094532	0.21051937001756063	0.200940952634876	0.285945901354299
b0029	ispH	38	0.0002246398251780715	0.00011021600361620993	249	0.0014202439771018548	0.031472673956722846	1.0	1.0	0.07307692307692308	0.0014997031910341698	0.003991082115414953	0.4949899799599198	0.5495848715740362	1.0	0.42383029556038265	0.03728831313397862	0.5222874257669781
b2232	ubiG	32	0.000635373598387331	7.843228832445876e-05	180	0.0008870328458708691	0.02213429986394757	1.0	6.66785809652388e-15	0.06153846153846154	0.0010672238987170393	0.011288417817812911	0.3567134268537074	0.3862089273257905	6.66785809652388e-15	0.1611056079233366	0.03130284271858929	0.3714611770897489
b4244	pyrI	37	0.00029741716478510696	7.23071107115217e-05	182	0.0002952651951762305	0.02502865905522787	0.0	0.0	0.07115384615384615	0.000983878938725932	0.0052840867653378785	0.3607214428857715	0.43684607905810835	0.0	0.17394104940729038	0.036068862546286044	0.3987837609719399
b4245	pyrB	77	0.0006730747504682166	0.0001943231954012301	165	0.0002665596402967548	0.022636054231971063	1.0	1.0	0.14807692307692308	0.002644145193741355	0.011958238468186397	0.32665330661322645	0.39498717853334714	1.0	0.3744723106834476	0.07536053413533221	0.3608202425732868
b0583	entD	38	0.0004358617958720142	0.002274052136242436	156	0.00016017415436161186	0.02182164858576848	1.0	0.0	0.07307692307692308	0.03094290423717804	0.007743774804483102	0.30861723446893785	0.3807390567374567	0.0	0.15867522370409914	0.05200991365705056	0.3446781456031973
b4024	lysC	76	0.0006527368846229887	0.0003311207032507901	167	0.00018687721811450156	0.026633337477050625	0.0	0.0	0.14615384615384616	0.0045055414730139414	0.011596904085130078	0.3306613226452905	0.4649201152635014	0.0	0.1892481651071304	0.07532969381343005	0.397790718954396
b1590	ynfH	17	5.7108524730776235e-05	2.6996631207427347e-05	220	0.0006628255250468968	0.026999103652981565	0.0	0.0	0.032692307692307694	0.00036734169848812105	0.0010146233487764607	0.4368737474949899	0.4713192371848452	0.0	0.18825052681412618	0.016529824695397908	0.45409649233991756
b1588	ynfF	50	0.00039382908649132875	0.00033171462235517774	233	0.0010969240993593632	0.028697867930489215	0.0	0.0	0.09615384615384616	0.004513622898095981	0.00699699718150949	0.4629258517034068	0.5010393164123117	0.0	0.21292652743353213	0.05033373452597107	0.4819825840578592
b1589	ynfG	20	0.00011307039894097261	7.029891972547274e-05	226	0.0009495593206205906	0.027881906954692164	0.0	0.0	0.038461538461538464	0.0009565535927582912	0.00200887463582393	0.4488977955911823	0.48676398394370785	0.0	0.19501597431783738	0.019709046027148378	0.4678308897674451
b0585	fes	42	0.00027718029131347895	0.001997357135706247	162	0.00016917874442131406	0.022148576652911506	0.0	0.0	0.08076923076923077	0.027177930352874597	0.00492454667167681	0.32064128256513025	0.3864587014143677	0.0	0.16300942902032065	0.053973580561052684	0.353549991989749
b0895	dmsB	46	0.00011989131336661715	0.00013167006747696506	230	0.0007450821839568293	0.0285877190482492	0.0	0.0	0.08846153846153847	0.0017916274758654634	0.002130058978597462	0.4569138276553106	0.49911224886660543	0.0	0.209255848491864	0.045126582968701964	0.478013038260958
b0002	thrA	191	0.0033890234717091133	0.0007730409239290514	330	0.001220156043527225	0.04920269036623887	0.0	0.0	0.36730769230769234	0.010518725977884157	0.06021136704472507	0.657314629258517	0.8597735771949215	0.0	0.378982924947803	0.18891320914278825	0.7585441032267193
b2441	eutB	22	6.96674570880243e-05	4.332305384274212e-05	67	5.14830747584659e-05	0.0073811509523424275	0.0	0.0	0.04230769230769231	0.000589494446918504	0.0012377526638032415	0.13026052104208416	0.12810086588785474	0.0	0.06025171473690995	0.021448593377305408	0.12918069346496946
b3940	metL	205	0.005272847883940889	0.0020030372473370775	336	0.0012284474929471951	0.0508577776744552	0.0	0.0	0.3942307692307693	0.02725521932415548	0.09368048995861815	0.6693386773547093	0.8887295227489048	0.0	0.39591083773170777	0.21074299427746238	0.7790341000518071
b2440	eutC	27	0.0002536287849567963	8.095588703791141e-05	67	5.138010860894897e-05	0.007381150952342429	0.0	0.0	0.051923076923076926	0.001101562369712898	0.004506116877508624	0.13026052104208416	0.12810086588785477	0.0	0.062277205244545754	0.026512319646394913	0.12918069346496946
b2574	nadB	37	0.00024577497401948576	9.435353661524789e-05	228	0.0014851791814979995	0.023414651905667088	1.0	1.0	0.07115384615384615	0.0012838634617889132	0.004366581493055297	0.45290581162324645	0.40860883567256884	1.0	0.38679047138229006	0.03621885480781753	0.43075732364790764
b2500	purN	66	0.0001926472680424954	0.0005553730381350427	113	7.403354015402524e-05	0.015295341352579865	0.0015061284143128	0.0015634130752677	0.12692307692307692	0.007556930846501569	0.0034226836913644836	0.2224448897795591	0.2665605502776166	0.0015634130752677	0.12500977218040438	0.06724000388478925	0.24450272002858786
b0825	fsaA	23	4.2715828162886033e-05	0.00013173953647051641	44	3.374210748732463e-05	0.002499477603427088	0.0	0.0	0.04423076923076923	0.0017925727366977257	0.0007589143095659543	0.08416833667334668	0.04269542111052783	0.0	0.03457741995026829	0.023011670983733478	0.06343187889193726
b1415	aldA	95	0.001733508511467633	0.0014705121808354267	242	0.0016282854891182517	0.027909073413516908	1.0	0.9999999999984848	0.1826923076923077	0.02000917959004239	0.030798522975851356	0.48096192384769537	0.4872392643103198	0.9999999999984848	0.43418053508777	0.10135074364117505	0.4841005940790076
b4139	aspA	39	0.00015989529794363243	0.00014154543071523407	91	0.0001546998330941024	0.009944796747954713	0.0	0.0	0.07500000000000001	0.00192600100852071	0.002840793093815455	0.1783567134268537	0.1729521481790879	0.0	0.08564697252289247	0.03846300050426036	0.1756544308029708
b0928	aspC	106	0.0015172521703099191	0.00043041307304874846	103	0.0004001522328083736	0.010766045902416548	1.0	0.9999999999999102	0.20384615384615384	0.005856607370393678	0.026956386725720947	0.20240480961923846	0.18731999795039653	0.9999999999999102	0.3198855137572186	0.10485138060827376	0.1948624037848175
b3946	fsaB	23	4.2895401647515596e-05	0.0001419921838067988	44	3.380972694120704e-05	0.002499477603427088	0.0	0.0	0.04423076923076923	0.0019320799536379457	0.0007621047167982412	0.08416833667334668	0.04269542111052783	0.0	0.03460532139365634	0.023081424592203588	0.06343187889193726
b1866	aspS	124	0.0006716492247322209	0.0007998258900743301	160	0.00019367578046162518	0.022423498982147516	0.0	0.0	0.23846153846153847	0.010883187561337077	0.01193291174677586	0.3166332665330661	0.3912684996391582	0.0	0.19144929843901998	0.12467236301143778	0.35395088308611217
b0652	gltL	194	0.00026292439817549794	0.0728335438230314	326	0.0021530981822914736	0.04358913159576645	0.0	0.0	0.3730769230769231	0.991042085558458	0.004671268161968387	0.6492985971943888	0.7615637115793973	0.0	0.5549962634818335	0.6820595043176905	0.705431154386893
b0822	ybiV	14	8.350452339168846e-05	1.7660920867416053e-05	271	0.003326096573461549	0.03668584809213535	0.0	0.0	0.026923076923076925	0.00024031119358759246	0.0014835900517667885	0.5390781563126252	0.6407899612868676	0.0	0.24140630114323147	0.01358169405833226	0.5899340587997464
b0654	gltJ	190	0.00012550180505347468	0.07279920751516084	340	0.0021030790413280155	0.046728264227633265	0.0	0.0	0.3653846153846154	0.9905748732771897	0.0022297382452295088	0.6773547094188376	0.8164832032121537	0.0	0.5699594802585592	0.6779797443309026	0.7469189563154957
b2052	wcaG	76	0.0011461864239872522	0.00039297714583615807	163	0.00023428843328345523	0.022092019272627383	0.0	0.0	0.14615384615384616	0.005347218736638248	0.020363816318325244	0.3226452905811623	0.38546922344782597	0.0	0.17192311578389455	0.0757505324452422	0.35405725701449414
b2784	relA	149	0.0017468831705146463	0.0009406041833905539	223	0.0004499678438538738	0.03136886614568758	0.0	0.0	0.2865384615384616	0.01279875017282369	0.031036144966876296	0.4428857715430861	0.547768741808861	0.0	0.2579983450126465	0.14966860585564262	0.49532725667597355
b3666	uhpT	13	5.9825063316237945e-05	4.1277524102307294e-05	152	0.0012798469641335155	0.020815727023874988	0.0	0.0	0.025	0.0005616610345424974	0.0010628869572246798	0.3006012024048096	0.36314034165265785	0.0	0.13786064101840198	0.01278083051727125	0.3318707720287337
b3650	spoT	59	0.0005366951633823933	0.00030824318569848657	237	0.0008048479816802921	0.030475557719418095	0.0	0.0	0.11346153846153847	0.004194248330907274	0.00953523920483477	0.47094188376753504	0.5321402066702223	0.0	0.22414757544604064	0.05882789339622287	0.5015410452188787
b0404	acpH	18	4.507939372063579e-05	4.555226547317588e-05	179	0.0006724603664388872	0.023278135184451328	0.0	0.0	0.03461538461538462	0.0006198272088220603	0.0008009067933949823	0.3547094188376753	0.4062204597076828	0.0	0.15923301807391294	0.01761760591210334	0.38046493927267905
b2051	wcaH	33	0.00025762648749798794	2.7421055644335887e-05	175	0.0002581716911955358	0.023530687127811662	0.0	0.0	0.06346153846153846	0.0003731168188109469	0.004577142391805795	0.34669338677354705	0.4106388854216565	0.0	0.1642333854951106	0.0319173276401747	0.3786661360976018
b3747	kup	23	0.00010016869356432196	0.003238772624444254	186	0.00038374082840079163	0.024402810321236264	0.0	0.0	0.04423076923076923	0.044069803663238545	0.001779655415472926	0.3687374749498998	0.4258967824400222	0.0	0.17658696605678595	0.04415028644700389	0.397317128694961
b0452	tesB	33	0.00011505969751417725	7.557592451922945e-05	212	0.0010580200473025547	0.02496074276101804	0.0097988938927329	0.0105206903152501	0.06346153846153846	0.0010283575111425685	0.0020442176741807478	0.42084168336673344	0.43565787556720764	0.0105206903152501	0.18630202904437443	0.03224494798634051	0.4282497794669705
b0842	mdfA	71	0.0015388600692408073	0.0006641336279984815	181	0.0007389557583246621	0.02180521264635764	0.0	0.0	0.13653846153846155	0.009036830301438517	0.027340285257098453	0.35871743486973945	0.3804515080599058	0.0	0.17694884695390906	0.07278764591995003	0.36958447146482265
b2467	nudK	9	5.255394842824817e-05	2.9817251787255148e-05	139	0.0005217057944892599	0.01571663972190856	0.0	0.0	0.01730769230769231	0.0004057217299306898	0.0009337040905376193	0.2745490981963928	0.27393121440131807	0.0	0.11323874532706676	0.0088567070188115	0.27424015629885545
b3729	glmS	103	0.0016988878533125997	0.0012797848355938996	84	0.0006256020671062759	0.00798004512228468	1.0	0.9999999999999996	0.1980769230769231	0.01741396293464439	0.030183432176715815	0.16432865731462923	0.13857858926314592	0.9999999999999996	0.3036796265178684	0.10774544300578374	0.15145362328888756
b1298	puuD	23	1.9978566007314488e-05	0.00010879781490774509	153	0.00041512075575014557	0.020361949095202298	0.0	5.424698112426207e-15	0.04423076923076923	0.0014804059740984206	0.000354950852638099	0.30260521042084165	0.35520144384888813	5.424698112426207e-15	0.14070356589492056	0.02285558760243383	0.3289033271348649
b1805	fadD	67	0.00046800520135219015	0.00026800129558048866	386	0.003539078196314266	0.049730598878694285	0.0	0.0	0.12884615384615386	0.0036466791118911356	0.008314853288179252	0.7695390781563125	0.8690093982106822	0.0	0.3542082618650079	0.0662464164790225	0.8192742381834974
b1301	puuB	22	0.00010827909304280157	0.0012539658046279885	178	0.00046202191576072025	0.022876998181188626	0.0	0.0	0.04230769230769231	0.017062644778854427	0.0019237495015583816	0.35270541082164325	0.39920252103550447	0.0	0.1622556537887389	0.02968516854327337	0.3759539659285739
b1297	puuA	33	0.0004959820822179326	0.0013517269967720442	346	0.002277448018407666	0.047067363987173615	0.0	0.0	0.06346153846153846	0.018392876024838217	0.00881190686618951	0.68937875751503	0.8224157930676104	0.0	0.31872979301380344	0.04092720724318834	0.7558972752913202
b1701	fadK	53	0.0009280566774362212	0.00019732619838233305	360	0.0030671870921339397	0.045053639843887425	0.0	0.0	0.10192307692307692	0.0026850068926388	0.016488396055646025	0.7174348697394789	0.787185454242418	0.0	0.32184568155952253	0.05230404190785786	0.7523101619909485
b3882	yihU	27	0.0004031091896067603	3.786611757257131e-05	121	0.00017488749469180858	0.01328435041776429	0.0	0.0	0.051923076923076926	0.0005152422106811737	0.007161872904431042	0.23847695390781562	0.2313780292534973	0.0	0.1044586604590142	0.02621915956687905	0.23492749158065646
b0047	kefC	40	0.0006953984864882377	0.0017420105382889557	183	0.00037545530009114525	0.022895449304683818	0.0	0.0	0.07692307692307693	0.023703443033411417	0.01235485497867435	0.3627254509018036	0.39952532559371984	0.0	0.17257545929040236	0.05031325997824417	0.3811253882477617
b3844	fre	49	0.0011961717780527082	0.0001529731453923188	273	0.001611761376336157	0.034517481622735144	0.0020876274723558	0.0022614530033845	0.09423076923076923	0.0020814973031162746	0.021251885263736798	0.5430861723446894	0.602854136924405	0.0022614530033845	0.24890280576127286	0.04815613326694275	0.5729701546345471
b3350	kefB	50	0.001012620059684827	0.0017890584806370582	184	0.00038355260626767333	0.024118758103438605	0.0	0.0	0.09615384615384616	0.0243436218364529	0.017990798411256274	0.36472945891783565	0.42092725574967427	0.0	0.1812308365315618	0.06024873399514953	0.392828357333755
b3432	glgB	40	0.0005510623195366062	0.00018092821510192885	4	0.0	0.00024646040505976665	0.0	2.2263865169749222e-14	0.07692307692307693	0.002461880422386976	0.009790494478163972	0.004008016032064128	0.003278622368702558	2.2263865169749222e-14	0.01733431914925057	0.03969247867273195	0.003643319200383343
b2763	cysI	46	0.00027419915060763014	0.0031455824083402107	223	0.0009850774970666743	0.02989552018922329	1.0	0.999999999999985	0.08846153846153847	0.04280176944063094	0.0048715819876755774	0.4428857715430861	0.5219923824072908	0.999999999999985	0.41922829237050624	0.0656316539510847	0.4824390769751885
b0459	maa	11	0.00014078537759104569	3.2176185567187225e-05	78	0.0002585843767109864	0.008260956499002128	0.0	9.041163520710345e-16	0.021153846153846155	0.00043781961409569074	0.002501275106362631	0.15230460921843686	0.14349316657235803	9.041163520710345e-16	0.06347788831174753	0.010795832883970922	0.14789888789539746
b0308	ykgG	14	4.013558681271419e-05	4.328240380206237e-05	170	0.0006401499827604938	0.015536815223558311	0.0	1.5482992529216462e-14	0.026923076923076925	0.0005889413240169028	0.0007130722372710627	0.3366733466933867	0.2707851638228058	1.5482992529216462e-14	0.12699410575266035	0.013756009123546914	0.30372925525809624
b0306	ykgE	37	0.0008883037717197968	6.4799479079083e-05	131	0.0003575186589155368	0.012234933810497365	0.0	1.5482992529216462e-14	0.07115384615384615	0.0008817230017761237	0.015782122753862465	0.25851703406813625	0.21301836327538362	1.5482992529216462e-14	0.10871419329983152	0.036017784577811136	0.23576769867175995
b0307	ykgF	26	0.00017107856487849355	0.00048097276561097254	137	0.0003840231971036317	0.013189518399209493	0.0	1.5482992529216462e-14	0.05	0.00654457036837451	0.0030394815348354517	0.27054108216432865	0.22971893202496113	1.5482992529216462e-14	0.11136091691153596	0.028272285184187257	0.2501300070946449
b2764	cysJ	52	0.0004754324418209344	0.0035614279309001684	227	0.0010225474766661137	0.030117570822272947	1.0	1.0	0.1	0.048460156940617546	0.008446809972966526	0.4509018036072144	0.5258771841388337	1.0	0.42504782893733317	0.07423007847030877	0.488389493873024
b3605	lldD	51	0.0005071128766271167	0.00020435025266890992	162	0.0005553046708909514	0.01518100663554076	0.0	0.0	0.09807692307692309	0.002780582818837845	0.009009663049723043	0.32064128256513025	0.2645602510637447	0.0	0.13721180790492718	0.05042875294788047	0.2926007668144375
b0837	yliI	8	1.6338728251079387e-05	5.94897958970769e-06	179	0.0007478973324635608	0.016651204821182382	0.0	1.5482992529216462e-14	0.015384615384615385	8.094744303330572e-05	0.0002902833727715768	0.3547094188376753	0.29028153984752636	1.5482992529216462e-14	0.13209130430257315	0.007732781413824346	0.3224954793426008
b0124	gcd	44	0.0010747447742616297	0.0005594670183700018	148	0.0005463555567646365	0.01308396685378834	0.0	1.5482992529216462e-14	0.08461538461538462	0.007612637413796267	0.019094542313639523	0.2925851703406813	0.22787229542326579	1.5482992529216462e-14	0.1225370975586287	0.04611401101459044	0.26022873288197357
b2925	fbaA	94	0.0007102369117087431	0.0010712675547624015	45	3.6065644480375555e-05	0.002602592332185862	0.0	1.5482992529216462e-14	0.1807692307692308	0.014576679589317453	0.012618483093019332	0.08617234468937875	0.04449942532041484	1.5482992529216462e-14	0.06520353607367146	0.09767295517927413	0.06533588500489679
b3415	gntT	13	0.00022490613774405957	1.2825050042329254e-05	189	0.00043286809601920684	0.024261452070282824	0.0	1.7969312497411813e-14	0.025	0.00017450976121969738	0.003995813579741827	0.374749498997996	0.4234237033475209	1.7969312497411813e-14	0.1646695424213509	0.01258725488060985	0.3990866011727584
b2257	arnT	53	0.00080848177134259	0.0005824771632859897	13	0.0005340977246854222	0.001624528322290198	0.0	1.7969312497411813e-14	0.10192307692307692	0.00792573520925644	0.014363958553148804	0.022044088176352703	0.02738808135791988	1.7969312497411813e-14	0.031856196333324774	0.05492440606616668	0.02471608476713629
b1773	ydjI	27	0.0001673351496146005	0.00011164072474886004	41	2.5084496305017448e-05	0.0021638033827453686	0.0	1.7969312497411813e-14	0.051923076923076926	0.0015190892943119606	0.0029729738365746835	0.0781563126252505	0.036822761457055785	1.7969312497411813e-14	0.03368424805994262	0.026721083108694442	0.057489537041153144
b0344	lacZ	195	0.008107793980015642	0.002056709913946516	79	0.0002848931695026	0.009353442392437905	0.0	1.7969312497411813e-14	0.375	0.02798554039137343	0.14404779528055028	0.15430861723446893	0.1626063347368296	1.7969312497411813e-14	0.14398009847253798	0.2014927701956867	0.15845747598564924
b2132	bglX	31	0.0002907049984897313	0.0016541168921602898	73	0.0001659597497281183	0.005422805783514124	0.0	1.7969312497411813e-14	0.05961538461538462	0.0225074789515546	0.005164834505254746	0.14228456913827653	0.09383938868179126	1.7969312497411813e-14	0.063649364277405	0.04106143178346961	0.1180619789100339
b4476	gntU	7	5.2224081002078424e-05	6.575667860124856e-06	182	0.00036954559238964037	0.022238992072204505	0.0	1.7969312497411813e-14	0.013461538461538462	8.947475638247238e-05	0.0009278434735076673	0.3607214428857715	0.3880405297235402	1.7969312497411813e-14	0.15246259716545013	0.006775506608960468	0.3743809863046559
b3428	glgP	32	0.00012526933038869303	0.00019084152454925063	108	0.00047028974458580445	0.016436339886763345	0.0	1.7969312497411813e-14	0.06153846153846154	0.002596770287053337	0.0022256079647854175	0.2124248496993988	0.28652245275187166	1.7969312497411813e-14	0.11261650685536066	0.03206761591275744	0.24947365122563522
b1326	mpaA	31	0.000396414978240297	0.0004637981511508564	111	0.0005531722286973705	0.014452066529664838	0.0	1.7969312497411813e-14	0.05961538461538462	0.0063108763197288415	0.007042939642083991	0.21843687374749496	0.25180735886701516	1.7969312497411813e-14	0.10723409870992832	0.03296313046755673	0.23512211630725505
b2097	fbaB	86	0.0012197328859197552	0.0006991281537455224	41	2.5084496305017448e-05	0.0021638033827453686	0.0	1.7969312497411813e-14	0.1653846153846154	0.009512998917697853	0.021670485643936494	0.0781563126252505	0.036822761457055785	1.7969312497411813e-14	0.05797533767692751	0.08744880715115663	0.057489537041153144
b4130	dtpC	12	9.202058673040503e-05	0.0007874093423653899	188	0.0005640505838880133	0.02455422235835495	0.0	1.7969312497411813e-14	0.023076923076923078	0.010714236269240082	0.0016348913985246493	0.3727454909819639	0.4285457536944458	1.7969312497411813e-14	0.16701648080451817	0.01689557967308158	0.4006456223382049
b3417	malP	44	0.0007548061474564311	0.0017775198056370046	112	0.0006083333747127497	0.01809287553792686	0.0	1.7969312497411813e-14	0.08461538461538462	0.024186615710753187	0.013410326122407846	0.22044088176352702	0.3155037372346922	1.7969312497411813e-14	0.128949323864875	0.054401000163068904	0.2679723094991096
b3925	glpX	33	8.042378590079679e-05	0.0001369202440913199	192	0.0010850660345958546	0.025896800463100215	0.0	1.7969312497411813e-14	0.06346153846153846	0.001863066344665846	0.0014288558732103395	0.3807615230460921	0.452034314273688	1.7969312497411813e-14	0.17962408842520047	0.03266230240310215	0.41639791865989007
b3126	garL	20	0.0003254085416084053	1.1343703844904476e-05	60	0.0001563842344564326	0.004605266378655898	0.0	1.7969312497411813e-14	0.038461538461538464	0.00015435316375277984	0.00578139788698227	0.11623246492985971	0.07953644141260909	1.7969312497411813e-14	0.046876959593555596	0.01930794581264562	0.0978844531712344
b2787	gudD	14	0.00019459048664860248	6.309653441334284e-06	102	6.010592052981237e-05	0.014897123976637514	0.0	1.7969312497411813e-14	0.026923076923076925	8.585511259543666e-05	0.0034572080461578855	0.2004008016032064	0.25959369082603667	1.7969312497411813e-14	0.09740068489298667	0.01350446601783618	0.22999724621462153
b3496	dtpB	18	0.00015968517696815927	2.7163091701367756e-05	176	0.00032929599201561344	0.022954723497561683	0.0	1.7969312497411813e-14	0.03461538461538462	0.0003696067174123496	0.0028370599620494395	0.3486973947895791	0.4005623345135559	1.7969312497411813e-14	0.15684894412719	0.017492495666398482	0.3746298646515675
b4232	fbp	66	0.0003005988112958294	0.0002907533307419396	194	0.0011061023074134062	0.02636470368502267	0.0	1.7969312497411813e-14	0.12692307692307692	0.003956264821902593	0.0053406137523779144	0.38476953907815625	0.4602203357308407	1.7969312497411813e-14	0.19517384331079887	0.06543967087248975	0.4224949374044985
b1634	dtpA	14	0.00011567885236190302	1.7258513842279784e-05	179	0.00038647033848898004	0.02254901836932012	0.0	1.7969312497411813e-14	0.026923076923076925	0.00023483566299411455	0.0020552179402176	0.3547094188376753	0.39346447596191564	1.7969312497411813e-14	0.15506636147713598	0.013578956293035519	0.3740869473997955
b2788	gudX	7	4.6120482945174315e-05	3.4132706261516853e-06	102	4.711046474336866e-05	0.014730853606561557	0.0	1.7969312497411813e-14	0.013461538461538462	4.644418852027787e-05	0.000819403391588616	0.2004008016032064	0.25668477130302453	1.7969312497411813e-14	0.09411871111126154	0.00675399132502937	0.22854278645311546
b3429	glgA	32	0.00015402045177165824	0.00015534512877692693	168	0.0009377557085218986	0.022869687023557184	1.0	1.7969312497411813e-14	0.06153846153846154	0.0021137727525452326	0.002736417151262999	0.3326653306613226	0.3990746114797598	1.7969312497411813e-14	0.15907843528642146	0.03182611714550339	0.3658699710705412
b2930	yggF	29	8.205671021717124e-05	9.785282122173915e-05	214	0.0013331445547931518	0.03027105066438657	0.0	1.7969312497411813e-14	0.05576923076923077	0.0013314780378804734	0.0014578673587282885	0.4248496993987976	0.5285623318828916	1.7969312497411813e-14	0.20210254801776367	0.028550354403555623	0.4767060156408446
b3631	waaG	35	0.0001644300370242091	9.42352555661156e-05	102	0.0002862501201042805	0.010697798849819931	1.0	1.7969312497411813e-14	0.06730769230769232	0.0012822540179604084	0.00292135991240257	0.2004008016032064	0.18612600780292984	1.7969312497411813e-14	0.0910233511463614	0.03429497316282636	0.19326340470306813
b3627	waaO	30	0.00011532540717933253	7.100647757755291e-05	126	0.00035572677076831934	0.01579263943169785	1.0	1.7969312497411813e-14	0.057692307692307696	0.0009661812941246093	0.002048938427019892	0.24849699398797592	0.2752608381908623	1.7969312497411813e-14	0.11648326423305769	0.029329244493216153	0.2618789160894191
b3626	waaR	31	0.00011896934389543947	8.578626994673362e-05	122	0.00033604010070231537	0.016151437194795618	1.0	1.7969312497411813e-14	0.05961538461538462	0.0011672891283014497	0.0021136787313974876	0.24048096192384766	0.2815380469166947	1.7969312497411813e-14	0.11656033651684927	0.030391336871843033	0.26100950442027115
b0709	dtpD	13	9.696099821041547e-05	0.000100249222069191	155	0.0003994055914181448	0.016964993537192108	0.0	1.7969312497411813e-14	0.025	0.0013640857344037027	0.0017226656294965187	0.3066132264529058	0.2957713100434104	1.7969312497411813e-14	0.12574972444614757	0.013182042867201852	0.3011922682481581
b2799	fucO	40	0.0005452487884106725	0.00012001680787604961	149	0.00037020004899843156	0.017942441530754506	0.0	1.7969312497411813e-14	0.07692307692307693	0.0016330622037086335	0.009687207894470588	0.2945891783567134	0.3128718767282851	1.7969312497411813e-14	0.13720343884236041	0.03927806956339278	0.30373052754249924
b2802	fucI	26	0.00011878035508517717	0.0004563129634426827	2	2.9769416213562805e-07	0.00020190854337233797	0.0	1.7969312497411813e-14	0.05	0.006209025776040766	0.0021103210460001924	0.0	0.0024991823506771353	1.7969312497411813e-14	0.011741641625347176	0.028104512888020385	0.0012495911753385676
b0070	setA	10	7.583527188438402e-05	0.0004308681493375034	180	0.00028356020108000646	0.023421631670187244	0.0	1.7969312497411813e-14	0.019230769230769232	0.005862799568804231	0.0013473336577584751	0.3567134268537074	0.4087309474671684	1.7969312497411813e-14	0.15810758862409346	0.012546784399786732	0.38272218716043793
b1621	malX	61	0.0005873604574402451	0.0010444335616266085	115	0.0002415637404318949	0.009888119985388917	0.0	1.7969312497411813e-14	0.11730769230769231	0.014211550898260296	0.010435388360605527	0.22645290581162322	0.1719605816056001	1.7969312497411813e-14	0.10598654612463879	0.0657596216029763	0.19920674370861166
b3431	glgX	25	8.319706174345862e-05	0.00012871871276982908	4	0.0	0.00024646040505976665	0.0	1.7969312497411813e-14	0.04807692307692308	0.001751468552234208	0.0014781275088519095	0.004008016032064128	0.003278622368702558	1.7969312497411813e-14	0.011423006005988388	0.024914195814578644	0.003643319200383343
b3430	glgC	59	0.0007782920350407087	0.00030215092570790074	240	0.0008506157394185625	0.03301515950129244	1.0	1.7969312497411813e-14	0.11346153846153847	0.00411135127922042	0.013827590095204984	0.47695390781563124	0.5765708361359285	1.7969312497411813e-14	0.23421952673846733	0.05878644487037945	0.5267623719757799
b2803	fucK	28	0.000238970399895943	0.0008614087087431773	222	0.0009219869494545641	0.03370010752840831	0.0	1.7969312497411813e-14	0.05384615384615385	0.011721141639150924	0.004245687461616485	0.44088176352705405	0.5885540817822562	1.7969312497411813e-14	0.2190006281589266	0.03278364774265238	0.5147179226546551
b2170	setB	16	0.00029342027359769183	4.481384810838625e-05	174	0.0002494896962139161	0.02146961314711685	0.0	1.7969312497411813e-14	0.03076923076923077	0.0006097796037379001	0.00521307566602498	0.344689378757515	0.3745801556667605	1.7969312497411813e-14	0.15012970895945243	0.015689505186484334	0.3596347672121377
b2800	fucA	28	0.00023720836729660723	0.0008616945159227746	25	2.164100148792623e-05	0.0010909579197608454	0.0	1.7969312497411813e-14	0.05384615384615385	0.011725030601962123	0.004214382163063958	0.04609218436873747	0.018053204914750674	1.7969312497411813e-14	0.025943314746324414	0.03278559222405798	0.03207269464174407
b3870	glnA	104	0.0014740972821115357	0.0020390380612671966	363	0.0022391609387568353	0.05192335110596846	0.0	1.7969312497411813e-14	0.2	0.027745080449213422	0.026189671819560518	0.7234468937875751	0.9073718542522025	1.7969312497411813e-14	0.37171276569780176	0.11387254022460672	0.8154093740198888
b2738	ygbL	15	0.00016201873919375668	2.2048323982805088e-05	25	2.164100148792623e-05	0.0010909579197608454	0.0	1.7969312497411813e-14	0.028846153846153848	0.0003000103501221928	0.0028785193891853315	0.04609218436873747	0.018053204914750674	1.7969312497411813e-14	0.018658310695956436	0.01457308209813802	0.03207269464174407
b0680	glnS	136	0.0009867023984958807	0.0009198921813005666	194	0.0002585861573403186	0.03066403547753854	0.0	1.7969312497411813e-14	0.26153846153846155	0.012516923082311292	0.01753033013069831	0.38476953907815625	0.5354376470379779	1.7969312497411813e-14	0.238852514147385	0.13702769231038642	0.4601035930580671
b0343	lacY	46	0.0012571212196087224	0.0014089644393198168	181	0.000269269315307416	0.022974045393261405	0.0	1.7969312497411813e-14	0.08846153846153847	0.019171702805152586	0.02233474858036336	0.35871743486973945	0.40090037333308126	1.7969312497411813e-14	0.17345020989390597	0.053816620633345524	0.3798089041014103
b0475	hemH	36	0.00035303689045843484	0.0012576054471188862	121	0.00012689684855011492	0.01711499074872014	1.0	1.0	0.06923076923076923	0.01711216919707621	0.006272259241981944	0.23847695390781562	0.2983955287590598	1.0	0.32464308421894417	0.043171469213922724	0.2684362413334377
b1380	ldhA	88	0.0019601503848031233	0.0003741881855737946	240	0.001413401458445289	0.027389847631659723	0.0	0.0	0.16923076923076924	0.005091558372107153	0.03482517464617021	0.47695390781563124	0.47815534867937715	0.0	0.22588631681957697	0.0871611638014382	0.47755462824750416
b2133	dld	47	0.00029771757516790584	0.00020297182202155936	309	0.0021594367734478225	0.034460671441931594	0.0	1.7969312497411813e-14	0.0903846153846154	0.002761826587686066	0.005289424031359713	0.6152304609218436	0.601860236183282	1.7969312497411813e-14	0.26204742781548906	0.04657322098615073	0.6085453485525628
b0810	glnP	196	0.0005310348266736787	0.07305457342090688	287	0.0008811244588839244	0.04097419377918985	0.0	1.7969312497411813e-14	0.3769230769230769	0.9940496233240362	0.00943467436248115	0.5711422845691382	0.7158150693972245	1.7969312497411813e-14	0.5315860108426987	0.6854863501235566	0.6434786769831813
b3892	fdoI	63	0.00023553479527873092	0.00012014011518542742	248	0.0006916749740796423	0.028824224487966482	0.0	1.7969312497411813e-14	0.12115384615384617	0.001634740039588037	0.004184648506780571	0.4929859719438877	0.5032499391272206	1.7969312497411813e-14	0.2238048994529121	0.0613942930967171	0.49811795553555416
b0809	glnQ	196	0.00033633174605732496	0.07295358899840634	195	0.0005631285244429072	0.02599669007385705	0.0	1.7969312497411813e-14	0.3769230769230769	0.9926755337571875	0.00597546590624175	0.3867735470941883	0.453781894667861	1.7969312497411813e-14	0.4420308104884663	0.6847993053401322	0.42027772088102466
b4054	tyrB	55	0.00045278548295549036	0.00016684534729683928	79	5.0934374918705094e-05	0.008998577979919592	0.0	1.7969312497411813e-14	0.10576923076923078	0.00227025560300277	0.00804445089694444	0.15430861723446893	0.1563979404382833	1.7969312497411813e-14	0.08374920880900075	0.05401974318611678	0.15535327883637612
b0642	leuS	137	0.0006656158883728697	0.0012946680382923377	201	0.0002684071196854799	0.031254602378107746	0.0	1.7969312497411813e-14	0.26346153846153847	0.017616477867569914	0.011825719975143197	0.3987975951903807	0.5457696838640567	1.7969312497411813e-14	0.24512905907671273	0.1405390081645542	0.4722836395272187
b1475	fdnH	55	0.00040998540369604824	0.0001550836477867729	222	0.0005928564654726975	0.025853190854547983	0.0	1.7969312497411813e-14	0.10576923076923078	0.002110214794876088	0.007284039733272575	0.44088176352705405	0.4512713590841942	1.7969312497411813e-14	0.2000065136350746	0.05393972278205344	0.4460765613056241
b3458	livK	192	0.00024162122389284073	0.07289488337926663	320	0.0010124207605027929	0.04818935674656946	0.0	1.7969312497411813e-14	0.36923076923076925	0.9918767295775147	0.004292783546367909	0.6372745490981964	0.8420451872945784	1.7969312497411813e-14	0.5680854470402152	0.680553749404142	0.7396598681963874
b0811	glnH	188	8.312782409911853e-05	0.07271586258639465	297	0.0010978858959479	0.04277336548535112	0.0	1.7969312497411813e-14	0.3615384615384616	0.9894408033460895	0.0014768973924919981	0.5911823647294588	0.7472917883033814	1.7969312497411813e-14	0.5378906835834818	0.6754896324422756	0.6692370765164202
b1474	fdnG	65	0.0004731034832177074	0.0002406313827294546	240	0.0006365377307140403	0.027922715411423844	0.0	1.7969312497411813e-14	0.125	0.003274258190298348	0.008405432336469914	0.47695390781563124	0.4874779326552946	1.7969312497411813e-14	0.21854121973224844	0.06413712909514917	0.4822159202354629
b3894	fdoG	79	0.0006161275346202992	0.00025974353321344063	261	0.0008249085977431672	0.0315405151211455	0.0	1.7969312497411813e-14	0.15192307692307694	0.003534316186668519	0.010946481027077576	0.5190380761523046	0.550771760660545	1.7969312497411813e-14	0.2450534459845226	0.07772869655487273	0.5349049184064247
b2091	gatD	18	0.00015708563088005136	8.424431642552909e-05	110	0.00017922612940752617	0.011640295375906102	0.0	1.7969312497411813e-14	0.03461538461538462	0.0011463078502628337	0.002790874910524314	0.2164328657314629	0.20261509448656875	1.7969312497411813e-14	0.09096193053673943	0.017880846232823724	0.20952398010901582
b1651	gloA	52	0.0009447387084496434	0.00012112964088069857	25	2.408339598189274e-06	0.0034296643368366187	0.0	1.7969312497411813e-14	0.1	0.0016482044621230433	0.016784778745463778	0.04609218436873747	0.0589691465351225	1.7969312497411813e-14	0.04134190707320019	0.05082410223106153	0.052530665451929984
b1476	fdnI	49	0.00023368250088337913	0.0004854054073174915	244	0.0007307215212722339	0.028707404628082744	0.0	1.7969312497411813e-14	0.09423076923076923	0.006604885083968135	0.004151739564530852	0.48496993987975945	0.5012061620493437	1.7969312497411813e-14	0.21740235124877166	0.05041782715736868	0.49308805096455155
b3893	fdoH	65	0.00048760701441924345	0.0002891511906616985	251	0.0006203661129489964	0.03033986646157831	0.0	1.7969312497411813e-14	0.125	0.003934464588615346	0.008663110528406397	0.4989979959919839	0.5297662722834047	1.7969312497411813e-14	0.2315397465728044	0.06446723229430767	0.5143821341376943
b0242	proB	37	0.0005338615566139184	0.00018888502921939396	189	0.0004543702910755887	0.028327813876790005	0.0008938649627361	0.0009160197587658	0.07115384615384615	0.002570148361079258	0.009484895694787901	0.374749498997996	0.4945651775691512	0.0009160197587658	0.18879093816816767	0.036861997257462704	0.43465733828357356
b0935	ssuD	21	7.539600484394046e-05	0.0032440569370201446	229	0.0010564063983986907	0.029190341698434243	0.0	0.0	0.04038461538461539	0.04414170701821847	0.0013395293833934295	0.4549098196392785	0.5096552024387407	0.0	0.20981826889617058	0.04226316120141693	0.48228251103900965
b0622	pagP	67	0.001113084861517571	0.0007034862148962713	18	3.119771051632583e-05	0.0021639616112974934	0.0	1.7969312497411813e-14	0.12884615384615386	0.009572298819708988	0.019775714658878566	0.03206412825651302	0.03682552968403552	1.7969312497411813e-14	0.04146162212128587	0.06920922633293142	0.034444828970274274
b3409	feoB	36	0.0004895972474226906	0.002248435205990086	296	0.0011905129884241224	0.042379137648530844	0.0	1.7969312497411813e-14	0.06923076923076923	0.030594336054850128	0.008698470168395743	0.5891783567134268	0.7403947263041961	1.7969312497411813e-14	0.28587963766065205	0.04991255264280968	0.6647865415088114
b4386	lplA	20	3.929319034979715e-05	4.419874167253681e-05	235	0.0004650183652343192	0.03215008653334065	0.0	1.7969312497411813e-14	0.038461538461538464	0.0006014098837843326	0.0006981057305326786	0.4669338677354709	0.5614362836347496	1.7969312497411813e-14	0.21348661994311224	0.0195314741726614	0.5141850756851103
b1492	gadC	40	0.0002976678887635825	0.00014352821502522104	61	5.7112924836455246e-05	0.006560132170746253	0.0	1.7969312497411813e-14	0.07692307692307693	0.001952980647223402	0.005288541273729729	0.11823647294589176	0.11373704651670814	1.7969312497411813e-14	0.06216991540658364	0.03943802878515017	0.11598675973129996
b2688	gshA	50	0.0006117144090367573	0.00216507162223983	325	0.0017527362158823489	0.04567567989298166	1.0	1.7969312497411813e-14	0.09615384615384616	0.02946001228639228	0.010868074864788267	0.6472945891783567	0.7980681174738706	1.7969312497411813e-14	0.31419531301849674	0.06280692922011921	0.7226813533261136
b0630	lipB	25	0.0003741317177384856	6.0147045253545254e-05	117	0.0003117027309741746	0.014284837109310222	0.0	1.7969312497411813e-14	0.04807692307692308	0.0008184175867246918	0.006647042243252711	0.23046092184368736	0.24888166064748682	1.7969312497411813e-14	0.10564758463096799	0.024447670331823886	0.2396712912455871
b2392	mntH	37	0.000647290792137454	0.0017201918405956552	193	0.00042093490803928664	0.025413039037042815	0.0	1.7969312497411813e-14	0.07115384615384615	0.023406557195772136	0.011500145630565383	0.3827655310621242	0.44357085168503974	1.7969312497411813e-14	0.18417935721936005	0.04728020167480915	0.41316819137358196
b0628	lipA	32	0.0001357989515579892	6.057038907974154e-05	231	0.0011686842694198685	0.029016191644884514	1.0	1.7969312497411813e-14	0.06153846153846154	0.0008241780032360905	0.0024126833540115255	0.45891783567134264	0.5066084269340433	1.7969312497411813e-14	0.20557778042942032	0.031181319770848818	0.482763131302693
b1493	gadB	82	0.0014853397259297265	0.00025711750812312795	229	0.0009927749196459578	0.028850174417245734	0.0	1.7969312497411813e-14	0.1576923076923077	0.00349858400551095	0.026389411631594164	0.4549098196392785	0.5037039361675033	1.7969312497411813e-14	0.22396092950092367	0.08059544584890932	0.4793068779033909
b4289	fecC	195	0.0005507679522857417	0.07291894125873612	330	0.001422947347965638	0.047670053153678386	0.0	1.7969312497411813e-14	0.375	0.9922040838402908	0.009785264577947667	0.657314629258517	0.8329599103505197	1.7969312497411813e-14	0.5714957246898691	0.6836020419201454	0.7451372698045184
b3517	gadA	89	0.0017064569931998128	0.0007155232517083763	210	0.0009380626104156049	0.02325804129616948	0.0	1.7969312497411813e-14	0.17115384615384616	0.009736086127590061	0.030317909929309255	0.4168336673346693	0.40586891478786585	1.7969312497411813e-14	0.2007185028807979	0.0904449661407181	0.41135129106126755
b0182	lpxB	52	0.00017438676366390835	0.0018514013977688514	125	0.00026547833934605216	0.01634992024693023	1.0	1.0	0.1	0.025191918532879103	0.0030982569233768214	0.24649298597194386	0.28501053107053187	1.0	0.331339087115071	0.06259595926643956	0.2657517585212379
b4288	fecD	194	0.00019879938531663666	0.07294405615767623	308	0.0013353184831702018	0.044953142629083134	0.0	0.0	0.3730769230769231	0.992545820909747	0.0035319857939871907	0.6132264529058116	0.7854272437445464	0.0	0.5528552881274056	0.6828113719933351	0.699326848325179
b0494	tesA	46	0.00030547488051601424	0.00012988125572617853	149	0.0003577557858418198	0.01503545503779219	0.0	0.0	0.08846153846153847	0.0017672872112687217	0.005427244841245521	0.2945891783567134	0.2620138088798306	0.0	0.12936636258187023	0.04511441283640359	0.278301493618272
b1761	gdhA	102	0.0013190451083621847	0.0004210466611085945	275	0.0018848929171117184	0.030352423585822387	0.0335742703987365	0.0342017201602103	0.19615384615384618	0.005729159110483051	0.023434924494073132	0.5470941883767535	0.529985960637077	0.0342017201602103	0.262632974887674	0.10094150263216461	0.5385400745069153
b1524	glsB	40	0.0004790567060094616	0.00013480427124601746	192	0.0009226649653387843	0.022911416435930802	0.0	0.0	0.07692307692307693	0.0018342744167776624	0.008511200763748632	0.3807615230460921	0.39980467241774886	0.0	0.1718647093607391	0.039378675669927296	0.3902830977319205
b4287	fecE	199	0.00039639302811493403	0.07303074600164701	277	0.0010747101624863477	0.03953682703317463	0.0	3.390436320266379e-16	0.3826923076923077	0.9937254049208489	0.007042549663358278	0.5511022044088176	0.6906681704801053	3.390436320266379e-16	0.523637617500416	0.6882088563065784	0.6208851874444614
b0485	glsA	54	0.0005716649808940222	0.00017496217722191216	195	0.0007033975683752491	0.024974084283257196	0.0	3.390436320266379e-16	0.10384615384615385	0.002380700868121448	0.010156533372684802	0.3867735470941883	0.43589128705531854	3.390436320266379e-16	0.18577833777275649	0.05311342735713765	0.41133241707475343
b2312	purF	87	0.0005586793272686173	0.0003165167206034866	204	0.0007604406398154613	0.024912239038077114	1.0	1.0	0.16730769230769232	0.004306825872199437	0.009925822678798516	0.4048096192384769	0.4348092972754941	1.0	0.4022466869387726	0.08580725908994588	0.4198094582569855
b3825	pldB	54	0.001055595056755519	0.0001913973142425518	145	0.0005432364662622879	0.015360905693199896	0.0	3.390436320266379e-16	0.10384615384615385	0.0026043328873041143	0.018754317266752567	0.2865731462925851	0.26770760606606464	3.390436320266379e-16	0.1321462478184216	0.053225243366728986	0.27714037617932485
b4131	cadA	21	0.00015435219944335632	3.87313080523253e-05	166	0.00021442071584959634	0.02186981992348542	0.0	3.390436320266379e-16	0.04038461538461539	0.0005270148106736182	0.002742311173831327	0.3286573146292585	0.3815818199108977	3.390436320266379e-16	0.1502301529470891	0.020455815097644502	0.3551195672700781
b4290	fecB	196	0.0002501004799884876	0.07292022787877098	315	0.0013441358010242558	0.04630322043488643	0.0	3.390436320266379e-16	0.3769230769230769	0.9922215908094116	0.004443430954184102	0.627254509018036	0.8090470124687785	3.390436320266379e-16	0.5610892378438608	0.6845723338662443	0.7181507607434072
b0186	ldcC	24	0.00012983566435983745	8.458966389192895e-05	174	0.0003480236246638524	0.02246802255879542	0.0	3.390436320266379e-16	0.046153846153846156	0.0011510069745313829	0.00230673611662047	0.344689378757515	0.39204744480711723	3.390436320266379e-16	0.15680833533860203	0.02365242656418877	0.3683684117823161
b3967	murI	38	7.193601837099434e-05	0.00015160742296782429	54	1.6791682096310596e-06	0.005777366307384849	1.0	1.0	0.07307692307692308	0.00206291399206452	0.0012780572462921542	0.10420841683366733	0.10004246641299372	1.0	0.25587814406312975	0.0375699185344938	0.10212544162333052
b4291	fecA	35	0.0008168621781925682	0.0026625072342750617	187	0.00037725972898647233	0.025295640543575183	0.0	0.0	0.06730769230769232	0.036228591714303544	0.014512849747630174	0.37074148296593185	0.44151695134510427	0.0	0.1831589436666064	0.05176814201099793	0.4061292171555181
b0589	fepG	209	0.0007011247637490693	0.07305445873106393	274	0.0006560136482133716	0.03927447832446405	0.0	3.390436320266379e-16	0.40192307692307694	0.9940480627455559	0.012456591359325003	0.5450901803607214	0.686078349213354	3.390436320266379e-16	0.5254279338485418	0.6979855698343165	0.6155842647870378
b3213	gltD	54	0.00033896007073501335	0.00023615249405126477	215	0.000828170600931931	0.027313114441832265	0.0	3.390436320266379e-16	0.10384615384615385	0.0032133141946663	0.006022162254969366	0.42685370741482964	0.476812892570991	3.390436320266379e-16	0.20214521360532825	0.05352973402041008	0.45183329999291033
b2890	lysS	113	0.00031851840566480416	0.0007219700838640293	210	0.0002931432130196504	0.03126325654546075	0.0	3.390436320266379e-16	0.2173076923076923	0.009823807823520547	0.005658983714359558	0.4168336673346693	0.5459210895315671	3.390436320266379e-16	0.23797725139948994	0.11356575006560643	0.48137737843311823
b3212	gltB	313	0.016885352911576817	0.006075175462248623	162	0.0007516317472748977	0.018364012213969074	0.0	3.390436320266379e-16	0.601923076923077	0.08266458343520235	0.2999950252117739	0.32064128256513025	0.3202473050151904	3.390436320266379e-16	0.26509524958772007	0.34229383017913967	0.3204442937901603
b0588	fepC	213	0.0008507319673468089	0.07334904804102767	283	0.0008266766332342212	0.0406943081836505	0.0	3.390436320266379e-16	0.40961538461538466	0.9980565235289424	0.015114600170286579	0.5631262525050099	0.7109184382493997	3.390436320266379e-16	0.5363433197797474	0.7038359540721635	0.6370223453772048
b1210	hemA	31	0.00019953954949473648	0.0005058603499479358	156	0.0005667809883332904	0.020678229784041213	1.0	1.0	0.05961538461538462	0.006883214380338907	0.0035451359823446796	0.30861723446893785	0.36073481140015384	1.0	0.34717012897296307	0.03324929949786176	0.33467602293454585
b2156	lysP	18	7.503072985623021e-05	7.973361977555464e-05	194	0.0003828263336981414	0.025767508785042616	0.0	0.0	0.03461538461538462	0.001084931045281684	0.0013330396949799742	0.38476953907815625	0.44977234128178967	0.0	0.17404843920412244	0.01785015783033315	0.41727094017997296
b0590	fepD	209	0.0005921129884314723	0.07319133261933938	280	0.0007719430497859253	0.040594790141289215	0.0	3.390436320266379e-16	0.40192307692307694	0.9959104983291461	0.01051982459726573	0.5571142284569138	0.7091773584876572	3.390436320266379e-16	0.5328250324393589	0.6989167876261115	0.6331457934722855
b2400	gltX	160	0.001146917638968495	0.0010163963919269372	219	0.0006646520079069916	0.030222291006613732	1.0	0.9999999999999994	0.3076923076923077	0.013830050648872017	0.020376807510033342	0.43486973947895785	0.5277092759814342	0.9999999999999994	0.4568202747603142	0.16076117917058985	0.4812895077301961
b0592	fepB	225	0.0015628213590827198	0.07331460078289341	276	0.0006674041087689995	0.03797628114415292	0.0	0.0	0.4326923076923077	0.9975878015534458	0.02776599550359871	0.5490981963927856	0.6633662380849479	0.0	0.5285489087446974	0.7151400546228768	0.6062322172388668
b3903	rhaA	18	5.3046799165435535e-05	5.287811633927261e-05	7	1.4960238599030204e-07	0.0008881443540744197	0.0	3.390436320266379e-16	0.03461538461538462	0.0007195096647309395	0.0009424603641021947	0.01002004008016032	0.014504957921089485	3.390436320266379e-16	0.01197197845627314	0.017667447140057777	0.012262499000624903
b2155	cirA	50	0.00015806855836870393	0.004006784303489928	158	0.0002800492351218857	0.01694186099549688	0.0	3.390436320266379e-16	0.09615384615384616	0.054520096978418316	0.00280833817340569	0.312625250501002	0.29536660352761085	3.390436320266379e-16	0.15173315943217552	0.07533697156613224	0.30399592701430644
b3907	rhaT	16	0.00012378107664303445	0.0004323185107076461	163	0.0003499589157662883	0.020083103624362893	0.0	3.390436320266379e-16	0.03076923076923077	0.005882534557404705	0.0021991667809802356	0.3226452905811623	0.3503230098040387	3.390436320266379e-16	0.14192401314236738	0.01832588266331774	0.3364841501926005
b3653	gltS	18	0.00013970070101184786	0.0020191677642876988	70	0.0003563065851754867	0.006836024068104526	0.0	3.390436320266379e-16	0.03461538461538462	0.02747470639454604	0.0024820041098115326	0.13627254509018036	0.11856380744891581	3.390436320266379e-16	0.06338528870980543	0.031045045504965327	0.1274181762695481
b0507	gcl	36	0.00029959680767927774	4.653287454226127e-05	188	0.0005303566542299376	0.024205171358820023	0.0	3.390436320266379e-16	0.06923076923076923	0.0006331703033075522	0.0053228115718855174	0.3727454909819639	0.4224390657342867	3.390436320266379e-16	0.17300969925006554	0.03493196976703839	0.3975922783581253
b3927	glpF	45	0.0005263506196689705	0.0005923376924605029	16	6.036615777971993e-06	0.001820894994263899	0.0	3.390436320266379e-16	0.08653846153846154	0.00805990689560969	0.00935145200960328	0.028056112224448895	0.030823539193926813	3.390436320266379e-16	0.030695603970489455	0.04729918421703561	0.029439825709187854
b0805	fiu	45	0.0002536502576638337	0.0028074725087491735	164	0.00028616219343798266	0.02056263184471342	0.0	3.390436320266379e-16	0.08653846153846154	0.03820112635160548	0.0045064983741419954	0.3246492985971944	0.35871241196496295	3.390436320266379e-16	0.16162025969044494	0.06236979394503351	0.34168085528107867
b3617	kbl	30	0.0001472738736671174	0.00011988618012429104	81	0.00011179587644546596	0.008421976253958097	0.0	3.390436320266379e-16	0.057692307692307696	0.001631284758966288	0.0026165535109136584	0.15831663326653306	0.146310225971264	3.390436320266379e-16	0.07279009033781428	0.029661796225636992	0.15231342961889854
b3600	mtlD	24	0.00010769716871289127	4.5777204062791525e-05	188	0.0009435856147496002	0.02307147245623021	0.0	3.390436320266379e-16	0.046153846153846156	0.000622887936026505	0.0019134106946091295	0.3727454909819639	0.4026048711664007	3.390436320266379e-16	0.1644254192476475	0.02338836704493633	0.3876751810741823
b0777	bioC	22	9.456652745676148e-05	0.0004403006657490826	22	2.615976500355261e-05	0.0021176094536166966	0.9999999998234678	1.0	0.04230769230769231	0.005991147308676801	0.0016801240659370868	0.04008016032064128	0.036014593277568084	1.0	0.2248787186429157	0.024149419808184556	0.03804737679910468
b1800	dmlA	46	0.0008347354354941548	0.00022807339187925655	229	0.0009209313299172932	0.02395879647713592	0.0	4.294552672337414e-15	0.08846153846153847	0.003103382289039939	0.01483039645825473	0.4549098196392785	0.4181287084350078	4.294552672337414e-15	0.1929206897649738	0.0457824603752892	0.43651926403714314
b0150	fhuA	66	0.0006042252136009173	0.005302304688798599	160	0.00025455710973688487	0.020044696529112168	0.0	3.2774217762575003e-15	0.12692307692307692	0.07214817268566961	0.010735017451931332	0.3166332665330661	0.3496510731917248	3.2774217762575003e-15	0.17307111786670815	0.09953562480437327	0.3331421698623954
b2976	glcB	85	0.0013244848314579228	0.0002449015798982301	235	0.0011367104509663298	0.029832330897281954	0.0	3.2774217762575003e-15	0.16346153846153846	0.00333236253186618	0.023531569786344884	0.4669338677354709	0.5208868783725701	3.2774217762575003e-15	0.23092292942028983	0.08339695049670232	0.4939103730540205
b2240	glpT	27	0.00023217027748957623	0.0008664168175678444	130	0.00013696231384995334	0.020675963758398044	0.0	3.2774217762575003e-15	0.051923076923076926	0.011789286704649333	0.004124872521980696	0.2565130260521042	0.36069516701715254	3.2774217762575003e-15	0.13618411133939726	0.03185618181386313	0.3086040965346284
b0514	glxK	23	0.00016506879414565013	2.3519862550453964e-05	203	0.0014045093086974797	0.027644049191497325	0.0	3.2774217762575003e-15	0.04423076923076923	0.0003200334957020086	0.002932708443863794	0.40280561122244485	0.4826026346260791	3.2774217762575003e-15	0.1859918097149997	0.022275401363235622	0.442704122924262
b0584	fepA	62	0.00047017218159489264	0.004092306617991376	171	0.00031456906386857054	0.01903901693575628	0.0	3.2774217762575003e-15	0.11923076923076924	0.055683794479273685	0.008353353122677662	0.3386773547094188	0.33205659137472143	3.2774217762575003e-15	0.1691297019588373	0.08745728185502147	0.3353669730420701
b3124	garK	19	0.00019593509963855235	2.273377805494753e-05	190	0.0012604314169750767	0.026538516385796147	0.0	3.2774217762575003e-15	0.03653846153846154	0.0003093372865522141	0.003481097224544174	0.37675350701402804	0.4632612092093592	3.2774217762575003e-15	0.17537250300968088	0.018423899412506876	0.42000735811169365
b0591	entS	35	0.00013209498459378427	0.0019697044726686218	181	0.00040128564416167797	0.02440725711759992	0.0	3.2774217762575003e-15	0.06730769230769232	0.026801662064808853	0.0023468765172442348	0.35871743486973945	0.42597457966120594	3.2774217762575003e-15	0.17576027378068998	0.04705467718625059	0.3923460072654727
b4014	aceB	94	0.0004614084881078535	0.0003277650717719204	233	0.0010242608848641034	0.028694974292781842	0.0	3.2774217762575003e-15	0.1807692307692308	0.004459881577248536	0.008197652234318377	0.4629258517034068	0.5009886918830244	3.2774217762575003e-15	0.22982873118658276	0.09261455617323966	0.48195727179321557
b4367	fhuF	67	0.0010227536612956703	0.003615032054826308	125	0.00044065645693728623	0.015561469268592632	0.0	3.2774217762575003e-15	0.12884615384615386	0.04918954535125666	0.018170837886098797	0.24649298597194386	0.27121648921703445	3.2774217762575003e-15	0.13914903487727842	0.08901784959870526	0.2588547375944892
b2049	cpsB	70	0.001027006171523957	0.0001659570666469351	204	0.0009099168723361485	0.028683847034360988	0.0	3.2774217762575003e-15	0.13461538461538464	0.0022581688163158388	0.01824639046233625	0.4048096192384769	0.5007940191987498	3.2774217762575003e-15	0.20849543837378612	0.06843677671585023	0.45280181921861334
b2903	gcvP	112	0.0015703758723709762	0.0008312110213812094	204	0.0006193542758404534	0.023272199085078094	0.0001755565521045	0.0001698315755431	0.2153846153846154	0.01131024334296252	0.027900213391506716	0.4048096192384769	0.4061166069565916	0.0001698315755431	0.2075581832996379	0.11334742936378896	0.40546311309753424
b2904	gcvH	46	0.00012103488997010918	0.0001812050233028727	248	0.0008967659515327546	0.02874206300326833	0.0001755565521004	0.000169831575542	0.08846153846153847	0.0024656469365830947	0.0021503764273231546	0.4929859719438877	0.50181251436676	0.000169831575542	0.21717910065686227	0.04546359269906078	0.49739924315532386
b2905	gcvT	59	0.00028351280400262704	0.00020026351602361886	200	0.0006084760073991118	0.022696769461561052	0.0001755565521004	0.000169831575542	0.11346153846153847	0.0027249748146753907	0.005037053784426132	0.39679358717434865	0.39604939855858556	0.000169831575542	0.181839866116938	0.05809325663810693	0.3964214928664671
b4209	ytfE	24	0.00012945982780336428	3.128467366441714e-05	20	1.9115990729500437e-06	0.002750815321070082	1.1601864180653643e-05	1.2144182970135368e-05	0.046153846153846156	0.00042568885992604305	0.002300058785218212	0.036072144288577156	0.047092603803914626	1.2144182970135368e-05	0.025951285457846817	0.0232897675068861	0.04158237404624589
b2490	hyfJ	25	0.0003348224998378446	0.00041427952257652403	184	0.0004987539641890309	0.022482796144344883	0.0	0.0	0.04807692307692308	0.005637079023038982	0.005948651757906516	0.36472945891783565	0.39230591040991875	0.0	0.1621498742855433	0.02685700104998103	0.3785176846638772
b1033	ghrA	52	0.0009182572269912651	0.0001306657101131581	239	0.0009139957719389785	0.03002296432877838	0.0	0.0	0.1	0.001777961239620091	0.016314293305251002	0.4749498997995992	0.5242220324975378	0.0	0.2201899787073514	0.05088898061981005	0.49958596614856854
b1613	manA	55	0.0007885729601190268	0.0001866051398816409	27	1.3609335292920223e-05	0.001816440540108271	0.0	0.0	0.10576923076923078	0.002539126030357314	0.014010247004670927	0.050100200400801605	0.030745607998779113	0.0	0.03783083303983377	0.05415417839979405	0.04042290419979036
b4323	uxuB	17	7.384776659421335e-05	2.0967295718325062e-05	193	0.0005633913437296516	0.024698006441205424	0.0	0.0	0.032692307692307694	0.000285300857084465	0.0013120224799136524	0.3827655310621242	0.4310612729990042	0.0	0.1693608825221041	0.01648880427469608	0.4069134020305642
b2979	glcD	25	0.00018377618914195337	7.287551599606956e-05	107	9.055866806115624e-05	0.011122181935849698	2.0433769902270188e-05	1.5261059411043127e-05	0.04807692307692308	0.000991613198643443	0.0032650749311354255	0.21042084168336672	0.19355063940520614	1.5261059411043127e-05	0.09061105568471008	0.024534268137783262	0.20198574054428642
b2481	hyfA	30	0.0002723519944090576	0.0004548941894843666	195	0.0005468021311852234	0.025004988472303806	0.0	3.2774217762575003e-15	0.057692307692307696	0.0061897205956419924	0.00483876433362578	0.3867735470941883	0.4364319594482378	3.2774217762575003e-15	0.17741750696607583	0.03194101414397484	0.4116027532712131
b4467	glcF	24	0.00019657222798491808	5.3106874170605934e-05	99	7.469621606645958e-05	0.010476262045006212	2.0433769914424504e-05	1.5261059411156142e-05	0.046153846153846156	0.0007226223601505562	0.0034924168182377162	0.1943887775551102	0.18225019555632233	1.5261059411156142e-05	0.08470614053696807	0.023438234256998355	0.18831948655571626
b0731	mngA	74	0.0026471124060868747	0.0017847168021119626	93	4.012634076903441e-05	0.007696850659261443	0.0	3.2774217762575003e-15	0.1423076923076923	0.024284544851941616	0.047030142464950915	0.18236472945891782	0.13362406909264948	3.2774217762575003e-15	0.0965162071422409	0.08329611857981696	0.15799439927578365
b2485	hyfE	27	8.027955881964397e-06	3.6605993890491974e-05	177	0.0003685334615901741	0.02246723712906579	0.0	0.0	0.051923076923076926	0.0004980957759973983	0.00014262934507917356	0.3507014028056112	0.39203370362236234	0.0	0.15903125582540958	0.02621058634953716	0.37136755321398673
b0732	mngB	29	0.00048503770735496866	0.00047109169537429274	116	0.00041183674062215465	0.015577803165875936	0.0	0.0	0.05576923076923077	0.006410119180901025	0.008617462721010234	0.2284569138276553	0.27150225265565897	0.0	0.1124277032866892	0.031089674975065897	0.24997958324165714
b0334	prpD	15	9.284624808136406e-06	3.96400550437971e-05	85	2.4446329633014084e-05	0.010908747851638497	0.0	0.0	0.028846153846153848	0.0005393800817616412	0.00016495605795062041	0.1663326653306613	0.18981658520087286	0.0	0.07710695689188993	0.014692766963957745	0.17807462526576706
b4468	glcE	21	0.00010532635542827996	6.709525733158302e-05	112	9.406771897004773e-05	0.011622670167684606	2.0433769914424504e-05	1.5261059411156142e-05	0.04038461538461539	0.0009129615321003601	0.001871289443438729	0.22044088176352702	0.2023067394124251	1.5261059411156142e-05	0.0928120918304158	0.020648788458357874	0.21137381058797605
b3926	glpK	97	0.0016577909799593074	0.001655123544121083	228	0.0006630411479011394	0.0321775392038508	6.678753529976609e-06	3.2774217762575003e-15	0.18653846153846154	0.02252117641025687	0.02945328116226511	0.45290581162324645	0.5619165713081897	3.2774217762575003e-15	0.24477640417603158	0.1045298189743592	0.5074111914657181
b2720	hycF	78	0.0008020618159208262	0.00016966779530972365	308	0.0016636008130268664	0.03683904339747867	0.0	0.0	0.15000000000000002	0.0023086605002279516	0.014249897881826382	0.6132264529058116	0.6434701310269326	0.0	0.2818010488865944	0.07615433025011399	0.6283482919663721
b0212	gloB	24	0.00015752775858217873	8.846622986538029e-05	174	0.0003190123783282717	0.023321205470039998	0.0	0.0	0.046153846153846156	0.0012037551977466222	0.0027987300090728073	0.344689378757515	0.406973979379007	0.0	0.15980419189762296	0.02367880067579639	0.375831679068261
b3560	glyQ	51	6.157482205451391e-05	0.0003161272924016408	198	0.00030262812524089707	0.02813193812841348	0.0	0.0	0.09807692307692309	0.004301526943751437	0.0010939741912050682	0.3927855711422845	0.49113830849875223	0.0	0.19726046593234225	0.051189225010337264	0.44196193982051835
b0331	prpB	49	0.00045088587168249175	0.00017832706574037906	77	0.00020430387062870522	0.005907630136484743	0.0	0.0	0.09423076923076923	0.002426486723923217	0.00801070129545728	0.1503006012024048	0.10232144730079648	0.0	0.06985586089157873	0.048328627977346224	0.12631102425160062
b0333	prpC	103	0.0004871124896959715	0.00047009511128585615	223	0.0011907922785214266	0.02797459464710764	0.0	0.0	0.1980769230769231	0.006396558715192555	0.008654324513828988	0.4428857715430861	0.48838556593626103	0.0	0.22714896385429256	0.10223674089605783	0.46563566873967355
b1092	fabD	116	0.0007806682211498844	0.0006834016727433812	74	0.0001459338172505343	0.007010047229040034	1.0	1.0	0.2230769230769231	0.009299009542572474	0.013869806803109341	0.1442885771543086	0.12160836295252314	1.0	0.29965457454526545	0.11618796630974779	0.13294847005341587
b3559	glyS	37	5.4466062190276e-05	0.0006497693756456191	199	0.00028726243480157803	0.03059066170234522	0.0	0.0	0.07115384615384615	0.008841376697754783	0.0009676758185347305	0.3947895791583166	0.5341539642805543	0.0	0.20178775325809437	0.03999761142580047	0.46447177171943543
b2721	hycE	66	0.0003762547564793653	0.0001455022719455079	276	0.0013209999118789294	0.03175383828939966	0.0	3.7294799522930175e-15	0.12692307692307692	0.0019798415328071894	0.006684761387408656	0.5490981963927856	0.5545038743772696	3.7294799522930175e-15	0.24650099784518859	0.06445145922794206	0.5518010353850276
b2053	gmd	39	0.00012804364275942847	3.8699466501511625e-05	59	1.1116462246984211e-05	0.007036160417444607	0.0	3.7294799522930175e-15	0.07500000000000001	0.0005265815444164871	0.002274898015989114	0.11422845691382764	0.1220652162302506	3.7294799522930175e-15	0.062364050937699686	0.03776329077220825	0.11814683657203912
b2521	sseA	32	0.00024001190267805005	0.00023715658398809267	177	0.001224604550978993	0.018123284961477998	0.0	3.7294799522930175e-15	0.06153846153846154	0.0032269767920472545	0.0042641914073150156	0.3507014028056112	0.3160357536475446	3.7294799522930175e-15	0.14630051895673368	0.0323827191652544	0.3333685782265779
b2723	hycC	36	5.712837337264581e-05	5.2300772057078456e-05	228	0.0010329666229797027	0.02379484596079108	0.0	3.7294799522930175e-15	0.06923076923076923	0.0007116537723566622	0.0010149759913211124	0.45290581162324645	0.41526037502367574	3.7294799522930175e-15	0.18762172193001037	0.034971211501562946	0.43408309332346107
b0635	mrdA	87	0.000513980938541631	0.001155015501785432	16	1.8250785906127478e-06	0.0011266122366673096	0.0	3.7294799522930175e-15	0.16730769230769232	0.015716233368007787	0.009131685042274238	0.028056112224448895	0.018676981348768922	3.7294799522930175e-15	0.04595140384978433	0.09151196283785006	0.02336654678660891
b2484	hyfD	50	0.0003146777460278062	0.00010387561358583019	198	0.0005775816755112033	0.02498608922654237	0.0	3.7294799522930175e-15	0.09615384615384616	0.001413429847336529	0.005590748315865689	0.3927855711422845	0.43610131493869275	3.7294799522930175e-15	0.18529083241643277	0.048783638000591344	0.41444344304048863
b3396	mrcA	85	0.0005795843499329473	0.0006955903454298145	114	0.0005742922370869442	0.012455711685597738	0.0	3.7294799522930175e-15	0.16346153846153846	0.00946486015158173	0.010297233500596538	0.22444889779559116	0.21688089795811286	3.7294799522930175e-15	0.1228512388733656	0.0864631993065601	0.220664897876852
b3052	hldE	34	9.950881746381448e-05	0.00014841636123873227	292	0.0023709738892672364	0.0442329682991933	1.0	3.7294799522930175e-15	0.06538461538461539	0.0020194933879699394	0.0017679316719157116	0.5811623246492985	0.7728277098213844	3.7294799522930175e-15	0.2842788286486544	0.03370205438629267	0.6769950172353414
b2488	hyfH	63	0.0006074648740408887	0.00015152803677818234	182	0.0003866180911499778	0.02331215942362786	0.0	3.7294799522930175e-15	0.12115384615384617	0.002061833788482247	0.010792575148264729	0.3607214428857715	0.406815717741637	3.7294799522930175e-15	0.17815056811394814	0.06160783997116421	0.38376858031370426
b0200	gmhB	27	0.0001753212345510919	0.001243868684451818	146	0.00015001144063545954	0.02179981784374745	1.0	3.7294799522930175e-15	0.051923076923076926	0.016925253811557264	0.0031148592780227877	0.2885771543086172	0.3803571253588364	3.7294799522930175e-15	0.1475565220804183	0.03442416536731709	0.3344671398337268
b2487	hyfG	54	0.0002089143333278953	0.0001104090495124036	181	0.0003721443367228065	0.022559378904763075	0.0	3.7294799522930175e-15	0.10384615384615385	0.0015023299560867826	0.003711693858103095	0.35871743486973945	0.3936457347382394	3.7294799522930175e-15	0.17154233068204466	0.052674241901120314	0.37618158480398944
b0104	guaC	62	0.0005930675859595099	0.0002722403898479849	228	0.0007443632941557955	0.029042017806720888	0.0	3.7294799522930175e-15	0.11923076923076924	0.0037043602379660404	0.0105367845335484	0.45290581162324645	0.507060258648473	3.7294799522930175e-15	0.2165802399480917	0.06146756473436764	0.4799830351358597
b0084	ftsI	118	0.0008302112876116473	0.0004878250512171579	16	1.8214284334315222e-06	0.0011266122366673096	0.0	3.7294799522930175e-15	0.22692307692307695	0.00663780904744382	0.014750017809067949	0.028056112224448895	0.018676981348768922	3.7294799522930175e-15	0.05605879590874846	0.11678044298526039	0.02336654678660891
b2724	hycB	37	0.00023927202160629586	0.00046820850350347753	326	0.001864679365314103	0.039251687474220094	0.0	3.7294799522930175e-15	0.07115384615384615	0.006370887745291346	0.004251046248789935	0.6492985971943888	0.6856796206293592	3.7294799522930175e-15	0.2825005903445778	0.03876236694956875	0.667489108911874
b2486	hyfF	31	3.1009837473936696e-05	4.951829021725422e-05	176	0.00045350616683523167	0.020978227548807078	0.0	3.7294799522930175e-15	0.05961538461538462	0.0006737926926834258	0.0005509388535449876	0.3486973947895791	0.3659833072950554	3.7294799522930175e-15	0.15499397587854127	0.03014458865403402	0.35734035104231726
b4079	fdhF	111	0.0021223354263279204	0.0015399390169955937	202	0.0005234253468928155	0.0260911032621405	0.0	3.7294799522930175e-15	0.21346153846153848	0.020953866788966515	0.037706648659535116	0.4008016032064128	0.4554336644119356	3.7294799522930175e-15	0.21813013457377145	0.1172077026252525	0.4281176338091742
b0149	mrcB	92	0.0006050056936261544	0.0007942411062259413	88	0.00040736679132128377	0.009153535844522283	0.0	3.7294799522930175e-15	0.17692307692307693	0.010807195710028172	0.010748883915136122	0.1723446893787575	0.15910894635822634	3.7294799522930175e-15	0.10383678167401855	0.09386513631655255	0.16572681786849192
b0632	dacA	64	0.00035910584118343305	0.00022671412016864675	64	0.00042614606343103107	0.0037639281168907485	0.0	3.7294799522930175e-15	0.12307692307692308	0.003084886752502592	0.006380083759200449	0.12424849699398796	0.06481713036526073	3.7294799522930175e-15	0.06304548743773561	0.06308090491471284	0.09453281367962435
b0839	dacC	38	9.38440785046662e-05	0.0001197144719770649	64	0.00042614606343103107	0.0037639281168907485	0.0	3.7294799522930175e-15	0.07307692307692308	0.0016289483355080552	0.0016672886166140557	0.12424849699398796	0.06481713036526073	3.7294799522930175e-15	0.05275429975433671	0.03735293570621557	0.09453281367962435
b2507	guaA	357	0.01741446368636259	0.002864662380517995	307	0.0017964167658474767	0.03699541359655288	1.0	1.0	0.6865384615384615	0.03897930583890748	0.3093955157465528	0.6112224448897795	0.64620584590323	1.0	0.5965892116340757	0.36275888368868453	0.6287141453965048
b2029	gnd	102	0.0018427117973020466	0.00037581682558948405	168	0.0017668685476402983	0.019950256066220216	0.0067002325063177	0.0069833732664478	0.19615384615384618	0.005113719188580598	0.03273869222541691	0.3326653306613226	0.3479988262751924	0.0069833732664478	0.17778301910907793	0.1006337826712134	0.3403320784682575
b2722	hycD	37	9.311096105382321e-05	7.65231272415233e-05	334	0.0020946143443997195	0.03849859647518129	0.0	2.147276336168707e-15	0.07115384615384615	0.0010412460472768203	0.0016542636245217644	0.6653306613226452	0.6725042057390939	2.147276336168707e-15	0.28200599185257286	0.036097546100561484	0.6689174335308695
b4268	idnK	20	7.079272841789443e-05	2.262584074538718e-05	250	0.0005280136343249347	0.038489161843476	0.0	1.1866527120932328e-14	0.038461538461538464	0.0003078685894277659	0.001257744890364466	0.49699398797595185	0.6723391457566843	1.1866527120932328e-14	0.2416205081567228	0.019384703525483115	0.584666566866318
b3182	dacB	55	0.0005559335990286412	0.0005475873320890005	64	0.0004270000635581474	0.0037639281168907485	0.0	1.1866527120932328e-14	0.10576923076923078	0.00745099116606857	0.009877040469928511	0.12424849699398796	0.06481713036526073	1.1866527120932328e-14	0.06045716985891199	0.056610110967649674	0.09453281367962435
b2483	hyfC	36	0.00017337658642600104	0.0004892740554904072	132	0.0003022208571417437	0.013655293762953595	0.0	1.1866527120932328e-14	0.06923076923076923	0.006657525570100378	0.0030803095255616066	0.2605210420841683	0.2378677263550293	1.1866527120932328e-14	0.11485541264801583	0.03794414740043481	0.24919438421959883
b3437	gntK	18	6.224376618196288e-05	2.8080339194655564e-05	248	0.0005368295355882626	0.037660338062196964	0.0	1.1866527120932328e-14	0.03461538461538462	0.0003820876543681285	0.001105859042616242	0.4929859719438877	0.6578387770054877	1.1866527120932328e-14	0.23716444424382796	0.01749873613487637	0.5754123744746877
b2489	hyfI	23	3.514813825416617e-05	5.3047868654519424e-05	205	0.0005190094447147306	0.02612339881761048	0.0	1.1866527120932328e-14	0.04423076923076923	0.0007218194752893731	0.0006244623181358685	0.406813627254509	0.4559986789227605	1.1866527120932328e-14	0.181552978976668	0.022476294353029305	0.4314061530886347
b2482	hyfB	37	0.00011950716830101817	6.04243911560684e-05	174	0.00036294985934667596	0.022022897816658175	0.0	1.1866527120932328e-14	0.07115384615384615	0.0008221914173970738	0.002123234033377612	0.344689378757515	0.38425993551134036	1.1866527120932328e-14	0.16018507036802207	0.03598801878562161	0.36447465713442767
b2010	dacD	31	7.787094197239054e-05	5.84921381789098e-05	64	0.00042614606343103107	0.0037639281168907485	0.0	1.1866527120932328e-14	0.05961538461538462	0.0007958993558030002	0.0013835005594852179	0.12424849699398796	0.06481713036526073	1.1866527120932328e-14	0.04989538226608964	0.03020564198559381	0.09453281367962435
b2719	hycG	46	0.0002173365428517927	0.0004864946926686723	250	0.0010432063542569912	0.02898700037270443	0.0	1.1866527120932328e-14	0.08846153846153847	0.006619706930737331	0.0038613277432633015	0.49699398797595185	0.5060977222215475	1.1866527120932328e-14	0.2196345911179574	0.0475406226961379	0.5015458550987497
b2134	pbpG	40	0.00019772860031001043	0.00013135920999349395	61	0.00035799856068740704	0.003577684245951771	0.0	1.1866527120932328e-14	0.07692307692307693	0.001787397654926375	0.003512961603214193	0.11823647294589176	0.06155877211436941	1.1866527120932328e-14	0.05170114392765527	0.03935523728900165	0.08989762253013059
b3449	ugpQ	21	8.970258083221291e-05	0.0020467569285311927	182	0.0007522931093019474	0.020901276341150746	0.0	1.1866527120932328e-14	0.04038461538461539	0.02785011065795964	0.0015937083541719065	0.3607214428857715	0.3646370369393173	1.1866527120932328e-14	0.15871864117353512	0.03411736302128751	0.3626792399125444
b3924	fpr	16	0.0001412830336156002	2.397638081929843e-05	298	0.0012562838439954328	0.04001507141703182	0.0	1.1866527120932328e-14	0.03076923076923077	0.00032624531505753043	0.0025101167534644017	0.5931863727454909	0.6990351117717951	1.1866527120932328e-14	0.26466339212031725	0.015547738042144151	0.646110742258643
b2239	glpQ	27	0.00016167830631642793	0.0009500829334658505	157	0.00038033515222547196	0.015452227935184268	0.0	1.1866527120932328e-14	0.051923076923076926	0.01292772701165408	0.0028724710601896646	0.3106212424849699	0.2693052993440204	1.1866527120932328e-14	0.12895546915274664	0.0324254019673655	0.28996327091449514
b2328	mepA	33	0.0004146028521463913	8.242101088197162e-05	61	0.0003572825635660322	0.003577684245951771	0.0	1.1866527120932328e-14	0.06346153846153846	0.001121498230496315	0.007366076014748517	0.11823647294589176	0.06155877211436941	1.1866527120932328e-14	0.048875656350461566	0.03229151834601739	0.08989762253013059
b2895	fldB	14	3.6915648507489986e-05	5.766768310150859e-05	475	0.006274136453089166	0.056890953382786595	0.0	1.1866527120932328e-14	0.026923076923076925	0.0007846810402238182	0.0006558649358830168	0.9478957915831663	0.9942806356483975	1.1866527120932328e-14	0.39397683703897524	0.013853878981650372	0.9710882136157819
b3236	mdh	200	0.003764875046273425	0.0009541876526169529	210	0.0007106448466197411	0.026739236175476404	0.0166051980457179	0.0162638604527349	0.38461538461538464	0.012983579702799035	0.0668889652671466	0.4168336673346693	0.4667728253475145	0.0162638604527349	0.2594938634906205	0.19879948215909182	0.4418032463410919
b1654	grxD	46	0.0003554043129070962	9.276741713765348e-05	273	0.0010279777991646448	0.03813747723089447	0.0	1.130145440088793e-15	0.08846153846153847	0.001262281219974078	0.006314320249583755	0.5430861723446894	0.666186382429015	1.130145440088793e-15	0.2597992748910436	0.044861909840756276	0.6046362773868521
b0684	fldA	24	0.0007029227679281121	8.794154809291145e-05	416	0.006166862664333178	0.044390119764210485	0.0	1.2431599840976725e-14	0.046153846153846156	0.0011966158812895585	0.012488535749936644	0.8296593186372745	0.7755770930365034	1.2431599840976725e-14	0.3305173747417852	0.02367523101756786	0.8026182058368889
b0849	grxA	49	0.0003375581017912102	0.000147725734644922	282	0.0011118951513321227	0.041795366868732205	0.0	1.2431599840976725e-14	0.09423076923076923	0.0020100960693177684	0.0059972540572642416	0.5611222444889779	0.7301815884038925	1.2431599840976725e-14	0.27750893963859397	0.048120432650043496	0.6456519164464352
b2210	mqo	53	0.00011316758570046595	0.0005985710354530131	124	0.00030716723651199815	0.012426090712806818	0.0	1.2431599840976725e-14	0.10192307692307692	0.008144723656061557	0.002010601312460014	0.2444889779559118	0.21636267558329791	1.2431599840976725e-14	0.11418389082367213	0.05503390028956924	0.23042582676960485
b1479	maeA	80	0.0011329284786512055	0.0003458996516658746	164	0.0005111855440912937	0.01660862874619091	0.0	1.2431599840976725e-14	0.15384615384615385	0.00470663782355311	0.020128267931141895	0.3246492985971944	0.289536666448259	1.2431599840976725e-14	0.15454775134303453	0.07927639583485348	0.30709298252272665
b3288	fmt	93	0.0004972445137592875	0.00044078498986148195	110	6.141379751039572e-05	0.015545832732971972	0.0	1.2431599840976725e-14	0.17884615384615385	0.005997737480639389	0.008834335961042319	0.2164328657314629	0.2709429262020581	1.2431599840976725e-14	0.13444393665206533	0.09242194566339662	0.2436878959667605
b2463	maeB	177	0.005154026367715902	0.0015321924150670815	233	0.0011762305818801865	0.02425315768849737	0.0	1.2431599840976725e-14	0.3403846153846154	0.02084845919614256	0.09156943761980815	0.4629258517034068	0.42327859217049035	1.2431599840976725e-14	0.24948750369093348	0.18061653729037896	0.4431022219369486
b3610	grxC	32	0.00010141986930477278	0.0001368352742922854	286	0.0010821512469443826	0.04237404608004456	0.0	1.2431599840976725e-14	0.06153846153846154	0.0018619101652130208	0.0018018845332039247	0.5691382765531061	0.7403056487195023	1.2431599840976725e-14	0.27456885939525905	0.03170018585183728	0.6547219626363042
b0477	gsk	46	0.0004764057570310265	0.00015554565749923931	226	0.0004986680042085779	0.03263219498500775	0.0	1.2431599840976725e-14	0.08846153846153847	0.0021165013360075137	0.008464102458502343	0.4488977955911823	0.5698708272435894	1.2431599840976725e-14	0.22186933252646607	0.04528901989877299	0.5093843114173858
b0025	ribF	76	0.0007253742951281207	0.00026880978096997695	285	0.00134855477207586	0.042058482273665494	1.0	1.0	0.14615384615384616	0.0036576801287919315	0.012887422673039777	0.567134268537074	0.7347848231105094	1.0	0.49034612358604435	0.07490576314131904	0.6509595458237918
b2988	gss	23	0.0003041787380867097	5.8002318362881865e-05	309	0.0009455545864700007	0.04634273051132146	0.0	0.0	0.04423076923076923	0.0007892344040988285	0.005404216819101508	0.6152304609218436	0.8097382458655952	0.0	0.2939977420844614	0.022510001817434032	0.7124843533937194
b2515	ispG	36	0.00015625541390313223	9.127649627787864e-05	165	0.0003208828444466598	0.020309769359008766	1.0	1.0	0.06923076923076923	0.0012419943405952028	0.002776124791635692	0.32665330661322645	0.3542885532764449	1.0	0.3502829246922071	0.03523638178568222	0.34047092994483563
b0937	ssuE	19	8.956852710432618e-05	0.0020564431313440006	191	0.0004704091647985985	0.023435354708553957	0.0	6.780872640532758e-16	0.03653846153846154	0.02798191029495206	0.0015913266774792304	0.3787575150300601	0.4089710336244419	6.780872640532758e-16	0.17044978409758324	0.032260185916706804	0.393864274327251
b2746	ispF	32	0.00023470189849103694	0.0001102343605128127	15	2.4780898473012966e-06	0.001766643143678357	1.0	0.9999999999999988	0.06153846153846154	0.001499952972331889	0.004169850776811199	0.026052104208416832	0.029874396738444654	0.9999999999999988	0.22379298309153076	0.03151920725539672	0.02796325047343074
b4120	melB	14	4.789966149484804e-05	0.0012294532893829075	182	0.00035712511075879744	0.02315628327576337	0.0	0.0	0.026923076923076925	0.016729104311706558	0.0008510133150921795	0.3607214428857715	0.4040886463488939	0.0	0.16169245409388977	0.02182609061739174	0.3824050446173327
b2747	ispD	29	0.0001690176756624035	9.553907261135732e-05	159	0.00034319729675729615	0.019853074130061172	1.0	1.0	0.05576923076923077	0.001299994985869956	0.0030028665753745972	0.31462925851703405	0.3462986169640083	1.0	0.3435994202472286	0.028534612877550363	0.3304639377405212
b3500	gor	68	0.0005435142593233947	0.0007174128946702892	187	0.0004402362921416379	0.025332962658882942	0.0	0.0	0.13076923076923078	0.009761798397014783	0.009656391239349823	0.37074148296593185	0.4421699061067329	0.0	0.19068848364778207	0.07026551458312277	0.40645569453633235
b1710	btuE	42	0.00019156197855927875	0.0013338096014785929	133	0.0002927731948983108	0.017532215322791492	0.0	1.2431599840976725e-14	0.08076923076923077	0.01814907499762825	0.0034034018056032195	0.2625250501002004	0.3056949213594499	1.2431599840976725e-14	0.13342765544530436	0.04945915288342951	0.28410998572982515
b2912	fau	19	6.69762922812899e-05	5.513864267630752e-05	164	0.00016000578158132083	0.020716005820026334	0.0	1.2431599840976725e-14	0.03653846153846154	0.0007502685241509652	0.001189939860702644	0.3246492985971944	0.36139570755699124	1.2431599840976725e-14	0.14466674724336212	0.018644365031306252	0.3430225030770928
b3447	ggt	32	0.0001624800493322622	0.00014728739812344717	71	0.00011107291862360455	0.006420635217433942	0.0	1.2431599840976725e-14	0.06153846153846154	0.002004131648013838	0.0028867152940832697	0.1382765531062124	0.11129653104359337	1.2431599840976725e-14	0.06262313546725871	0.03177129659323769	0.12478654207490289
b0829	gsiA	215	0.0020440041017075325	0.0732986159871154	277	0.0009388632706169256	0.037146142476399115	0.0	1.2431599840976725e-14	0.4134615384615385	0.9973702973031576	0.03631496867348912	0.5511022044088176	0.6488428652414691	1.2431599840976725e-14	0.522155381082999	0.705415917882348	0.5999725348251433
b0830	gsiB	203	0.0009045450028369904	0.07313575234751614	326	0.0012557893146899449	0.04875904912290617	0.0	1.2431599840976725e-14	0.3903846153846154	0.9951542205811149	0.016070673935705528	0.6492985971943888	0.8520120218838079	1.2431599840976725e-14	0.5773698910087879	0.6927694179828652	0.7506553095390983
b0831	gsiC	194	0.00042928988243958095	0.07287403336068718	292	0.0011023677537836925	0.041977299820434216	0.0	1.2431599840976725e-14	0.3730769230769231	0.9915930245041062	0.00762701435854059	0.5811623246492985	0.733364526619784	1.2431599840976725e-14	0.5358393597700248	0.6823349737905147	0.6572634256345413
b2942	metK	117	0.0018824371053979402	0.0025951304730721493	287	0.0017329595476819355	0.04214469941728372	1.0	1.0	0.225	0.03531179977427448	0.033444475211782704	0.5711422845691382	0.7362932020969447	1.0	0.5135494572880714	0.13015589988713724	0.6537177433330414
b0199	metN	211	0.0009497583806572463	0.07308693040770915	334	0.0011578210909719087	0.04921742735833579	0.0	5.763741744452845e-15	0.40576923076923077	0.9944899030907441	0.016873961168736802	0.6653306613226452	0.8600314025910015	5.763741744452845e-15	0.5851242395547255	0.7001295669299874	0.7626810319568234
b0198	metI	199	0.0003536645842126024	0.07282092698315082	321	0.001089606215079982	0.048325306476586914	0.0	0.0	0.3826923076923077	0.990870408901631	0.006283411215209442	0.6392785571142284	0.8444236436823	0.0	0.5714529834780935	0.6867813582969694	0.7418511003982642
b0197	metQ	201	0.0004541667221432581	0.07284480791108917	278	0.0009123792994353627	0.03936044822042874	0.0	0.0	0.38653846153846155	0.991195355394508	0.008068990797716889	0.5531062124248497	0.6875824025732447	0.0	0.5236844863862128	0.6888669084664848	0.6203443074990471
b4019	metH	114	0.0025922943033491646	0.0020858667229567587	128	0.00025085791545221094	0.015723105080795108	0.0	0.0	0.21923076923076923	0.028382275512212125	0.04605621208878531	0.25250501002004005	0.27404432660934264	0.0	0.1548324762744728	0.12380652237149067	0.2632746683146914
b3829	metE	62	0.0002402663756543638	0.001160672256548081	119	0.0002892831829912019	0.013135443324935048	0.0	0.0	0.11923076923076924	0.015793204523648515	0.004268712522588397	0.2344689378757515	0.22877288229166587	0.0	0.11965315878436703	0.06751198687720887	0.23162091008370866
b2374	frc	21	0.00011142388499419026	4.132021512651895e-05	35	2.0542679526065423e-06	0.0035693178313563542	0.0	0.0	0.04038461538461539	0.0005622419289964616	0.001979621709008414	0.06613226452905811	0.06141240071492462	0.0	0.033698304511518916	0.020473428656805924	0.06377233262199136
b4219	msrA	38	0.0003264318122857082	0.00022285716221289353	120	0.0001879028215614017	0.015849497945889347	0.0	0.0	0.07307692307692308	0.0030324053345220457	0.005799577910476211	0.23647294589178355	0.27625558453024646	0.0	0.11776757176669503	0.038054664205722566	0.256364265211015
b1778	msrB	47	0.00040369084299713554	0.00023187104216999146	80	0.0002314781451341017	0.00910325533130092	0.0	0.0	0.0903846153846154	0.0031550567108351545	0.0071722068977105365	0.156312625250501	0.1582292829132609	0.0	0.0816163160518425	0.04676983604772528	0.15727095408188096
b0832	gsiD	198	0.0004914383747564165	0.07317497000623303	269	0.0010478648733364207	0.03716959357693531	0.0	0.0	0.3807692307692308	0.9956878531389368	0.008731180710117411	0.5350701402805611	0.6492531449813572	0.0	0.5121560738340172	0.6882285419540838	0.5921616426309592
b2947	gshB	42	0.00046080735591402366	0.0009208410726331056	271	0.0008772418239774115	0.03904161058319829	1.0	0.0	0.08076923076923077	0.012529834595273681	0.008186972169259153	0.5390781563126252	0.6820043009115535	0.0	0.26287630451773664	0.04664953268225223	0.6105412286120894
b2492	focB	23	6.682633870689601e-05	2.8907747481952446e-05	206	0.0007047832841565895	0.024745041437993984	0.0	0.0	0.04423076923076923	0.0003933461541143918	0.0011872756980661587	0.40881763527054105	0.43188415575532785	0.0	0.1770651812821505	0.022312057692441812	0.4203508955129345
b2153	folE	78	0.0006885875153955344	0.00021952623431746728	133	0.0005878142772911616	0.014582520624502824	1.0	1.0	0.15000000000000002	0.0029870815790784145	0.012233847294951535	0.2625250501002004	0.2540896684761039	1.0	0.33392036003107656	0.07649354078953922	0.2583073592881522
b0904	focA	24	0.0002085369379008592	3.849583731873491e-05	207	0.0005571858911818629	0.0257069203194043	0.0	2.260290880177586e-16	0.046153846153846156	0.0005238107731566135	0.0037049888308974817	0.4108216432865731	0.4487123390066752	2.260290880177586e-16	0.18124232784405025	0.023338828463501386	0.42976699114662414
b2114	metG	273	0.004759246269159528	0.0018712149268904992	198	0.0003000624550860824	0.03078186035568887	0.0	0.0	0.525	0.025461520150379714	0.0845555442034421	0.3927855711422845	0.5374990070276829	0.0	0.2961492196640695	0.2752307600751899	0.46514228908498373
b1277	ribA	43	0.00021110191953232552	0.0001190990357310546	295	0.0015930489017860114	0.03889715375316288	1.0	1.0	0.0826923076923077	0.0016205741278454938	0.003750559790132329	0.5871743486973947	0.6794770118165061	1.0	0.4701928484668108	0.0421564409100766	0.6333256802569505
b4154	frdA	119	0.0014401008716709632	0.00039742791904182284	106	0.00012143733093565056	0.010061926932070546	0.0	0.0	0.22884615384615387	0.005407780166558605	0.025585671769301755	0.20841683366733466	0.1750013544156104	0.0	0.1235344244191315	0.11712696700635623	0.19170909404147252
b3779	gpp	21	9.857048629752876e-05	6.743823635645803e-05	213	0.0003931624155639041	0.029147659338099905	0.0	0.0	0.04038461538461539	0.0009176284291133742	0.0017512607333003936	0.4228456913827655	0.5089084695649998	0.0	0.1946112809522988	0.02065112190686438	0.46587708047388265
b4242	mgtA	25	0.000519324921897934	8.793934887019373e-05	275	0.0006426100769741081	0.03796594241260855	0.0	0.0	0.04807692307692308	0.001196585956585166	0.00922662936651198	0.5470941883767535	0.6631853607703736	0.0	0.25191061163612705	0.024636754516754122	0.6051397745735636
b0963	mgsA	31	0.00023652342101162355	0.0001008613757046548	125	0.0005767385457146441	0.0175063128936944	0.0	0.0	0.05961538461538462	0.0013724152757623698	0.0042022130079916046	0.24649298597194386	0.3052417553403959	0.0	0.12254450824069733	0.030493899945573496	0.27586737065616984
b0403	malZ	34	0.00027723460088605463	0.0024821440099198977	116	0.00033125269011050344	0.015453418656263823	0.0	0.0	0.06538461538461539	0.033774399090403424	0.004925511567209607	0.2284569138276553	0.269326131148227	0.0	0.11938841189018023	0.04957950723750941	0.24889152248794116
b4153	frdB	97	0.001646179445602444	0.00024839330157427013	106	0.00012143733093565056	0.010061926932070546	0.0	0.0	0.18653846153846154	0.0033798741995727587	0.02924698387251487	0.20841683366733466	0.1750013544156104	0.0	0.11466730476419587	0.09495916786901715	0.19170909404147252
b1193	emtA	21	5.8171100292854536e-05	4.8973504980636313e-05	15	2.4134219461547244e-07	0.0002618735214009251	0.0	0.0	0.04038461538461539	0.0006663798294786487	0.0010335016857709184	0.026052104208416832	0.003548276637318013	0.0	0.014130275211965772	0.020525497607047017	0.014800190422867423
b2883	guaD	33	0.00017547036813208604	3.577563322598515e-05	201	0.0004858422077046013	0.024775812726630785	0.0	0.0	0.06346153846153846	0.0004867971034143635	0.0031175088721784173	0.3987975951903807	0.4324225030400722	0.0	0.17903368675908116	0.03197416778247641	0.4156100491152265
b4152	frdC	65	0.0004555136243281605	0.00012243969335481642	106	0.00012143733093565056	0.010061926932070546	0.0	0.0	0.125	0.0016660302751755481	0.008092920647275471	0.20841683366733466	0.1750013544156104	0.0	0.10201684367162411	0.06333301513758778	0.19170909404147252
b0125	hpt	79	0.0014457723009479399	0.00028137801069550323	75	4.5346984755944794e-05	0.008952861426013755	0.0	0.0	0.15192307692307694	0.003828695349872313	0.02568643368869089	0.14629258517034066	0.1555981239940138	0.0	0.09152849628746075	0.07787588613647463	0.15094535458217723
b4151	frdD	61	0.0003641288768479584	0.00012248678962382975	102	0.00011546650627223427	0.009671876664568344	0.0	0.0	0.11730769230769231	0.0016666711115569056	0.006469325939610299	0.2004008016032064	0.1681773794790361	0.0	0.09751050890029835	0.05948718170962461	0.18428909054112125
b0238	gpt	65	0.0004021789231934383	0.00017240588783851426	82	6.140667796160176e-05	0.009914019613508141	0.0	0.0	0.125	0.00234591757695043	0.0071453452489192125	0.16032064128256512	0.17241369862121958	0.0	0.09201605149614703	0.06367295878847522	0.16636716995189235
b2558	mltF	19	5.293290633136257e-05	6.433618713023572e-05	15	2.4134219461547244e-07	0.0002618735214009251	0.0	0.0	0.03653846153846154	0.0008754190133237196	0.0009404368776042764	0.026052104208416832	0.003548276637318013	0.0	0.01340285227950402	0.01870694027589263	0.014800190422867423
b2168	fruK	59	0.0006877500102714876	0.00018575750248207325	221	0.0007749227175664245	0.03300562736499755	0.0	0.0	0.11346153846153847	0.0025275922741761513	0.012218967690591527	0.438877755511022	0.5764040702993483	0.0	0.22625419130921695	0.05799456536785731	0.5076409129051851
b2813	mltA	36	0.00023532609166629842	0.00012310405843081752	15	2.418258463080886e-07	0.0002618735214009251	0.0	0.0	0.06923076923076923	0.0016750702547774212	0.00418094055671276	0.026052104208416832	0.003548276637318013	0.0	0.0201012440662563	0.03545291974277333	0.014800190422867423
b3092	uxaC	29	0.0001872991631467557	4.144483328611977e-05	6	3.767880518707892e-07	0.0005317339336933689	0.0	0.0	0.05576923076923077	0.0005639376015438434	0.003327666141453955	0.008016032064128254	0.00826951603461401	0.0	0.014523743293903376	0.028166584185387308	0.008142774049371132
b3371	frlB	17	0.00015675862124354638	4.979470248086017e-05	80	0.00022508556584718172	0.008648799665033423	0.0	0.0	0.032692307692307694	0.0006775538193816346	0.002785065066651845	0.156312625250501	0.1502785280111993	0.0	0.06799220295467792	0.016684930755844665	0.15329557663085014
b3875	ompL	29	0.0002957994847714658	0.0005426438655556105	50	3.347887256526398e-06	0.003374019497918143	0.0	0.0	0.05576923076923077	0.007383725684726028	0.005255346118990823	0.09619238476953906	0.05799563358623766	0.0	0.043468194961946705	0.0315764782269784	0.07709400917788836
b4392	slt	84	0.0009521674411805071	0.0006701514772230609	15	2.4134219461547244e-07	0.0002618735214009251	0.0	0.0	0.16153846153846155	0.009118714849862998	0.016916761942649964	0.026052104208416832	0.003548276637318013	0.0	0.04005151144681188	0.08532858819416227	0.014800190422867423
b2701	mltB	60	0.0009998447015278497	0.0001509414137991635	15	2.418258463080886e-07	0.0002618735214009251	0.0	0.0	0.11538461538461539	0.0020538516413828836	0.01776382394927957	0.026052104208416832	0.003548276637318013	0.0	0.029407769574346626	0.05871923351299914	0.014800190422867423
b2963	mltC	28	0.0005757813413728775	7.358625905085065e-05	15	2.4134219461547244e-07	0.0002618735214009251	0.0	0.0	0.05384615384615385	0.0010012842408903767	0.010229667033088682	0.026052104208416832	0.003548276637318013	0.0	0.016889563786555813	0.027423719043522112	0.014800190422867423
b4474	frlC	24	0.00022452118194764742	6.240462780346313e-05	2	0.0	0.000241380300530912	0.0	0.0	0.046153846153846156	0.0008491363901928748	0.0039889742306056354	0.0	0.003189745347281503	0.0	0.010038545578264106	0.023501491272019514	0.0015948726736407515
b0957	ompA	269	0.008623673022887336	0.0030554740956015023	52	3.4648206872752027e-06	0.0034786098117066708	0.0	0.0	0.5173076923076924	0.041575670510175154	0.15321320315108483	0.1002004008016032	0.059825453328374675	0.0	0.14378184338956906	0.2794416814089338	0.08001292706498894
b3374	frlD	28	0.0003266844971560657	0.00012809973900335914	229	0.000724519165651351	0.0347812643244735	0.0	0.0	0.05384615384615385	0.0017430462097223725	0.0058040672572165775	0.4549098196392785	0.6074690460664793	0.0	0.22359361315232684	0.02779460002793811	0.5311894328528789
b2919	scpB	74	0.0004736717111306283	0.0004710301290472566	195	0.0005766225083857741	0.025350823037883753	0.0	0.0	0.1423076923076923	0.006409281451223964	0.008415527804888927	0.3867735470941883	0.4424823755210977	0.0	0.19559457927484045	0.07435848687945813	0.414627961307643
b3370	frlA	27	0.0006884455650134104	2.52789594513548e-05	185	0.0006925690596509121	0.021674056942565346	0.0	0.0	0.051923076923076926	0.0003439694319459471	0.012231325321695359	0.3667334669338677	0.37815692372030574	0.0	0.15943148740183927	0.026133523177511435	0.37244519532708675
b1319	ompG	220	0.0016932324220183424	0.07297972196154297	52	3.4648206872752027e-06	0.0034786098117066708	0.0	0.0	0.42307692307692313	0.9930311235710194	0.030082954486815656	0.1002004008016032	0.059825453328374675	0.0	0.3152267801555841	0.7080540233239713	0.08001292706498894
b4321	gntP	14	0.00011046202207723476	0.0003998650772519531	145	0.00040413944270509554	0.015427089208931396	0.0	0.0	0.026923076923076925	0.005440942446308057	0.0019625326915899805	0.2865731462925851	0.26886549439532614	0.0	0.11756053201145926	0.01618200968469249	0.27771932034395563
b0875	aqpZ	21	0.00011506535940134173	0.00010364842201809718	148	0.0008835843799479984	0.016459763311429083	0.0	0.0	0.04038461538461539	0.0014103384639808803	0.0020443182665694027	0.2925851703406813	0.2869322482991772	0.0	0.12426247449769097	0.020897476924298133	0.28975870931992925
b0260	mmuP	10	3.427064640039943e-05	4.466158352664114e-05	178	0.0003424800617320051	0.022406264301384305	0.0	0.0	0.019230769230769232	0.0006077077478219501	0.0006088722862204919	0.35270541082164325	0.3909669768884596	0.0	0.15270217293773883	0.00991923848929559	0.3718361938550514
b2917	scpA	56	0.0006718262313423331	0.0005551420339127503	11	9.392317084624776e-08	0.001049091412155246	0.0	0.0	0.1076923076923077	0.007553787584561855	0.011936056549418799	0.018036072144288574	0.017320745479683385	0.0	0.0301205825801683	0.057623047638434774	0.017678408811985978
b3599	mtlA	53	0.0008394332083700155	0.000549355157444437	90	3.625572104542762e-05	0.0076233260757108704	0.0	0.0	0.10192307692307692	0.0074750458699205736	0.01491385983030938	0.17635270541082163	0.13233774792542113	0.0	0.08361771522584806	0.05469906139649875	0.1543452266681214
b1395	paaH	36	0.00013507204686865522	6.29772143764442e-05	174	0.0002646615491362306	0.022860915947501056	0.0	0.0	0.06923076923076923	0.0008569275446756049	0.002399768741462694	0.344689378757515	0.3989211604808486	0.0	0.16273964720276168	0.03504384838772242	0.3718052696191818
b2167	fruA	55	0.00025655908984735884	0.0006542903918791907	79	2.985281013167169e-05	0.006702182374311908	0.0	0.0	0.10576923076923078	0.008902893920750948	0.004558178382774516	0.15430861723446893	0.11622223140088934	0.0	0.07704059466506799	0.05733606234499086	0.13526542431767913
b4040	ubiA	30	0.00019186732769545166	7.588081828407617e-05	74	1.0420113369721802e-05	0.010045065095378952	1.0	1.0	0.057692307692307696	0.001032506184085377	0.0034088268163971476	0.1442885771543086	0.17470635461544387	1.0	0.27554394912922914	0.029362406938196535	0.15949746588487623
b4322	uxuA	29	0.0002135599862723832	5.127413186492614e-05	101	2.575708612247895e-05	0.014277537043843361	0.0	6.780872640532758e-16	0.05576923076923077	0.0006976843348730087	0.003794231237067279	0.19839679358717432	0.2487539451504556	6.780872640532758e-16	0.10072353076834688	0.02823345755205189	0.22357536936881495
b2169	fruB	54	0.00043850365631588594	0.0009731054094442633	88	3.4343717415520016e-05	0.007410792898614724	0.0	9.832265328772501e-15	0.10384615384615385	0.013240992595212721	0.0077907116375250645	0.1723446893787575	0.1286194551961733	9.832265328772501e-15	0.08361025820326143	0.058543573220683286	0.1504820722874654
b0784	moaD	47	0.0002760561204411668	0.0014067579095094558	201	0.0007029804239743974	0.024311453052586262	1.0	1.0	0.0903846153846154	0.01914167867354613	0.0049045739964862075	0.3987975951903807	0.4242984763664647	1.0	0.3865244731230014	0.054763147029080764	0.4115480357784227
b0353	mhpT	23	0.000460638965080641	4.5007250915218424e-05	174	0.00019947876215797844	0.022981440798300726	0.0	0.0	0.04423076923076923	0.0006124112252542379	0.008183980439529214	0.344689378757515	0.4010297568070558	0.0	0.15811246320411887	0.022421590228011736	0.3728595677822854
b1232	purU	50	0.0003753166346858283	0.00016871168346433208	203	0.0006061650253091794	0.026762790326778037	0.0	1.469189072115431e-15	0.09615384615384616	0.0022956507381382977	0.006668094168631671	0.40280561122244485	0.46718490797256673	1.469189072115431e-15	0.19368800321739948	0.04922474844599223	0.4349952595975058
b0126	can	22	0.0005039158553231389	8.406514734846442e-05	218	0.0005145346734652507	0.02934949739578175	0.0	1.469189072115431e-15	0.04230769230769231	0.0011438699063364309	0.008952862905141414	0.4328657314629258	0.5124396499323097	1.469189072115431e-15	0.19775138872185313	0.02172578110701437	0.47265269069761773
b0339	cynT	15	0.0001583737056934016	1.156364605498764e-05	147	0.0003408870020213896	0.017336238692054553	0.0	1.469189072115431e-15	0.028846153846153848	0.00015734590549156956	0.002813759598699278	0.29058116232464926	0.30226628734038574	1.469189072115431e-15	0.12437018988333637	0.014501749875822709	0.2964237248325175
b0261	mmuM	18	8.611031415080773e-05	0.00011154648206049956	125	0.0003459795942984502	0.016420105711553695	0.0	1.469189072115431e-15	0.03461538461538462	0.0015178069391563699	0.0015298860497581976	0.24649298597194386	0.28623843396256016	1.469189072115431e-15	0.11377292229780929	0.018066595777270492	0.266365709967252
b3633	waaA	47	0.00023719568239292347	0.001765603644456928	102	0.00028964900013826077	0.01072730021833026	1.0	0.9999999999999996	0.0903846153846154	0.024024473151049545	0.004214156795668894	0.2004008016032064	0.18664213768690177	0.9999999999999996	0.3002904055651546	0.057204544267832474	0.19352146964505407
b3624	waaZ	19	0.00010721096486872421	2.6492691887133174e-05	110	0.00016050702111896094	0.014392353954696202	1.0	0.0	0.03653846153846154	0.0003604846234542227	0.0019047725136215733	0.2164328657314629	0.2507626804013557	0.0	0.10081889845894687	0.01844947308095788	0.23359777306640928
b2801	fucP	26	0.00021865973741890045	0.0004605869955799951	131	0.0004054117556071049	0.013523250733182588	0.0	0.0	0.05	0.006267182299817748	0.0038848363894608837	0.25851703406813625	0.23555761814390858	0.0	0.11006836690237251	0.028133591149908876	0.24703732610602241
b3917	sbp	207	0.0007998373300076228	0.07320164730511285	313	0.0008643919767772593	0.04749703109266167	0.0	0.0	0.3980769230769231	0.9960508496997406	0.014210376368055878	0.6232464929859719	0.8299328692067887	0.0	0.5694614269938849	0.6970638863883318	0.7265896810963803
b0428	cyoE	28	3.243415419966391e-05	9.139775608665618e-05	185	0.0003863981348392639	0.024934962163243826	1.0	0.0	0.05384615384615385	0.0012436443162448473	0.0005762440949741515	0.3667334669338677	0.4352068410013612	0.0	0.1714060212195255	0.027544899081199347	0.4009701539676145
b3630	waaP	37	0.00038429453376008564	0.0001957070229272333	236	0.00038433568947230225	0.03711523720739924	1.0	0.0	0.07115384615384615	0.002662974859928623	0.00682760075835086	0.468937875751503	0.6483021739546414	0.0	0.23821137414398383	0.03690841050688739	0.5586200248530722
b1611	fumC	112	0.000982224249617971	0.000516528240961103	123	0.00020379030159991613	0.015912369705011507	0.0	0.0	0.2153846153846154	0.007028371795497613	0.017450768726647966	0.24248496993987972	0.2773555332912495	0.0	0.14845069808224845	0.11120649359005651	0.25992025161556465
b3625	waaY	19	1.8500555934740103e-05	3.276135029647375e-05	238	0.000396497448222986	0.03769076762173741	1.0	0.0	0.03653846153846154	0.00044578191886993654	0.000328691663901735	0.4729458917835671	0.6583711456998222	0.0	0.23366025618814418	0.01849212172866574	0.5656585187416947
b3621	waaC	48	0.00017660243025994824	0.0001839195869360548	171	0.0005316641667658636	0.026907864301477624	1.0	0.0	0.09230769230769231	0.0025025838568975395	0.003137621748016296	0.3386773547094188	0.46972299408551527	0.0	0.1806421249919048	0.04740513808229493	0.404200174397467
b0764	modB	201	0.0003489877714673518	0.07311973154746522	318	0.0009818096228697679	0.047720519324994694	0.0	0.0	0.38653846153846155	0.9949362264226355	0.006200320233056486	0.6332665330661322	0.8338428219055167	0.0	0.5697168085865492	0.6907373439805485	0.7335546774858245
b1612	fumA	87	0.0005371927916663123	0.0007270884611338938	116	0.00016083435614453777	0.013497696090134114	0.0	0.0	0.16730769230769232	0.009893453305779747	0.009544080359080234	0.2284569138276553	0.23511053668235077	0.0	0.12815371922469562	0.08860057280673604	0.23178372525500301
b3620	waaF	47	0.00015205401202464096	0.0001883749323497846	151	0.0002774764758725443	0.02005147878153844	1.0	0.0	0.0903846153846154	0.00256320750060537	0.002701480236140578	0.2985971943887775	0.3497697294891984	0.0	0.14826294935263934	0.046473911442610386	0.32418346193898795
b0621	dcuC	27	0.000611744908246748	2.7063081500011507e-05	211	0.0012361178698184036	0.022862311313081186	0.0	0.0	0.051923076923076926	0.00036824588401983965	0.010868616731536211	0.4188376753507014	0.3989455725644683	0.0	0.17401491414445328	0.026145661403548383	0.4088916239575848
b3632	waaQ	44	0.00019864665165734586	0.00015998439681882043	173	0.00030314202036155387	0.027662163019260486	1.0	0.0	0.08461538461538462	0.00217689902149178	0.003529272238741436	0.3426853707414829	0.4829195381561108	0.0	0.18247943850689402	0.0433961418184382	0.4128024544487968
b3623	waaU	51	0.001456597533669031	9.668910036401953e-05	176	0.0003684649742304729	0.025413008248430725	1.0	0.0	0.09807692307692309	0.00131564335120582	0.025878761085109152	0.3486973947895791	0.44357031303467914	0.0	0.17833205485047743	0.049696283214064454	0.39613385391212913
b2423	cysW	205	0.000399023911164104	0.07313893216318683	349	0.001982605319859307	0.047190236915376806	0.0	0.0	0.3942307692307693	0.9951974881607021	0.007089291465605351	0.6953907815631262	0.8245654692819391	0.0	0.5818769016473073	0.6947141286957357	0.7599781254225326
b0765	modC	200	0.0003636512290271002	0.0730921775192931	285	0.0007629945409254249	0.041549844216559925	0.0	0.0	0.38461538461538464	0.9945613002538419	0.006460839769921629	0.567134268537074	0.7258861409593514	0.0	0.5344394188731304	0.6895883424346133	0.6465102047482127
b3730	glmU	77	0.0008859656791389164	0.0002814774956007763	242	0.0025220442493738104	0.028473546846207936	1.0	1.0	0.14807692307692308	0.0038300490355894735	0.015740582837793088	0.48096192384769537	0.49711479287158117	1.0	0.4259967377663578	0.07595348605625628	0.48903835835963827
b2424	cysU	202	0.0003220303753048884	0.07307582182387456	391	0.0023144766104486085	0.05279139239565035	0.0	8.702119888683707e-15	0.38846153846153847	0.9943387491922359	0.005721379414718164	0.7795591182364728	0.9225583378883594	8.702119888683707e-15	0.6169835487557231	0.6914001438268872	0.8510587280624161
b2425	cysP	205	0.00042631061994267234	0.07313801505679668	346	0.0015687415076780355	0.04808899402824865	0.0	1.0397338048816896e-14	0.3942307692307693	0.995185009143729	0.0075740830438945205	0.68937875751503	0.8402893298283768	1.0397338048816896e-14	0.583816773143583	0.6947078891872491	0.7648340436717034
b2104	thiM	26	0.00020055634279427572	0.0012496093586052029	246	0.000372304569253043	0.03963994143498898	0.0	1.0397338048816896e-14	0.05	0.017003366853802	0.0035632009249684906	0.4889779559118236	0.6924721689700615	1.0397338048816896e-14	0.2496906983471395	0.033501683426901005	0.5907250624409426
b1002	agp	37	0.0007287171618718747	0.0005052101717394731	77	0.000178452185004191	0.006272617050940011	0.0	1.0397338048816896e-14	0.07115384615384615	0.006874367440675156	0.012946813992742933	0.1503006012024048	0.10870693595170804	1.0397338048816896e-14	0.0674071501497289	0.03901410679726065	0.12950376857705642
b2388	glk	94	0.0012843182030913285	0.0008207254576343968	264	0.0014489229970666426	0.03767771573400652	0.0	1.0397338048816896e-14	0.1807692307692308	0.011167566845040812	0.02281794604672811	0.5250501002004008	0.6581428014012247	1.0397338048816896e-14	0.27502593984318147	0.0959683988071358	0.5915964508008127
b0763	modA	210	0.0011732040381172662	0.07326687466887373	265	0.0008439650657931893	0.035731653571924156	0.0	1.0397338048816896e-14	0.40384615384615385	0.9969383949052044	0.020843827004186515	0.5270541082164328	0.6240962168312227	1.0397338048816896e-14	0.5103869747598048	0.7003922743756792	0.5755751625238278
b2422	cysA	211	0.0009109319711319821	0.0731696629333826	329	0.0017963169750305423	0.041923096421109037	0.0	1.0397338048816896e-14	0.40576923076923077	0.995615640086134	0.016184148538499834	0.655310621242485	0.7324162318247547	1.0397338048816896e-14	0.557822344784523	0.7006924354276824	0.6938634265336199
b3789	rffH	31	0.00013437764762238414	2.9447801759459135e-05	192	0.0005944448376616484	0.024325127728619216	0.0	1.0397338048816896e-14	0.05961538461538462	0.00040069464341480873	0.002387431639568347	0.3807615230460921	0.42453771641906674	1.0397338048816896e-14	0.17306306374479374	0.030008039629399713	0.4026496197325794
b2877	mocA	18	0.00010653543364313119	3.922708189596929e-05	184	0.00041675490951251633	0.02513635322649136	1.0	1.0397338048816896e-14	0.03461538461538462	0.0005337607785090443	0.0018927706319840166	0.36472945891783565	0.4387302011488926	1.0397338048816896e-14	0.16772176109212647	0.01757457269694683	0.40172983003336415
b0394	mak	28	0.00022376569745561365	0.00010693282748719865	266	0.0015998934196871603	0.04005286867185356	0.0	1.0397338048816896e-14	0.05384615384615385	0.0014550291912895333	0.003975551852617942	0.5290581162324649	0.6996963791546548	1.0397338048816896e-14	0.2568111356849147	0.027650591518721693	0.6143772476935598
b2039	rfbA	43	0.00013544104661507113	4.146617596295473e-05	177	0.00047495074844888015	0.023364727441155093	0.0	1.0397338048816896e-14	0.0826923076923077	0.0005642280101914483	0.0024063246061111184	0.3507014028056112	0.40773540134131353	1.0397338048816896e-14	0.16833866796988686	0.041628267851249574	0.37921840207346236
b2020	hisD	53	0.00027832812351549416	0.00018692254260657917	222	0.0004254208898824341	0.029549536731785613	1.0	1.0	0.10192307692307692	0.002543444912042504	0.004944939727847188	0.44088176352705405	0.5159393614540089	1.0	0.4122575293632365	0.05223326091755971	0.4784105624905315
b2022	hisB	90	0.0011442889575963117	0.0003335498671450431	180	0.0003156045788110313	0.02680326614505556	1.0	1.0	0.17307692307692307	0.004538594974540288	0.02033010482406335	0.3567134268537074	0.46789303713558955	1.0	0.40044439640815205	0.08880775902573168	0.41230323199464847
b0134	panB	42	0.00033408813622793347	0.00010331805572859423	119	0.0001718921773378146	0.0165653027430574	1.0	1.0	0.08076923076923077	0.001405843187774868	0.005935604625825619	0.2344689378757515	0.28877867296865356	1.0	0.3210845369602821	0.04108753697850282	0.26162380542220254
b0009	mog	25	0.00010877521398325443	0.0013070467502761761	192	0.0003519606619227837	0.025164100161783668	1.0	1.0	0.04807692307692308	0.01778491433100493	0.0019325638754609372	0.3807615230460921	0.43921563701902794	1.0	0.3771677994946096	0.032930918703964	0.40998858003256
b2519	pbpC	31	0.00027280893413641284	8.619265369226954e-05	112	0.0005115395129999691	0.014666400404928745	0.0	7.571974448594913e-15	0.05961538461538462	0.001172818769913995	0.004846882591250957	0.22044088176352702	0.25555715502079296	7.571974448594913e-15	0.10735724803392524	0.030394101692649306	0.23799901839215998
b1069	murJ	56	0.0007588988249502251	0.0006252756211238145	79	0.00027061403991838194	0.00749312353558087	1.0	0.9999999999999988	0.1076923076923077	0.008508091506752307	0.013483039017090232	0.15430861723446893	0.13005983929529716	0.9999999999999988	0.28011377114576497	0.05810019959953	0.14218422826488303
b0154	hemL	38	0.00026030707195884436	0.0005823351367085143	2	1.4785613261148055e-07	0.0001826019195228167	1.0	1.0	0.07307692307692308	0.007923802661310016	0.004624767218312415	0.0	0.002161410713952757	1.0	0.2166324272904372	0.04050036286911655	0.0010807053569763785
b2514	hisS	108	0.00026935463967186135	0.000980108216864874	201	0.00025405432916430907	0.03112565683831793	0.0	0.0	0.2076923076923077	0.013336279416457463	0.004785511581689674	0.3987975951903807	0.5435137666015367	0.0	0.23266798978013653	0.11051429355438258	0.4711556808959587
b2533	suhB	43	0.00035175663077528915	0.00019179430204264219	187	0.00039381064650198977	0.027974005073457178	0.0	4.4075672163462926e-15	0.0826923076923077	0.002609734678795941	0.006249513401966981	0.37074148296593185	0.4883752512764615	4.4075672163462926e-15	0.1888837553227003	0.04265102118555182	0.42955836712119666
b2309	hisJ	188	8.176590801110538e-05	0.0727592383561247	255	0.0005312009805087245	0.034385404073930835	0.0	4.4075672163462926e-15	0.3615384615384616	0.9900310150952312	0.001452700797176557	0.5070140280561122	0.6005434247987694	4.4075672163462926e-15	0.4918253858977158	0.6757847383168464	0.5537787264274407
b0112	aroP	19	9.2875116870916e-05	0.00041709563122313244	181	0.000483929157784715	0.021893239381284655	0.0	4.4075672163462926e-15	0.03653846153846154	0.005675397660850636	0.0016500734792539808	0.35871743486973945	0.3819915460574109	4.4075672163462926e-15	0.15658456802529339	0.02110692959965609	0.37035449046357516
b0785	moaE	53	0.0005639503560696887	0.0013944329694089055	77	7.519581897834468e-05	0.008025361929379677	1.0	0.9999999999999988	0.10192307692307692	0.018973973881214305	0.010019470849870218	0.1503006012024048	0.13937141209032186	0.9999999999999988	0.28211381281940334	0.06044852540214561	0.1448360066463633
b0826	moeB	44	0.0005620332228456346	0.0021903587989010463	212	0.0003453185535265546	0.029301797170873684	1.0	1.0	0.08461538461538462	0.0298040935294677	0.009985409943184038	0.42084168336673344	0.511605128932424	1.0	0.409373258088802	0.05720973907242616	0.46622340614957875
b1008	rutE	21	0.0009765669029869887	0.00017480261197985912	163	0.00023141423538234905	0.02224964164190631	0.0	0.0	0.04038461538461539	0.0023785296725161494	0.01735025700775877	0.3226452905811623	0.3882268451879438	0.0	0.15072705616524754	0.02138157252856577	0.35543606788455306
b0349	mhpC	15	6.667450643164634e-05	2.7391572571056915e-05	180	0.0005732693550218077	0.02200600419152738	0.0	0.0	0.028846153846153848	0.00037271564422987666	0.0011845781573348508	0.3567134268537074	0.3839643795687213	0.0	0.1539793351825625	0.014609434745191862	0.3703389032112143
b4055	aphA	19	0.00020157945235040116	3.255325115818035e-05	94	0.0003777872743086986	0.009112468829140278	0.0	0.0	0.03653846153846154	0.0004429503251674757	0.0035813780858896475	0.1843687374749499	0.15839047413288648	0.0	0.07594812469429309	0.018490705931814507	0.1713796058039182
b3805	hemC	32	0.0002584258014582126	0.00010805077493369848	154	0.00039503948238849007	0.02094607837925143	1.0	1.0	0.06153846153846154	0.0014702410416371694	0.004591343469681123	0.3046092184368737	0.36542085382288036	1.0	0.3466077549679706	0.03150435129004935	0.33501503612987704
b0529	folD	82	0.001016382837701992	0.00034961949426501034	226	0.0009045989274319021	0.02754317282571472	0.0115089899170549	0.0118832027103875	0.1576923076923077	0.004757253520303415	0.018057650119481555	0.4488977955911823	0.48083779083760686	0.0118832027103875	0.22081367007035757	0.08122478060630556	0.4648677932143946
b4041	plsB	75	0.0008344300088851401	0.0002823045893881775	35	7.151292739191035e-05	0.0029641154289019277	0.0	9.832265328772501e-15	0.14423076923076925	0.003841303255952692	0.014824970071033122	0.06613226452905811	0.05082431407586025	9.832265328772501e-15	0.05300573021833003	0.07403603624336097	0.058478289302459185
b3941	metF	50	0.0001696492814360067	0.0014435663651054002	185	0.00034671951196254007	0.02461687497918415	1.0	0.9999999999999988	0.09615384615384616	0.01964252933500269	0.0030140880518203803	0.3667334669338677	0.429641868605447	0.9999999999999988	0.3824343422056325	0.05789818774442443	0.39818766776965736
b2418	pdxK	15	4.275560486003201e-05	2.6739814638443267e-05	224	0.00034543864429496297	0.03357163101289746	0.0	0.0	0.028846153846153848	0.0003638472093451739	0.0007596210055601474	0.4448897795591182	0.5863063701542172	0.0	0.21208123015376684	0.01460500052774951	0.5155980748566676
b2103	thiD	31	0.00016484289574354035	0.00046528227436155666	237	0.00040644041465957094	0.037211202656093664	1.0	0.9999999999999988	0.05961538461538462	0.0063310707038649735	0.0029286950011367685	0.47094188376753504	0.649981100675706	0.9999999999999988	0.4373738879524979	0.03297322765962479	0.5604614922216206
b1059	solA	17	0.0004430928530642455	0.00043780217733607485	156	0.0003448361015934585	0.019681660637213095	0.0	2.3733054241864654e-15	0.032692307692307694	0.005957150512178923	0.007872245982790778	0.30861723446893785	0.34329971790805697	2.3733054241864654e-15	0.13811328211629675	0.01932472910224331	0.3259584761884974
b3451	ugpE	201	0.0010054114266933906	0.0731625862478719	271	0.0009871236457964481	0.03811864793403656	0.0	6.215799920488362e-15	0.38653846153846155	0.9955193480097193	0.017862725634374854	0.5390781563126252	0.6658569616836979	6.215799920488362e-15	0.517398585508902	0.6910289047740904	0.6024675589981616
b3996	nudC	29	0.0004477511457731222	5.476247922115207e-05	267	0.0010129521358981603	0.03531233862581727	0.0	6.215799920488362e-15	0.05576923076923077	0.0007451500883926566	0.007955007927178992	0.531062124248497	0.61676025292819	6.215799920488362e-15	0.24086735160686334	0.028257190428811713	0.5739111885883434
b3824	rhtB	14	0.00012884658789813602	4.892902599716217e-06	186	0.0004505290774553751	0.023186255074896765	0.0	6.215799920488362e-15	0.026923076923076925	6.6577460635985e-05	0.0022891636074986108	0.3687374749498998	0.4046130064715009	6.215799920488362e-15	0.16006802716102397	0.013494827191856455	0.38667524071070036
b3450	ugpC	200	0.0014713130998628159	0.07314574340989029	292	0.0010367625053686734	0.04160359338331894	0.0	6.215799920488362e-15	0.38461538461538464	0.9952901684256449	0.026140206414349696	0.5811623246492985	0.726826488902641	6.215799920488362e-15	0.5375788733185951	0.6899527765205148	0.6539944067759698
b0813	rhtA	16	9.559581778066341e-05	3.503765359695088e-05	188	0.00041652286883705504	0.024405597885048015	0.0	6.215799920488362e-15	0.03076923076923077	0.0004767554545769152	0.0016984110379823965	0.3727454909819639	0.42594555119413	6.215799920488362e-15	0.16598740567998158	0.015622993111903844	0.399345521088047
b0352	mhpE	47	0.0008876523153814888	0.0013706149953173685	92	9.905660813286577e-05	0.0073761456371127885	0.0	6.215799920488362e-15	0.0903846153846154	0.018649883997920863	0.015770548600709818	0.18036072144288576	0.12801329731394903	6.215799920488362e-15	0.08348170362787546	0.05451724969126813	0.1541870093784174
b2411	ligA	60	0.0004486602815019778	0.0006422226130106401	290	0.0011833546898920287	0.03954780753913367	0.0	6.215799920488362e-15	0.11538461538461539	0.008738688307373052	0.00797116016262987	0.5771543086172344	0.6908602757129391	6.215799920488362e-15	0.27842757760443365	0.06206165184599422	0.6340072921650868
b3452	ugpA	200	0.0009924512196327596	0.07311550171707112	286	0.0008333659422054486	0.03904894241873763	0.0	6.215799920488362e-15	0.38461538461538464	0.9948786713495842	0.01763246703899553	0.5691382765531061	0.6821325722297092	6.215799920488362e-15	0.5261529809495581	0.6897470279824844	0.6256354243914077
b1109	ndh	76	0.0007128807026543083	0.0003249205250419967	228	0.0006482754193431623	0.027091976849685166	0.0	6.215799920488362e-15	0.14615384615384616	0.004421175983977644	0.012665454224480002	0.45290581162324645	0.47294406459656163	6.215799920488362e-15	0.21528497967152763	0.0752875110689119	0.46292493810990404
b3453	ugpB	203	0.0006422592005284938	0.07316070895775934	286	0.0008861601122078438	0.039715415103691955	0.0	6.215799920488362e-15	0.3903846153846154	0.9954938038248464	0.01141075144025797	0.5691382765531061	0.6937925896094281	6.215799920488362e-15	0.5297618570744005	0.6929392096047309	0.6314654330812671
b2288	nuoA	79	0.0003732686221818814	0.00022728018368715677	248	0.0007171822798309616	0.02865220993917271	0.1109423241337608	0.1107291551356937	0.15192307692307694	0.003092589148136475	0.006631707984346809	0.4929859719438877	0.5002405245273749	0.1107291551356937	0.25179426353563394	0.07750783303560671	0.4966132482356313
b0142	folK	43	0.0001498338076225656	6.567244904948633e-05	215	0.0006173832374424642	0.031419688713695874	1.0	0.999999999996301	0.0826923076923077	0.0008936014568764347	0.0026620347901932066	0.42685370741482964	0.5486578885655646	0.999999999996301	0.41181950102517584	0.04179295457459207	0.48775579799019714
b3608	gpsA	58	0.0005240923835587656	0.00021398133154394998	181	0.0014254152600220117	0.02045650235688073	1.0	1.0	0.11153846153846154	0.002911632387395011	0.009311330870154035	0.35871743486973945	0.3568556641933501	1.0	0.3660046385977892	0.05722504696292828	0.35778654953154476
b0508	hyi	25	0.0002178380686386706	1.4836273203685849e-05	6	2.442002442002442e-07	0.0005667511232321834	0.0	6.780872640532758e-16	0.04807692307692308	0.0002018763658325025	0.0038702381428188616	0.008016032064128254	0.008882145851002464	6.780872640532758e-16	0.013035395471577397	0.02413939972137779	0.008449088957565359
b3426	glpD	66	0.000901151678207283	0.0006612426912094491	112	0.0004932399246295749	0.01078925113798887	0.0	0.0	0.12692307692307692	0.008997493481146184	0.01601038615177992	0.22044088176352702	0.18772597625405693	0.0	0.1088174856843614	0.06796028520211154	0.20408342900879198
b0003	thrB	69	0.0003977429244518194	0.0002649476351189224	153	0.000253932612488786	0.02040919824724864	1.0	1.0	0.1326923076923077	0.003605128119401037	0.0070665327087667965	0.30260521042084165	0.3560280732764319	1.0	0.35898614390179645	0.06814871790585436	0.32931664184863674
b4013	metA	39	0.0002876699525209266	0.0013171465032632518	59	4.728356123822074e-05	0.0060671632078347845	1.0	1.0	0.07500000000000001	0.017922341122817462	0.005110912108921163	0.11422845691382764	0.10511249699656743	1.0	0.2624526590066425	0.046461170561408735	0.10967047695519754
b2278	nuoL	64	0.00017293716885140428	0.00019430016524310317	216	0.0007921931953073122	0.022724563095633192	0.1109423241330715	0.1107291551353706	0.12307692307692308	0.0026438318236272178	0.0030725025767190228	0.4288577154308617	0.39653565142932234	0.1107291551353706	0.212368655379221	0.06286037745027515	0.412696683430092
b2277	nuoM	85	0.0006420553999516792	0.00023256886897260863	338	0.001741047006386854	0.04011727329145185	0.110942324133078	0.1107291551357006	0.16346153846153846	0.00316455200233854	0.011407130600379772	0.6733466933867734	0.7008231454885244	0.1107291551357006	0.3303050168949751	0.0833130452319385	0.6870849194376489
b2241	glpA	37	0.0002874712650973175	0.0004859945610668218	123	0.0005203892761574546	0.01168079372011189	0.0	3.3904363202663788e-15	0.07115384615384615	0.00661290166712204	0.0051073821123041535	0.24248496993987972	0.20332361774333463	3.3904363202663788e-15	0.1047150671008372	0.0388833739104841	0.22290429384160718
b2287	nuoB	96	0.0005452886892834991	0.0002519297624966252	322	0.001442936945025122	0.03766648643316656	0.110942324133003	0.1107291551357012	0.18461538461538463	0.0034279946317805144	0.009687916796642326	0.6412825651302605	0.6579463434729226	0.1107291551357012	0.3196002885972099	0.09402168962358257	0.6496144543015916
b2284	nuoF	99	0.00043713107503550515	0.00031887047914611467	290	0.001052355389024465	0.033893350099624645	0.1109423241330766	0.110729155135704	0.1903846153846154	0.004338853337190775	0.00776632555818344	0.5771543086172344	0.5919348831110285	0.110729155135704	0.2949083631171546	0.09736173436090309	0.5845445958641314
b2021	hisC	60	0.0010727404609276636	0.00015767301256582042	61	5.47890652182152e-06	0.006484393245951606	1.0	1.0	0.11538461538461539	0.002145448141164085	0.019058932514288324	0.11823647294589176	0.11241198519107058	1.0	0.26963570433254835	0.05876503176288974	0.11532422906848117
b2243	glpC	37	0.00032083424298388387	0.000491820636130188	127	0.0005444020760355339	0.012124705926758052	0.0	0.0	0.07115384615384615	0.0066921767549229004	0.005700128230471351	0.250501002004008	0.21108991358923015	0.0	0.10788738770040143	0.038923011454384523	0.23079545779661909
b2282	nuoH	92	0.0005174206809560294	0.0006177059792303944	251	0.001105200736266635	0.02699275982753588	0.1109423241330898	0.1107291551289634	0.17692307692307693	0.008405091799540292	0.009192797511627602	0.4989979959919839	0.47120825121854765	0.1107291551289634	0.25325271421242246	0.09266408436130862	0.48510312360526575
b2868	xdhC	40	0.00034078744660110506	0.00010991497128549804	241	0.0010305914674143954	0.029355111190170778	0.0	1.3561745281065517e-15	0.07692307692307693	0.0014956070604164682	0.00605462848009894	0.4789579158316633	0.5125378639200994	1.3561745281065517e-15	0.2139828927470515	0.0392093419917467	0.49574788987588136
b2286	nuoC	272	0.010400879995068023	0.0014213171592809561	300	0.0010221039977783225	0.035189045456251344	0.1109423241330746	0.1107291551357011	0.5230769230769231	0.019339785596542668	0.18478809845933444	0.597194388777555	0.6146032245421912	0.1107291551357011	0.37298869542578267	0.2712083543367329	0.6058988066598732
b2242	glpB	41	0.00042203317247752504	0.0004778132568521787	116	0.00047420714527351347	0.01102167862871318	0.0	0.0	0.07884615384615384	0.006501579103837619	0.007498087418166786	0.2284569138276553	0.19179232232127144	0.0	0.10111939381978363	0.04267386647499573	0.21012461807446337
b2279	nuoK	62	0.00011926738944705687	0.00019015231315729165	241	0.000684177187032216	0.027993744894728865	0.1109423241302873	0.1107291551356972	0.11923076923076924	0.002587392224976098	0.0021189739824496834	0.4789579158316633	0.48872060175262716	0.1107291551356972	0.2400451668351466	0.06090908072787267	0.48383925879214523
b2866	xdhA	31	0.0001723386471423205	4.89007045877697e-05	255	0.0008513708465363097	0.03262529171477433	0.0	9.154178064719224e-15	0.05961538461538462	0.0006653892384763585	0.003061868891053899	0.5070140280561122	0.5697500537254607	9.154178064719224e-15	0.22740897112708863	0.03014038692693049	0.5383820408907865
b0243	proA	67	0.0010946989052251625	0.0007229624196008584	180	0.0003869011122922268	0.02347136093539332	0.00089386496273	0.00091601975876	0.12884615384615386	0.009837310482138819	0.019449059039042395	0.3567134268537074	0.40960096676379304	0.00091601975876	0.1811827755409106	0.06934173216414634	0.3831571968087502
b2867	xdhB	49	0.0007366872470917694	0.00011378814628109466	225	0.0006149379398222772	0.02927850206971349	0.0	0.0	0.09423076923076923	0.0015483091427797207	0.013088415173896986	0.44689378757515025	0.5111975784198194	0.0	0.21077408887370375	0.04788953918677447	0.47904568299748485
b2280	nuoJ	51	3.605535971707028e-05	0.00013554021286196841	306	0.0012422029378366397	0.035051980832435624	0.1109423241368575	0.1107291551357159	0.09807692307692309	0.0018442883344814808	0.0006405805436216966	0.6092184368737474	0.6122052629573957	0.1107291551357159	0.2864148132756527	0.049960605705702286	0.6107118499155716
b0678	nagB	40	0.0005281906937949872	0.0005154325721058597	172	0.0013414212215661725	0.02000872586681527	0.0	0.0	0.07692307692307693	0.007013463088734419	0.009384143839422687	0.34068136272545085	0.3490217622581933	0.0	0.1547279329990911	0.041968270005905674	0.3448515624918221
b0974	hyaC	23	0.00012058038075120574	6.065974364748991e-05	256	0.0006870518961660955	0.030274336236257478	0.0	2.0342617921598275e-15	0.04423076923076923	0.0008253938459992916	0.0021423013515282957	0.5090180360721442	0.5286198133460962	2.0342617921598275e-15	0.2165388024990022	0.022528081538384263	0.5188189247091202
b1852	zwf	133	0.0015785459704644584	0.0009256552481605071	185	0.0006973087381151701	0.023561312553277397	0.0067002323968317	0.006983373266462	0.2557692307692308	0.012595340820901161	0.028045368117994927	0.3667334669338677	0.4111746808132054	0.006983373266462	0.21065121852073337	0.13418228579506597	0.38895407387353653
b2276	nuoN	88	0.0003870187619505445	0.00022225125962401187	284	0.001009006695542082	0.033135140446090436	0.1109423241330708	0.1107291551356927	0.16923076923076924	0.0030241608508156156	0.006876000984805055	0.565130260521042	0.5786699167631797	0.1107291551356927	0.28535685250029985	0.08612746504079243	0.5719000886421108
b3128	garD	16	0.0002743251469966729	9.831353791456385e-06	99	9.103411724164689e-05	0.012722358204847684	0.0	0.0	0.03076923076923077	0.00013377469849636743	0.0048738205129883385	0.1943887775551102	0.2215459099216699	0.0	0.08936753858890145	0.01545150273386357	0.20796734373839004
b2283	nuoG	95	0.0005571771496296254	0.0002661789080109718	316	0.0011489058091119124	0.03716905532719037	0.1109423241330793	0.1107291551335696	0.1826923076923077	0.003621881982947663	0.009899134114985735	0.6292585170340681	0.6492437282392726	0.1107291551335696	0.31510911801643315	0.09315709483762769	0.6392511226366704
b2285	nuoE	89	0.00031009132820672587	0.00027016212080759706	337	0.0016026704905209967	0.04058065667861061	0.1109423241330727	0.1107291551357004	0.17115384615384616	0.003676081343708993	0.005509263342642335	0.6713426853707414	0.7089300919091635	0.1107291551357004	0.33316637198263205	0.08741496374877758	0.6901363886399524
b2995	hybB	61	0.0003372936137053445	0.00013063486064447859	234	0.0006996215204492511	0.026854998206037414	0.0	6.1027853764794826e-15	0.11730769230769231	0.0017775414725708203	0.005992555007715026	0.46492985971943884	0.4687980955779748	6.1027853764794826e-15	0.21056263781553652	0.059542616890131565	0.4668639776487068
b2996	hybA	42	0.00012469478793372807	0.00010602071393228198	229	0.0007719764454925067	0.025877885362475872	0.0	4.8596253923818106e-15	0.08076923076923077	0.0014426181115550756	0.0022154003085306123	0.4549098196392785	0.45170339238146656	4.8596253923818106e-15	0.19776501218030718	0.041105924440392926	0.45330660601037254
b2281	nuoI	77	0.00017458737844470675	0.0002102242918945922	329	0.0015540988633093447	0.03890768393659679	0.110942324135474	0.1107291551357021	0.14807692307692308	0.0028605105523972205	0.003101821162545445	0.655310621242485	0.6796612386042242	0.1107291551357021	0.3193276897223464	0.07546871681466015	0.6674859299233546
b4358	lgoD	19	0.0003634401864717114	6.550783695249024e-05	192	0.0005098646591394666	0.02581334683939073	0.0	0.0	0.03653846153846154	0.0008913615889893037	0.006457090264829485	0.3807615230460921	0.4505742833904722	0.0	0.17375312591280304	0.01871491156372542	0.4156679032182822
b2615	nadK	45	0.00020397915644749918	0.0001416427343848935	369	0.0015421077542360742	0.05305567918506284	1.0	1.0	0.08653846153846154	0.0019273250142830287	0.0036240126280801246	0.7354709418837675	0.9271820661031037	1.0	0.5502237589079232	0.04423289327637228	0.8313265039934357
b0973	hyaB	44	0.0003658254465254311	0.0001042560307185613	253	0.0008657214246542974	0.02860823036742376	0.0	9.21520591848402e-13	0.08461538461538462	0.0014186061626551966	0.006499468185723379	0.503006012024048	0.4994710967885915	9.21520591848402e-13	0.21770221991832014	0.04301699538901991	0.5012385544063198
b2997	hybO	41	0.0002625347457961964	0.0001092979603206195	259	0.0009021184328104725	0.030574507593612653	0.0	0.0	0.07884615384615384	0.0014872114256395661	0.004664345370602134	0.5150300601202404	0.5338713462636006	0.0	0.22584695433112686	0.040166682635896706	0.5244507031919206
b2994	hybC	45	0.00028803825861229587	0.00012247419791586758	254	0.0008220160695660363	0.029507799384390555	0.0	0.0	0.08653846153846154	0.001666499776868731	0.005117455649689578	0.5050100200400801	0.515209161691894	0.0	0.2216848286094609	0.04410248065766513	0.5101095908659871
b0972	hyaA	42	0.000354872874335308	0.00010283480485305267	265	0.0009658809561922204	0.03243041748290648	0.0	0.0	0.08076923076923077	0.0013992676192880686	0.006304878402050156	0.5270541082164328	0.5663407063032266	0.0	0.23511266258163568	0.041084249194259424	0.5466974072598297
b4478	dgoD	13	4.824248560457665e-05	3.6618252790153984e-06	100	2.4376205017314017e-05	0.013770920206169808	0.0	0.0	0.025	4.9826258218106016e-05	0.0008571041281169239	0.19639278557114226	0.23989062446907358	0.0	0.09226664725968678	0.012524913129109054	0.21814170502010793
b2530	iscS	64	0.0005239476898622885	0.00018817703445679916	461	0.005496889740797511	0.05721786542686937	1.0	0.9999999999999996	0.12307692307692308	0.0025605147146952343	0.009308760157575511	0.9198396793587174	1.0	0.9999999999999996	0.6090954234300671	0.06281871889580916	0.9599198396793587
b2529	iscU	75	0.0009401231559676203	0.0002374856537279749	127	0.0001567174829269398	0.017557538833789774	2.1908502466554085e-06	2.272909132353128e-06	0.14423076923076925	0.0032314544261728088	0.016702776148866495	0.250501002004008	0.3061379591388238	2.272909132353128e-06	0.14082069154178123	0.07373111182847103	0.27831948057141587
b4356	lgoT	7	6.127401747706539e-05	4.246247560262388e-06	153	0.0002682909822048318	0.0186846778953389	0.0	7.119916272559396e-15	0.013461538461538462	5.7778460542094784e-05	0.001088629921691245	0.30260521042084165	0.3258573885223754	7.119916272559396e-15	0.12839638317306096	0.006759658461040279	0.31423129947160855
b3807	cyaY	35	0.00029087596444318933	0.00011215860870544845	317	0.0011933587727437954	0.04586213053061013	1.0	1.0	0.06730769230769232	0.0015261361132565628	0.005167871986069425	0.6312625250501002	0.8013300931321179	1.0	0.5002852893206333	0.03441691421047444	0.716296309091109
b3028	mdaB	16	8.346253699900511e-05	4.712539882166813e-05	254	0.0009205796251194354	0.03127587125234106	0.0	0.0	0.03076923076923077	0.000641232749081634	0.0014828440970332658	0.5050100200400801	0.5461417853001785	0.0	0.21651245377171424	0.015705231759156203	0.5255759026701293
b3691	dgoT	9	5.651236409320645e-05	7.784671374355612e-06	159	0.00020264356499663156	0.019461525560184767	0.0	0.0	0.01730769230769231	0.00010592560171140539	0.0010040316112845307	0.31462925851703405	0.3394484290525925	0.0	0.13429826109580606	0.008706808954701857	0.3270388437848133
b1740	nadE	44	0.0005891499633610732	0.00010252458911391376	334	0.0014510502986121024	0.045628251666847655	1.0	1.0	0.08461538461538462	0.0013950465305293466	0.010467181766206625	0.6653306613226452	0.797238355124271	1.0	0.5097158895185661	0.04300521557295699	0.731284508223458
b1603	pntA	26	0.00023908707064393812	9.949256595306451e-05	296	0.0012548386963134252	0.037136106723898755	0.0	4.068523584319655e-15	0.05	0.0013537899556180571	0.00424776030215287	0.5891783567134268	0.648667288580618	4.068523584319655e-15	0.2578398870499333	0.02567689497780903	0.6189228226470224
b2528	iscA	22	3.624022968127136e-05	7.364054450350041e-05	108	8.311147635618406e-05	0.013284876724267225	2.190850254420666e-06	2.272909138342899e-06	0.04230769230769231	0.0010020229001040523	0.0006438650511982827	0.2124248496993988	0.23138723704716957	2.272909138342899e-06	0.09742481497270061	0.02165485760389818	0.22190604337328418
b3127	garP	17	0.0004047718676290817	3.0504836162439657e-05	171	0.0004313808821507778	0.021281417475977577	0.0	0.0	0.032692307692307694	0.00041507765327881036	0.007191413011637411	0.3386773547094188	0.37128765044365125	0.0	0.1486144780997313	0.016553692672793253	0.354982502576535
b1136	icd	145	0.0011522151883557531	0.0006448544111596374	171	0.00042599895709594874	0.01975651380172592	1.0	0.9999999999999988	0.27884615384615385	0.00877449904222743	0.02047092686130266	0.3386773547094188	0.34460928275422364	0.9999999999999988	0.3941814580704045	0.14381032644419064	0.3416433187318212
b2789	gudP	9	4.602058007766043e-05	1.0563673773309632e-06	156	0.00044766235836314757	0.01646193820705283	0.0	0.0	0.01730769230769231	1.4373933682119483e-05	0.000817628458993751	0.30861723446893785	0.28697029835185667	0.0	0.12258191981243378	0.008661033120687214	0.29779376641039723
b2265	menF	43	0.0004112438302204605	0.00012355878142924234	11	8.593707792535346e-07	0.0008904184333753347	0.0	2.599334512204224e-15	0.0826923076923077	0.001681257645985589	0.007306397672659165	0.018036072144288574	0.014544743203772668	2.599334512204224e-15	0.023390876137271425	0.04218678266914665	0.016290407674030623
b1602	pntB	10	5.188340111931449e-06	1.4576097107064242e-05	287	0.001054082779628844	0.03560677884045655	0.0	2.599334512204224e-15	0.019230769230769232	0.00019833616377897014	9.217907560694173e-05	0.5711422845691382	0.6219115188352353	2.599334512204224e-15	0.2424965817597849	0.009714552697274101	0.5965269017021868
b2045	wcaK	63	0.0010996419521218828	8.516497316784809e-05	251	0.0004983780685877115	0.03885450209879703	0.0	2.599334512204224e-15	0.12115384615384617	0.0011588351766855082	0.01953688009236417	0.4989979959919839	0.6787308161472663	2.599334512204224e-15	0.26000829869395686	0.06115634066526584	0.5888644060696251
b3962	sthA	64	0.0003688151665214315	0.00028061404174863276	113	6.332189565455978e-05	0.014335050149267397	0.0	2.599334512204224e-15	0.12307692307692308	0.003818300065794855	0.006552585294395792	0.2224448897795591	0.24976014363982327	2.599334512204224e-15	0.11982005131242057	0.06344761157135898	0.23610251670969118
b0931	pncB	32	0.0002476355465089329	9.76593466729921e-05	288	0.0009357615438036356	0.04213480248833294	0.0	2.599334512204224e-15	0.06153846153846154	0.001328845440175786	0.004399637508751442	0.5731462925851702	0.7361200541702899	2.599334512204224e-15	0.27442673074682	0.03143365348931866	0.6546331733777301
b1186	nhaB	13	7.719193995625165e-05	3.9006313575062305e-05	146	0.0005885779523960405	0.016439388030248504	0.0	2.599334512204224e-15	0.025	0.0005307567959250237	0.001371437013759101	0.2885771543086172	0.2865757803777672	2.599334512204224e-15	0.1201367382964624	0.012765378397962513	0.2875764673431922
b0593	entC	60	0.000734999641768723	0.002387526139476071	11	8.610929651839024e-07	0.0008904184333753347	0.0	2.599334512204224e-15	0.11538461538461539	0.03248693885252745	0.013058432193731512	0.018036072144288574	0.014544743203772668	2.599334512204224e-15	0.03609047391704134	0.07393577711857142	0.016290407674030623
b0595	entB	62	0.0016201346608858433	0.0028032720605431303	166	0.0009429282575849605	0.0186211644576822	1.0	2.599334512204224e-15	0.11923076923076924	0.03814397108039539	0.028784257041242368	0.3286573146292585	0.32474621352054683	2.599334512204224e-15	0.16215565369219448	0.07868737015558232	0.3267017640749027
b4015	aceA	84	0.00039661473793945026	0.0003411227496064291	40	2.4939159337033513e-05	0.003183241465314213	0.0	2.599334512204224e-15	0.16153846153846155	0.00464163877598508	0.007046488689373532	0.07615230460921843	0.05465794964802367	2.599334512204224e-15	0.05939807091433826	0.08309005015722332	0.06540512712862105
b0019	nhaA	22	0.0002807172670658717	9.600055046236715e-05	188	0.0009428576478155992	0.021500459674884703	0.0	2.599334512204224e-15	0.04230769230769231	0.0013062742899913517	0.004987386645207065	0.3727454909819639	0.37511981926888066	2.599334512204224e-15	0.15829585536970617	0.021806983298841832	0.3739326551254223
b0757	galK	64	0.0010794083730030707	0.0014715226836139327	243	0.0005373549534452475	0.037269014741662554	0.0	2.599334512204224e-15	0.12307692307692308	0.020022929446612686	0.019177398528096076	0.48296593186372744	0.6509925298575895	2.599334512204224e-15	0.25541166284897104	0.07154992626176788	0.5669792308606585
b2518	ndk	167	0.002481240263873026	0.0008851424386277532	237	0.0005916351978034943	0.0388060534771658	0.0	2.599334512204224e-15	0.3211538461538462	0.01204408521608358	0.04408316127089735	0.47094188376753504	0.6778832018593944	2.599334512204224e-15	0.2964046033993724	0.16659896568496488	0.5744125428134648
b0451	amtB	48	0.0009953611380023007	0.0006307044573182339	64	7.880764741804393e-05	0.007257128919816721	0.0	2.599334512204224e-15	0.09230769230769231	0.00858196138678101	0.017684166345442138	0.12424849699398796	0.12593108595933913	2.599334512204224e-15	0.07021384732956061	0.05044482684723666	0.12508979147666355
b4267	idnD	12	9.768183640919317e-05	4.371487915720058e-05	243	0.0005671475473040089	0.03161508909766963	0.0	2.599334512204224e-15	0.023076923076923078	0.0005948259927479783	0.001735472461236924	0.48296593186372744	0.552076441080277	2.599334512204224e-15	0.2117428244027356	0.011835874534835528	0.5175211864720022
b2025	hisF	46	0.00021684985723980672	0.0001724526120081467	155	0.0005640394624073503	0.018578565613590257	1.0	0.9999999999999992	0.08846153846153847	0.0023465533501956675	0.003852681002907769	0.3066132264529058	0.32400094177321026	0.9999999999999992	0.3442844520075699	0.045404045905867066	0.315307084113058
b2023	hisH	29	6.116394960207984e-05	0.00011306226522551143	156	0.000619596498707908	0.019021077421528858	1.0	1.0	0.05576923076923077	0.001538432118575866	0.0010866743916467022	0.30861723446893785	0.33174273748033445	1.0	0.3395335269674158	0.028653831443903318	0.32017998597463615
b0756	galM	25	6.467826346271817e-05	0.0004739694387027198	14	0.0	0.001972882797333082	0.0	0.0	0.04807692307692308	0.0064492764784895625	0.0011491117407945223	0.024048096192384766	0.03348258354082816	0.0	0.022411375857725114	0.027263099777706322	0.028765339866606465
b1262	trpC	167	0.004007627843908434	0.0006785013521127493	226	0.000617735127975577	0.029980787078179666	1.0	1.0	0.3211538461538462	0.009232331145191638	0.07120185301240739	0.4488977955911823	0.5234841365775521	1.0	0.4605536218935544	0.1651930886495189	0.4861909660843672
b2710	norV	38	0.0006824228067813998	0.00013260829181964434	221	0.0005596103185935991	0.028471289197748034	0.0	3.616465408284138e-15	0.07307692307692308	0.0018043938436746398	0.012124321487240844	0.438877755511022	0.49707529504837844	3.616465408284138e-15	0.20216687349600032	0.03744065846029886	0.46797652527970024
b4119	melA	19	0.00011907754762552961	7.031949220339882e-05	117	0.000250775309332909	0.01719243974726408	0.0	2.599334512204224e-15	0.03653846153846154	0.000956833521351063	0.002115601141956887	0.23046092184368736	0.2997505080244532	2.599334512204224e-15	0.11354134498559114	0.018747647529906302	0.26510571493407026
b2711	norW	26	0.0001422324835065936	0.00011276709977353098	232	0.0005434250119252909	0.030332105980456856	0.0	2.599334512204224e-15	0.05	0.0015344158182592665	0.0025269852338258986	0.4609218436873747	0.5296305017607802	2.599334512204224e-15	0.20841735225328337	0.025767207909129633	0.4952761727240774
b3770	ilvE	63	0.0001107938208996605	0.00026728740445611455	83	9.702482188058292e-05	0.009305141399887898	1.0	1.0	0.12115384615384617	0.0036369652340317742	0.0019684276229319604	0.1623246492985972	0.16176130323695748	1.0	0.2897753527846865	0.06239540569393897	0.16204297626777733
b0026	ileS	133	0.0007389380489838628	0.0011884105977364061	199	0.0002563112941723233	0.029929276769661835	0.0	0.0	0.2557692307692308	0.016170638629669828	0.013128404232692573	0.3947895791583166	0.5225829577203965	0.0	0.23786248125552278	0.13596993469945032	0.45868626843935656
b3628	waaB	29	6.944100184628368e-05	3.884946874533032e-05	123	0.000290722384198578	0.014912479640273249	1.0	2.599334512204224e-15	0.05576923076923077	0.0005286226168228186	0.001233729327938657	0.24248496993987972	0.25986233995286784	2.599334512204224e-15	0.11172903265576076	0.028148926693026797	0.2511736549463738
b3476	nikA	201	0.0017193512105200457	0.0730417191954794	278	0.0006643123268646787	0.03920271326934596	0.0	2.599334512204224e-15	0.38653846153846155	0.9938747165749313	0.03054699611248386	0.5531062124248497	0.6848228112013337	2.599334512204224e-15	0.5236684403479158	0.6902065890566964	0.6189645118130918
b0401	brnQ	13	0.00011104428078403078	0.0004644451180967725	193	0.0004773825187274441	0.025193152211523417	0.0	2.599334512204224e-15	0.025	0.006319679563917068	0.0019728774392739506	0.3827655310621242	0.43972390601868716	2.599334512204224e-15	0.17076182332894618	0.015659839781958534	0.4112447185404057
b2093	gatB	21	4.366049780256234e-05	4.43703990924326e-05	101	6.505333180343671e-05	0.008222288853772765	0.0	2.599334512204224e-15	0.04038461538461539	0.0006037456169985293	0.0007756978611953189	0.19839679358717432	0.14281667160776984	2.599334512204224e-15	0.07644036523931214	0.02049418050080696	0.17060673259747208
b2508	guaB	78	0.00028428426959435145	0.00041079548332196815	192	0.0005072017532597807	0.02147328053823775	0.0009843200430238	0.0010098288189543	0.15000000000000002	0.005589671889625398	0.005050760091949068	0.3807615230460921	0.37464431710229007	0.0010098288189543	0.1824010681713924	0.0777948359448127	0.3777029200741911
b3477	nikB	195	0.0011288352423435555	0.07289742079650699	264	0.0005832580799038249	0.038229938106817116	0.0	0.0	0.375	0.9919112560764577	0.020055545108246715	0.5250501002004008	0.6678039962405636	0.0	0.5119530705034844	0.6834556280382289	0.5964270482204822
b3478	nikC	200	0.0008272466967295339	0.07317593518203389	242	0.0007896477891673863	0.03214959949981042	0.0	2.599334512204224e-15	0.38461538461538464	0.9957009862337773	0.014697347158884946	0.48096192384769537	0.5614277629263168	2.599334512204224e-15	0.48454121152463536	0.690158185424581	0.5211948433870061
b3480	nikE	199	0.0007319356369866168	0.0730524680791368	318	0.001001228650819502	0.049072545754372664	0.0	2.599334512204224e-15	0.3826923076923077	0.9940209760526129	0.013003995298235729	0.6332665330661322	0.857496682026531	2.599334512204224e-15	0.5734952997675173	0.6883566418724603	0.7453816075463315
b2094	gatA	27	0.00016689781883126708	6.286055900650957e-05	92	5.0549408600758155e-05	0.007623916387084607	0.0	2.599334512204224e-15	0.051923076923076926	0.0008553402213758831	0.0029652039628824353	0.18036072144288576	0.13234807549177546	2.599334512204224e-15	0.07309744281582332	0.026389208572226406	0.15635439846733062
b3479	nikD	207	0.003422411569213096	0.07309575854394658	277	0.000647391732199104	0.0387720402444721	0.0	2.599334512204224e-15	0.3980769230769231	0.994610027062325	0.06080455945266185	0.5511022044088176	0.6772881363851415	2.599334512204224e-15	0.524215458186642	0.696343475069624	0.6141951703969796
b2092	gatC	0	0.0	0.0	83	4.110893106838871e-05	0.006943265312243424	0.0	2.599334512204224e-15	0.0	0.0	0.0	0.1623246492985972	0.12044000552681293	2.599334512204224e-15	0.05655293096508255	0.0	0.14138232741270507
b4390	nadR	98	0.004550719294324986	0.0002637364299269089	309	0.0014435989368600025	0.040871650281171436	0.0	2.599334512204224e-15	0.18846153846153846	0.003588647315961775	0.08085073238219001	0.6152304609218436	0.7140210589357848	2.599334512204224e-15	0.30426034112702627	0.09602509288875012	0.6646257599288142
b3265	acrE	27	0.00018134541851056593	0.00014831161327994542	149	0.0002634634444795636	0.015758896491806878	0.0	2.599334512204224e-15	0.051923076923076926	0.002018068088168706	0.003221888442782721	0.2945891783567134	0.27467050152072775	2.599334512204224e-15	0.12464016497773786	0.026970572505622816	0.2846298399387206
b3266	acrF	34	0.00015522599743086286	0.00013637431889968802	143	0.00028788333816409683	0.017261987893228893	0.0	2.599334512204224e-15	0.06538461538461539	0.001855637970154943	0.002757835578364933	0.282565130260521	0.30096726095219317	2.599334512204224e-15	0.1301545289134974	0.03362012667738517	0.2917661956063571
b3093	exuT	19	0.0002890979776001424	0.00040902725907053305	172	0.0003050786040066469	0.022593985657084502	0.0	2.599334512204224e-15	0.03653846153846154	0.005565611758017149	0.0051362832351206445	0.34068136272545085	0.39425118390762454	2.599334512204224e-15	0.15540732398591134	0.021052036648239344	0.3674662733165377
b0639	nadD	69	0.0005965054761454406	0.0001479301389653715	287	0.0010270584859688858	0.03832412675330728	1.0	1.0	0.1326923076923077	0.0020128773878339682	0.010597864095130822	0.5711422845691382	0.6694518375997677	1.0	0.4750598614498095	0.06735259254007082	0.6202970610844529
b0751	pnuC	19	8.243589532069769e-05	3.0568824722941926e-05	8	4.5580595000200914e-07	0.0014060665885105464	0.0	0.0	0.03653846153846154	0.0004159483421554376	0.0014646041823699403	0.012024048096192383	0.023566067837817655	0.0	0.014508905162925403	0.018477204940308488	0.01779505796700502
b3161	mtr	30	0.0003477199857663415	5.3119051765696815e-05	188	0.0004545993747356169	0.024242173920763332	0.0	0.0	0.057692307692307696	0.0007227880600273229	0.006177796013081377	0.3727454909819639	0.42308642987252243	0.0	0.17084940332136428	0.02920754787616751	0.3979159604272432
b1236	galU	69	0.0006777588563335636	0.0002420131662532236	207	0.0007498145370137563	0.027535082920578227	1.0	0.0	0.1326923076923077	0.0032930600438579346	0.012041459024163403	0.4108216432865731	0.4806962570034059	0.0	0.20550065360522893	0.06799268386808281	0.4457589501449895
b1768	pncA	35	0.00036130071758690434	0.00010537654078611777	146	0.0002381585098165171	0.019960858721026393	0.0	0.0	0.06730769230769232	0.0014338528824487382	0.006419079213156561	0.2885771543086172	0.3481843209580235	0.0	0.14110060409135636	0.03437077259507053	0.3183807376333203
b4485	ytfR	205	0.0009689983385842129	0.07292329044448763	257	0.0009205608859340239	0.0351461938537584	0.0	0.0	0.3942307692307693	0.9922632629752253	0.017215789479557392	0.5110220440881763	0.6138535307571402	0.0	0.5022739214102623	0.6932470161029973	0.5624377874226583
b1991	cobT	14	2.0784034800169083e-05	0.0004352591401496067	103	3.4289679078697005e-05	0.012448662981122634	0.0	0.0	0.026923076923076925	0.005922547542933684	0.0003692612808586452	0.20240480961923846	0.21675758005095833	0.0	0.09040160282724148	0.016422812233005304	0.2095811948350984
b3679	yidK	12	0.00039961966849339983	0.00041321263211844617	19	1.2489023098333547e-05	0.0015557459325146955	0.0	0.0	0.023076923076923078	0.005622561902367152	0.007099876037687329	0.03406813627254509	0.02618472542405153	0.0	0.01779046933517737	0.014349742489645115	0.03012643084829831
b4231	yjfF	191	0.00020649080470209024	0.07283016700208617	295	0.0015292961590437479	0.040451407087943585	0.0	0.0	0.36730769230769234	0.9909961373387717	0.0036686360354441813	0.5871743486973947	0.7066688552410735	0.0	0.5304294067169865	0.679151914823232	0.6469216019692341
b0109	nadC	39	0.00025889503939803066	6.742225978813521e-05	209	0.0006107393853848571	0.02676222856167912	1.0	1.0	0.07500000000000001	0.000917411036813623	0.004599680224519663	0.41482965931863724	0.4671750798266208	1.0	0.3915844300364143	0.03795870551840682	0.44100236957262906
b4230	ytfT	200	0.0006144351375264852	0.07289442839762218	173	0.0004654315005287327	0.022579243223467153	0.0	0.0	0.38461538461538464	0.9918705386669241	0.010916412913518697	0.3426853707414829	0.39399326331150974	0.0	0.42263291146706033	0.6882429616411544	0.36833931702649636
b2889	idi	21	9.29930266714205e-05	2.526687050910468e-05	4	0.0	0.00027542625628115586	0.0	2.599334512204224e-15	0.04038461538461539	0.0003438049383635826	0.0016521683335197043	0.004008016032064128	0.003785383315226415	2.599334512204224e-15	0.009704363934054423	0.020364210161489486	0.0038966996736452715
b2148	mglC	190	0.00017292184022529158	0.07273380923800678	321	0.002549865249611199	0.045072834250414376	0.0	2.599334512204224e-15	0.3653846153846154	0.9896850024624431	0.0030722302394098045	0.6392785571142284	0.7875212626239918	2.599334512204224e-15	0.5563738875170563	0.6775348089235292	0.7133999098691102
b0073	leuB	57	0.0004722685879610359	0.00024409654989786126	152	0.0001629367412386933	0.01982227910827948	1.0	1.0	0.10961538461538461	0.0033214085322579617	0.008390599100535434	0.3006012024048096	0.3457598544651252	1.0	0.3518595700035155	0.056468396573821286	0.32318052843496736
b1223	narK	32	0.0001614463408014388	0.0001560125916204869	181	0.00028189233299529177	0.021898079222466504	0.0	0.0	0.06153846153846154	0.0021228548833024797	0.0028683498255976585	0.35871743486973945	0.38207621964354493	0.0	0.16089099418700967	0.03183065821088201	0.3703968272566422
b2150	mglB	215	0.0015807939755031197	0.07299181127278614	220	0.001538244567317743	0.027697107719305784	0.0	2.599334512204224e-15	0.4134615384615385	0.9931956221742525	0.02808530748626167	0.4368737474949899	0.4835308997603529	2.599334512204224e-15	0.46541236157822735	0.7033285803178955	0.46020232362767144
b3367	nirC	25	0.0003936701826179128	0.00011620609505743407	195	0.0004503203513419971	0.024699279321360717	0.0	2.599334512204224e-15	0.04807692307692308	0.0015812100408041166	0.0069941740026419055	0.3867735470941883	0.43108354218582623	2.599334512204224e-15	0.17350304447954887	0.024829066558863598	0.4089285446400073
b2149	mglA	200	0.0007219358555391222	0.07291597871128389	286	0.0018503483011873556	0.03977300562794268	0.0	2.599334512204224e-15	0.38461538461538464	0.9921637726175833	0.012826333350442112	0.5691382765531061	0.6948001425502011	2.599334512204224e-15	0.5281435152672556	0.688389578616484	0.6319692095516536
b0072	leuC	58	0.00035223863105103315	0.0002733835394820661	101	4.2348631934462876e-05	0.013701395401015115	1.0	1.0	0.11153846153846154	0.003719915013114946	0.006258076899906948	0.19839679358717432	0.23867427989152973	1.0	0.31046589000605607	0.057629188275788244	0.21853553673935203
b0071	leuD	62	0.0005073408436368492	0.0010353750708056017	101	3.702264724701584e-05	0.01477035152484839	1.0	1.0	0.11923076923076924	0.014088292504338455	0.009013713244539243	0.19839679358717432	0.25737579199162	1.0	0.3178183294627804	0.06665953086755384	0.22788629278939715
b4227	ytfQ	209	0.0017428554883247018	0.07302159690901987	287	0.0009761895320681597	0.03945300300532917	0.0	5.5377126564350864e-15	0.40192307692307694	0.9936009137130588	0.030964586816659076	0.5711422845691382	0.6892016593333159	5.5377126564350864e-15	0.531173586907719	0.6977619953180678	0.6301719719512271
b0074	leuA	84	0.0008670452565618992	0.00034166323209392017	187	0.0009306446981771468	0.019362565106266202	1.0	1.0	0.16153846153846155	0.00464899309191556	0.015404431578311973	0.37074148296593185	0.33771710436570845	1.0	0.37492920839240346	0.08309372731518855	0.3542292936658201
b2203	napB	41	7.89527161405595e-05	0.002126239998666219	138	0.0002241266944667367	0.012843280920242242	0.0	0.0	0.07884615384615384	0.028931632487854405	0.0014027199901096615	0.2725450901803607	0.22366146693538305	0.0	0.1207968686899504	0.053888893167004126	0.2481032785578719
b2943	galP	40	0.0004412317888433916	0.0009519359299543169	209	0.0014300317347883896	0.024763057147050422	0.0	2.599334512204224e-15	0.07692307692307693	0.012952940634499678	0.007839181230707745	0.41482965931863724	0.432199342687138	2.599334512204224e-15	0.18738100391267087	0.0449380087787883	0.4235145010028876
b2202	napC	31	7.390452340530424e-05	0.002155232677156026	139	0.00022556173931534326	0.012953460911780013	0.0	2.599334512204224e-15	0.05961538461538462	0.02932613429359214	0.001313030854512828	0.2745490981963928	0.225589078741883	2.599334512204224e-15	0.11781593916945103	0.044470759454488376	0.2500690884691379
b2205	napG	40	0.00041474798195997533	0.0021462908873633468	121	0.00017391254540380724	0.011385508603471319	0.0	2.599334512204224e-15	0.07692307692307693	0.029204463844241302	0.007368654475637852	0.23847695390781562	0.19815757017720317	2.599334512204224e-15	0.10855241297046792	0.053063770383659115	0.2183172620425094
b0918	kdsB	36	0.0002092689410502722	0.000984968972981569	73	3.027697046912817e-05	0.009611127682640405	1.0	1.0	0.06923076923076923	0.013402419461640286	0.003717994025660849	0.14228456913827653	0.16711456895270743	1.0	0.27840646535667873	0.04131659434620476	0.15469956904549198
b3198	kdsC	30	2.9710200229332516e-05	0.0006648908806067418	178	0.0002527000928225672	0.026409946286410104	1.0	1.0	0.057692307692307696	0.009047134196660317	0.0005278487404746305	0.35270541082164325	0.4610118603205054	1.0	0.37609134260622334	0.033369720944484	0.4068586355710743
b2206	napA	53	0.00038086005463966216	0.002223728851856676	137	0.00022224330385572872	0.01268466695092564	0.0	0.0	0.10192307692307692	0.03025815803244861	0.006766581799747138	0.27054108216432865	0.22088649703691746	0.0	0.12472176283135432	0.06609061747776276	0.24571378960062307
b0160	dgt	21	0.00031600944821260913	0.0004619967726307005	127	0.00013428980404858745	0.018774069871718164	0.0	7.345945360577155e-15	0.04038461538461539	0.006286365059782007	0.005614408113359802	0.250501002004008	0.3274213115783684	7.345945360577155e-15	0.12491865880535621	0.023335490222198697	0.28896115679118817
b2204	napH	33	6.61571637390329e-05	0.00212389373513279	128	0.00019579561077542345	0.011989734073243954	0.0	7.345945360577155e-15	0.06346153846153846	0.028899707007047252	0.0011753867454095904	0.25250501002004005	0.20872856526502223	7.345945360577155e-15	0.11071896415073106	0.04618062273429285	0.23061678764253113
b1225	narH	50	0.00014833748901032164	0.0001721285688586706	311	0.0013474442202834318	0.037763303007137504	0.0	7.345945360577155e-15	0.09615384615384616	0.0023421441126134897	0.0026354503212658673	0.6192384769539078	0.6596401607299995	7.345945360577155e-15	0.27547492559007486	0.049247995133229826	0.6394393188419536
b1215	kdsA	39	0.00020427321241364674	0.0006047347630180975	217	0.002378220555348195	0.03038985567713475	1.0	0.9999999999999996	0.07500000000000001	0.008228593163163362	0.0036292369978306455	0.4308617234468938	0.5306408394417369	0.9999999999999996	0.40894623121035867	0.04161429658158169	0.48075128144431534
b4196	ulaD	18	8.572549151050372e-05	0.00041906566373716927	155	0.000302400149737241	0.019477526843572377	0.0	0.0	0.03461538461538462	0.005702203786556573	0.001523049066351063	0.3066132264529058	0.33972837337230627	0.0	0.13733183764543067	0.020158794200970595	0.323170799912606
b3581	sgbH	24	0.00015650961361509056	0.00042460940347021617	161	0.0003533391193300948	0.02070606808048291	0.0	3.164407232248621e-15	0.046153846153846156	0.005777637152811295	0.0027806410519352017	0.3186372745490982	0.36122184564425674	3.164407232248621e-15	0.14635812070000312	0.025965741653328725	0.33992956009667746
b0698	kdpA	200	0.00043533696794259	0.07289114597312689	316	0.0008867752086741466	0.04849225082441194	0.0	3.164407232248621e-15	0.38461538461538464	0.9918258748946188	0.007734450405476226	0.6292585170340681	0.8473443545246642	3.164407232248621e-15	0.5706088262137479	0.6882206297550018	0.7383014357793661
b1466	narW	22	4.735257714629591e-05	8.074925722863075e-05	279	0.0015630099365901565	0.03129439485439398	0.0	3.164407232248621e-15	0.04230769230769231	0.0010987507690907229	0.0008412934955659712	0.5551102204408818	0.5464658578792173	3.164407232248621e-15	0.22899650427937704	0.021703221538391517	0.5507880391600495
b1465	narV	47	0.00046350862870704086	0.0008981618518984238	289	0.0015260262080341392	0.03147636698756646	0.0	3.164407232248621e-15	0.0903846153846154	0.012221239667223067	0.008234964556737738	0.5751503006012023	0.549649481579506	3.164407232248621e-15	0.24548112744651	0.05130292752591923	0.5623998910903542
b1467	narY	43	0.00033656796077288965	0.00011081670739830861	239	0.0014523162205405998	0.02528488264589664	0.0	3.164407232248621e-15	0.0826923076923077	0.0015078769348583127	0.005979662634608774	0.4749498997995992	0.44132874067010913	3.164407232248621e-15	0.20009576501937548	0.042100092313583005	0.45813932023485415
b0696	kdpC	219	0.001600122437174322	0.07294894555199966	313	0.0010494683807742665	0.044236517734881416	0.0	3.164407232248621e-15	0.42115384615384616	0.9926123506334577	0.028428708206206448	0.6232464929859719	0.7728898076128558	3.164407232248621e-15	0.561980499477227	0.7068830983936519	0.6980681502994138
b3366	nirD	30	7.149552303002504e-05	0.00010569137060808144	280	0.001202773402759916	0.03482162748100068	0.0	3.164407232248621e-15	0.057692307692307696	0.0014381367547825217	0.0012702311492237802	0.5571142284569138	0.6081752041990357	3.164407232248621e-15	0.24488397542060855	0.029565222223545108	0.5826447163279748
b0697	kdpB	206	0.0014330286499889741	0.07298780562016456	310	0.0011501511880744354	0.04487651072272899	0.0	3.164407232248621e-15	0.3961538461538462	0.9931411174760084	0.02546002255528166	0.6172344689378757	0.7840865596023425	3.164407232248621e-15	0.5581231984340153	0.6946474818149273	0.7006605142701091
b4513	kdpF	200	0.0005789461618026133	0.0729398274383314	329	0.001131157238233379	0.048579666890522864	0.0	3.164407232248621e-15	0.38461538461538464	0.9924882809546829	0.010285895078163085	0.655310621242485	0.8488737087999859	3.164407232248621e-15	0.5762575991225083	0.6885518327850337	0.7520921650212354
b1468	narZ	47	0.0001309058881289702	0.000167748364896931	297	0.001357492268822588	0.034583878369641274	0.0	3.164407232248621e-15	0.0903846153846154	0.002282542914572634	0.002325750336120916	0.5911823647294588	0.6040157557579441	3.164407232248621e-15	0.2575730557573188	0.04633357914959402	0.5975990602437015
b1226	narJ	29	3.94924497689953e-05	0.00011435723987946436	208	0.0008322760147396521	0.021272182249318723	0.0	3.164407232248621e-15	0.05576923076923077	0.0015560527685461209	0.000701645889556838	0.4128256513026052	0.3711260790757935	3.164407232248621e-15	0.16825540278323575	0.028662641768888445	0.39197586518919936
b3365	nirB	49	0.00037199895807786554	0.0005908654771718986	289	0.0013282463014551815	0.03554747128879337	0.0	3.164407232248621e-15	0.09423076923076923	0.00803987454192449	0.006609150391568657	0.5751503006012023	0.6208739262995583	3.164407232248621e-15	0.25965897413469147	0.05113532188634686	0.5980121134503803
b1224	narG	77	0.0008025174408666437	0.0006816211006594353	302	0.0019247102800588596	0.036325768557491096	0.0	3.164407232248621e-15	0.14807692307692308	0.009274781394676105	0.014257992780276146	0.6012024048096192	0.634490327818287	3.164407232248621e-15	0.27860888741990164	0.07867585223579959	0.6178463663139531
b4071	nrfB	43	0.0007992285699322647	0.0005526625074316976	211	0.0005671664273770501	0.020924571839443133	0.0	3.164407232248621e-15	0.0826923076923077	0.0075200488020449605	0.014199560781605816	0.4188376753507014	0.3650445943997961	3.164407232248621e-15	0.17481892524897066	0.04510617824717633	0.39194113487524873
b1227	narI	49	0.0002948638455151155	0.0001770217816918404	305	0.0015156633551363654	0.035368207413366014	0.0	3.164407232248621e-15	0.09423076923076923	0.0024087257945792726	0.005238723006416996	0.6072144288577154	0.6177376838844892	3.164407232248621e-15	0.26431832155351126	0.04831974751267425	0.6124760563711023
b1363	trkG	14	0.0004358917190058305	0.0004944791354481862	187	0.0003291122356211391	0.024393349962061824	0.0	3.164407232248621e-15	0.026923076923076925	0.0067283508111375245	0.007744306436325839	0.37074148296593185	0.42573127235253844	3.164407232248621e-15	0.16602483661053757	0.016825713867107225	0.39823637765923514
b4072	nrfC	29	0.00013813198085935272	0.0001443079867329242	199	0.0005522637302583576	0.018689103502575705	0.0	3.164407232248621e-15	0.05576923076923077	0.0019635909586115077	0.0024541333129047445	0.3947895791583166	0.32593481503731275	3.164407232248621e-15	0.15569144318469497	0.02886641086392114	0.3603621970978147
b3849	trkH	25	0.0003685831934347468	0.0016850395549548084	188	0.0004414252071805545	0.0232783011915597	0.0	3.164407232248621e-15	0.04807692307692308	0.022928241949183307	0.006548463925280628	0.3727454909819639	0.40622336402141157	3.164407232248621e-15	0.169994804005897	0.035502582513053195	0.38948442750168777
b1469	narU	25	9.147425305422891e-05	0.00010181736539177881	26	8.868570932405761e-07	0.0030432285743453645	0.0	3.164407232248621e-15	0.04807692307692308	0.001385423375651094	0.0016251849158815696	0.04809619238476954	0.05220840778541404	3.164407232248621e-15	0.02995338932455218	0.02473117322628709	0.05015230008509179
b3290	trkA	31	0.0003615331156407574	0.0017040147758888855	185	0.0004045197839620067	0.021445919479094754	0.0	3.164407232248621e-15	0.05961538461538462	0.023186436752585058	0.0064232081324862265	0.3667334669338677	0.3741656321804066	3.164407232248621e-15	0.16474018409644947	0.04140091068398484	0.37044954955713716
b4073	nrfD	37	0.00028133321575525604	0.0005232008591802949	201	0.0005641255889684616	0.018884561946713497	0.0	3.164407232248621e-15	0.07115384615384615	0.007119165750164311	0.004998329948765401	0.3987975951903807	0.3293543833213688	3.164407232248621e-15	0.16128499808315264	0.039136505952005234	0.36407598925587475
b2552	hmp	48	0.000780742342394804	0.00019650721790943435	235	0.000689455054698232	0.029995229352293276	0.0	3.164407232248621e-15	0.09230769230769231	0.0026738630697065355	0.01387112368436464	0.4669338677354709	0.5237368058481299	3.164407232248621e-15	0.21713044579220053	0.04749077768869942	0.4953353367918004
b2744	umpG	73	0.0005628107772511611	0.00021511534426238248	354	0.0025808178273928196	0.046457920235702624	0.0	3.164407232248621e-15	0.14038461538461539	0.0029270628370276124	0.009999224428123201	0.7054108216432865	0.8117535035326688	3.164407232248621e-15	0.33209520067952025	0.0716558391108215	0.7585821625879776
b4070	nrfA	59	0.0002523325508004741	0.0014077022162784548	173	0.0004383584982845833	0.016234210849260494	0.0	3.164407232248621e-15	0.11346153846153847	0.01915452780460077	0.004483087225688932	0.3426853707414829	0.2829861816586451	3.164407232248621e-15	0.15165752373325408	0.06630803313306963	0.312835776200064
b1291	sapD	199	0.0007456074866059583	0.0730451623310623	182	0.00021474140006020562	0.024097899216751744	0.0	3.164407232248621e-15	0.3826923076923077	0.9939215671343002	0.013246897350252296	0.3607214428857715	0.42056232709351027	3.164407232248621e-15	0.43157952896117857	0.688306937413304	0.3906418849896409
b2027	wzzB	23	4.655590750117084e-05	2.2327536724025072e-05	80	0.0003622771455776813	0.008110088079315956	0.0	3.164407232248621e-15	0.04423076923076923	0.0003038095827675999	0.0008271393981345287	0.156312625250501	0.14085370596833935	3.164407232248621e-15	0.06834018200647607	0.022267289406768417	0.14858316560942017
b1250	kch	19	0.00034928490663392234	0.00013205382693937196	179	0.00024673825449674533	0.02257941434570149	0.0	3.164407232248621e-15	0.03653846153846154	0.0017968492700829826	0.006205599309677119	0.3547094188376753	0.39399625711496405	3.164407232248621e-15	0.1574081973522374	0.01916765540427226	0.3743528379763197
b4374	yjjG	56	0.0003208694564389567	8.813061036302484e-05	191	0.0005499427078013389	0.02728156740798853	0.0	3.164407232248621e-15	0.1076923076923077	0.0011991884413578816	0.005700753853246172	0.3787575150300601	0.4762609735333463	3.164407232248621e-15	0.19278199693941506	0.05444574806683279	0.4275092442817032
b2035	wbbH	23	8.919793488345375e-06	2.0730785282562345e-05	104	0.0005059811758108382	0.011241064436075253	0.0	3.164407232248621e-15	0.04423076923076923	0.0002820826723963199	0.00015847425200010834	0.20440881763527052	0.1956305026165085	3.164407232248621e-15	0.08891043443098955	0.022256425951582778	0.2000196601258895
b2291	yfbR	28	0.0004983681135306917	1.7361632592424948e-05	176	0.00035542016074913016	0.025718200874874628	0.0	3.164407232248621e-15	0.05384615384615385	0.00023623879424161163	0.008854298489721198	0.3486973947895791	0.4489096936407153	3.164407232248621e-15	0.1703378962141386	0.02704119632019773	0.3988035442151472
b2033	wbbJ	19	2.1366163277736914e-05	1.0147732814647652e-05	62	8.117817790356628e-06	0.006394625927813071	0.0	3.164407232248621e-15	0.03653846153846154	0.0001380796507273376	0.00037960371481421396	0.12024048096192383	0.11084149548720852	3.164407232248621e-15	0.053551703527664876	0.01833827059459444	0.11554098822456618
b0480	ushA	62	0.0008825298654565771	0.00013420125254035698	109	0.0004652195958646248	0.009711081122573515	0.0	3.164407232248621e-15	0.11923076923076924	0.0018260691739140087	0.015679540168584225	0.21442885771543083	0.1688632660457663	3.164407232248621e-15	0.1008697924331767	0.06052841920234162	0.19164606188059857
b2037	wzxB	45	0.00011481927698322676	5.2670288229528815e-05	2	0.0	8.274707867232506e-05	0.0	3.164407232248621e-15	0.08653846153846154	0.0007166817588992719	0.0020399462228452847	0.0	0.00041443862334773806	3.164407232248621e-15	0.017533916384142343	0.043627571648680405	0.00020721931167386903
b2034	wbbI	23	0.0006245605875423715	2.0763443321459055e-05	111	0.0008287065443132076	0.012132562520580705	0.0	3.164407232248621e-15	0.04423076923076923	0.0002825270485625694	0.011096307562372247	0.21843687374749496	0.21122736561477537	3.164407232248621e-15	0.09483550712832106	0.0222566481396659	0.21483211968113516
b2032	wbbK	19	6.364924060481001e-05	1.1953261212879373e-05	126	0.0003758337178798944	0.01589861134067746	0.0	3.164407232248621e-15	0.03653846153846154	0.0001626473778403599	0.00113082952070601	0.24849699398797592	0.27711482910205604	3.164407232248621e-15	0.11246258640126741	0.01835055445815095	0.262805911545016
b4161	rsgA	53	0.0002787445110830705	0.0002979294347983014	308	0.0009715305816129945	0.04427923045323713	0.0	3.164407232248621e-15	0.10192307692307692	0.004053909681082882	0.004952337512156883	0.6132264529058116	0.7736370716037225	3.164407232248621e-15	0.2985681022227394	0.0529884933020799	0.693431762254767
b2751	cysN	41	0.00026489878501673137	0.0038609637136913125	313	0.001046218368784461	0.046371543169410515	1.0	1.0	0.07884615384615384	0.052535924111826504	0.0047063462698003836	0.6232464929859719	0.810242326680396	1.0	0.5129741795248697	0.06569103897899017	0.7167444098331839
b0902	pflA	26	0.0002801929949430639	8.297707169529615e-05	159	0.0005907304146634273	0.014393896207349962	0.0	0.0	0.05	0.0011290645198625644	0.004978072120984611	0.31462925851703405	0.25078966229146565	0.0	0.12330959706567243	0.025564532259931282	0.2827094604042498
b2752	cysD	43	0.00034192062563916277	0.003078008727689147	287	0.000881544750118613	0.041798946922799556	1.0	1.0	0.0826923076923077	0.0418822980283376	0.006074761199614593	0.5711422845691382	0.7302442218674807	1.0	0.48519222243145277	0.06228730286032265	0.6506932532183094
b2705	srlD	30	0.0003179770512742702	8.032100202440315e-05	196	0.0010810986061490415	0.024140759192917978	0.0	2.8592679634246463e-14	0.057692307692307696	0.0010929235237244913	0.005649365696608481	0.3887775551102204	0.42131216737695243	2.8592679634246463e-14	0.17377499074064673	0.029392615608016093	0.4050448612435864
b0650	hscC	63	0.00025783057580575227	0.003088807113458163	269	0.000556766572458856	0.036985982012549705	0.0	2.147276336168707e-15	0.12115384615384617	0.04202923107857051	0.004580768343679813	0.5350701402805611	0.6460408392407246	2.147276336168707e-15	0.2688588113507409	0.08159153861620834	0.5905554897606429
b4394	yjjX	20	0.00027199727492803737	2.5220374197084718e-05	240	0.0004858242271110552	0.035294362735859106	0.0	2.147276336168707e-15	0.038461538461538464	0.00034317226556453546	0.004832462180498806	0.47695390781563124	0.6164457626361498	2.147276336168707e-15	0.22644087623577724	0.0194023553635515	0.5466998352258905
b0980	appA	45	0.0013154407321302772	0.0009092605436301429	149	0.00029081828957317027	0.01525594398292689	0.0	2.147276336168707e-15	0.08653846153846154	0.01237225896442353	0.023370887044324454	0.2945891783567134	0.26587128869910137	2.147276336168707e-15	0.13187423751174038	0.04945536025144253	0.2802302335279074
b2702	srlA	21	8.940811731178173e-05	0.0004368474134888155	84	3.488692186251826e-05	0.007124360736670235	0.0	2.147276336168707e-15	0.04038461538461539	0.005944159092226836	0.0015884767435743491	0.16432865731462923	0.12360829110531177	2.147276336168707e-15	0.06685314457935708	0.02316438723842111	0.1439684742099705
b2781	mazG	78	0.0015124405071954912	0.0001947498588054107	323	0.0021563299771655115	0.04187875080908019	0.0	2.147276336168707e-15	0.15000000000000002	0.002649950779570572	0.026870899913281645	0.6432865731462926	0.731640400168569	2.147276336168707e-15	0.30551538481888685	0.07632497538978529	0.6874634866574307
b2579	grcA	16	6.257216215471348e-05	2.6291258230739915e-05	148	0.0005288170867259304	0.013469150328960112	0.0	2.147276336168707e-15	0.03076923076923077	0.0003577437266029217	0.0011116935169467855	0.2925851703406813	0.2346111252602173	2.147276336168707e-15	0.11166465401934689	0.015563487247916846	0.2635981478004493
b2704	srlB	23	0.00022701057081335203	3.80407531164197e-05	79	2.849247224827486e-05	0.006677838714112421	0.0	2.147276336168707e-15	0.04423076923076923	0.0005176184670666748	0.004033202164687898	0.15430861723446893	0.11579633622555828	2.147276336168707e-15	0.06297066823157306	0.022374193848917954	0.1350524767300136
b2703	srlE	20	6.702057269815891e-05	4.843442498739481e-05	93	4.823880810975516e-05	0.007811456050189051	0.0	2.147276336168707e-15	0.038461538461538464	0.000659044597211453	0.0011907265724074314	0.18236472945891782	0.13562910377777987	2.147276336168707e-15	0.07142288325908995	0.019560291529374958	0.15899691661834886
b3114	tdcE	108	0.0008932467094950535	0.0003678696760220675	152	0.0005678398567219113	0.013639520554146089	0.0	2.147276336168707e-15	0.2076923076923077	0.005005582754897318	0.01586994186846869	0.3006012024048096	0.23759177222670363	2.147276336168707e-15	0.15017817301574407	0.10634894522360251	0.26909648731575664
b2472	dapE	33	0.00036132374546982534	0.0001290353290810968	124	0.0005691026856171572	0.0162649821104499	1.0	1.0	0.06346153846153846	0.0017557767332311808	0.00641948833995146	0.2444889779559118	0.28352452846319404	1.0	0.3186461643227751	0.03260865759738482	0.2640067532095529
b2954	rdgB	59	0.0006385145042965932	0.000158827391842505	208	0.0006319905768181922	0.027660264922547795	0.0	0.0	0.11346153846153847	0.0021611557174516086	0.01134422098357268	0.4128256513026052	0.48288633073267395	0.0	0.20226693524285383	0.05781134708949504	0.44785599101763957
b0903	pflB	124	0.0011184258337571835	0.00044852371512717887	139	0.00043938804986087685	0.012949297587668393	0.0	2.147276336168707e-15	0.23846153846153847	0.006103037896139081	0.019870605485861486	0.2745490981963928	0.22551624090082098	2.147276336168707e-15	0.14892598309097868	0.12228228817883878	0.25003266954860687
b0273	argF	56	0.0005982823829723671	0.0006304273383378655	196	0.0004034156846168791	0.029133411041917242	0.0	2.147276336168707e-15	0.1076923076923077	0.008578190643826096	0.010629433657883481	0.3887775551102204	0.5086591939609552	2.147276336168707e-15	0.20274144948146233	0.058135249168066894	0.44871837453558777
b1759	nudG	9	3.386133660605131e-05	0.00041091310454078635	239	0.0011256353927205278	0.0317800665184289	0.0	2.147276336168707e-15	0.01730769230769231	0.00559127235517856	0.0006016002497568237	0.4749498997995992	0.554962740304147	2.147276336168707e-15	0.2105623209533239	0.011449482331435435	0.5149563200518731
b3591	selA	27	0.0002370105405647348	9.123632728736663e-05	179	0.0002780994229630125	0.025173030009137287	0.0	2.147276336168707e-15	0.051923076923076926	0.0012414477633171765	0.004210867457998188	0.3547094188376753	0.4393718657403124	2.147276336168707e-15	0.16944916185287678	0.02658226234319705	0.39704064228899383
b1764	selD	27	0.0002341066342768891	8.625336473258393e-05	289	0.0006508010720726265	0.04590439270470776	0.0	2.147276336168707e-15	0.051923076923076926	0.0011736448617509622	0.004159274965700463	0.5751503006012023	0.802069474798625	2.147276336168707e-15	0.2860632994369315	0.026548360892413945	0.6886098876999136
b2264	menD	25	0.00021588035285290152	4.917040157074922e-05	175	0.0007468201627760945	0.0217466006929042	1.0	2.147276336168707e-15	0.04807692307692308	0.0006690589907148364	0.003835456222678678	0.34669338677354705	0.3794260850960627	2.147276336168707e-15	0.15497309078744997	0.024372991033818958	0.3630597359348049
b0586	entF	100	0.00357865226075545	0.0036003153949072685	229	0.0005592174466089802	0.030840433812483345	1.0	2.147276336168707e-15	0.19230769230769232	0.04898929655690914	0.06358042267825176	0.4549098196392785	0.5385237564879861	2.147276336168707e-15	0.24694611299837366	0.12064849443230073	0.4967167880636323
b3607	cysE	38	0.0001826263443024611	0.00028454030321413166	81	0.0002072118047546362	0.007774011525252938	1.0	1.0	0.07307692307692308	0.0038717244928784837	0.0032446461172741165	0.15831663326653306	0.13497400744542182	1.0	0.2740478576563513	0.03847432378490078	0.14664532035597744
b4254	argI	34	0.00025633072184800236	0.0005436188115949489	182	0.0003087195095310977	0.028171621849794135	0.0	1.7065196145340775e-14	0.06538461538461539	0.007396991722672507	0.004554121063742852	0.3607214428857715	0.4918325798341515	1.7065196145340775e-14	0.1850671259654456	0.03639080355364395	0.42627701135996154
b3187	ispB	47	0.00038283866672097317	0.00019482058018184802	79	9.739743853335153e-05	0.010335810496090161	1.0	1.0	0.0903846153846154	0.0026509130815089246	0.006801734975657975	0.15430861723446893	0.17979297932174879	1.0	0.2854274250044684	0.04651776423306216	0.16705079827810887
b2366	dsdA	18	7.311633745537492e-05	3.238115154945382e-05	110	0.00015008916186215745	0.010455563045395138	0.0	0.0	0.03461538461538462	0.0004406085751138115	0.0012990274833568425	0.2164328657314629	0.18188806414320305	0.0	0.08667538461303288	0.017527996595249215	0.19916046493733297
b4471	tdcG	30	0.0001533527311003778	0.00045653970658696553	109	0.00017279600685871777	0.010107154155203168	0.0	6.66785809652388e-15	0.057692307692307696	0.006212111057722819	0.0027245540364874785	0.21442885771543083	0.17579260996091295	6.66785809652388e-15	0.0908251772852762	0.03195220937501526	0.1951107338381719
b0907	serC	84	0.0009291158830103502	0.00029754548844595623	66	3.082876647625231e-05	0.007072808676280608	1.0	0.9999999999999988	0.16153846153846155	0.004048685343864096	0.016507214519469626	0.1282565130260521	0.12270638179428792	0.9999999999999988	0.2833100083405329	0.08279357344116282	0.12548144741017
b0662	ubiF	28	0.00013391174485368775	6.388949926041839e-05	40	2.3766772048023214e-06	0.004473526599746986	2.321958450450032e-07	0.0	0.05384615384615385	0.0008693409556752677	0.002379154139324601	0.07615230460921843	0.07723163861070055	0.0	0.04161988760434961	0.027357747400914557	0.0766919716099595
b2797	sdaB	28	0.00012027577670654993	8.276875604259933e-05	121	0.00022370821768351006	0.011079930557338902	0.0	4.9726399363906895e-15	0.05384615384615385	0.0011262299800603444	0.002136889578464703	0.23847695390781562	0.1928114466087501	4.9726399363906895e-15	0.09725215686855698	0.027486191913107097	0.21564420025828285
b1281	pyrF	83	0.000816846475416903	0.0002499708595205435	190	0.0006825911932463501	0.025067112201404593	1.0	1.0	0.15961538461538463	0.003401339945094669	0.014512570762961849	0.37675350701402804	0.43751882133674536	1.0	0.3954578105822505	0.08150836228023965	0.4071361641753867
b1814	sdaA	39	0.00027858662986992216	9.559010795772188e-05	132	0.0002706744966278163	0.011828049146833781	0.0	0.0	0.07500000000000001	0.00130068942106346	0.004949532502467898	0.2605210420841683	0.20589986861392034	0.0	0.10854432002383044	0.03815034471053173	0.23321045534904433
b2907	ubiH	32	0.00016206269419013794	6.19259392162315e-05	40	2.3766772048023214e-06	0.004473526599746986	2.3219584988422175e-07	4.9726399363906895e-15	0.06153846153846154	0.0008426229005159787	0.00287930031927999	0.07615230460921843	0.07723163861070055	4.9726399363906895e-15	0.043153005531780295	0.03119054221948876	0.0766919716099595
b0893	serS	109	0.0004985123698007385	0.001481791940983606	213	0.00044986769544679803	0.03162275197125243	0.0	4.9726399363906895e-15	0.20961538461538462	0.020162662675377526	0.008856861430726712	0.4228456913827655	0.5522105039476249	4.9726399363906895e-15	0.24096684852423148	0.11488902364538107	0.4875280976651952
b0350	mhpD	24	0.00023883122146110692	2.8485762235842508e-05	97	5.756151803388613e-05	0.012395139063324881	0.0	4.9726399363906895e-15	0.046153846153846156	0.00038760422372863663	0.004243214736392072	0.19038076152304606	0.21582117286452546	4.9726399363906895e-15	0.09054867695303026	0.023270725188787398	0.20310096719378576
b3116	tdcC	18	0.00015706421443072228	1.8273820100773833e-05	135	0.00045311657946767734	0.013396244551733907	0.0	4.9726399363906895e-15	0.03461538461538462	0.0002486508802564155	0.0027904944133981912	0.2665330661322645	0.233335630181829	4.9726399363906895e-15	0.10694654636194792	0.017432017747820515	0.24993434815704677
b3843	ubiD	17	1.598000822277469e-05	2.994496876807997e-05	184	0.00042910421827047497	0.02391010130802028	1.0	0.9999999999999988	0.032692307692307694	0.00040745956797061004	0.00028391014358893687	0.36472945891783565	0.41727678077013197	0.9999999999999988	0.36302120138964894	0.01654988363013915	0.39100311984398384
b2796	sdaC	20	0.00013705609273864175	2.8678353106862037e-05	154	0.0003410298651492509	0.01743899930012613	0.0	1.2883658017012242e-14	0.038461538461538464	0.0003902247972783526	0.002435018457231432	0.3046092184368737	0.30406409616753544	1.2883658017012242e-14	0.12950501557264776	0.01942588162940841	0.3043366573022046
b2311	ubiX	20	8.1361151743811e-05	0.0004129369214757936	181	0.0003844636636593859	0.02409159296697413	1.0	1.0	0.038461538461538464	0.0056188103225872504	0.001445509661329562	0.35871743486973945	0.4204519985179095	1.0	0.36464995643435494	0.022040174392062857	0.38958471669382444
b3835	ubiB	21	0.00013107746757756494	0.00042870761308050364	41	1.4477393112088511e-06	0.004584799825731105	2.321958546109003e-07	2.3123165446173175e-07	0.04038461538461539	0.005833401268986989	0.002328798716647906	0.0781563126252505	0.07917837668138551	2.3123165446173175e-07	0.04071058743837857	0.023109008326801187	0.07866734465331801
b3089	sstT	17	0.0001506986318443584	0.0008172647475993225	46	0.00015970755379959156	0.004060810127911414	0.0	0.0	0.032692307692307694	0.01112047715105302	0.002677399761572787	0.08817635270541081	0.07001111578487937	0.0	0.04040005066673018	0.021906392421680358	0.0790937342451451
b2965	speC	21	5.796126948932562e-05	8.908140989456798e-05	179	0.0003596830947818863	0.02411852627136392	0.0	1.469189072115431e-15	0.04038461538461539	0.001212125919080757	0.0010297737093688554	0.3547094188376753	0.42092319982048004	1.469189072115431e-15	0.16344587199237057	0.020798370651848072	0.3878163093290777
b0355	frmB	10	1.5073015304693605e-05	8.44684521907407e-06	197	0.0005990542633238545	0.025512169508439514	0.0	1.469189072115431e-15	0.019230769230769232	0.00011493576534791002	0.00026779597856369273	0.39078156312625245	0.44530515084753947	1.469189072115431e-15	0.1710864837939821	0.009672852498058571	0.418043356986896
b2154	yeiG	22	0.00019924662614778302	2.3568459569684515e-05	206	0.0007229371571353203	0.02616243098678842	0.0	1.469189072115431e-15	0.04230769230769231	0.00032069475271027925	0.0035399317353671605	0.40881763527054105	0.45668155127635757	1.469189072115431e-15	0.18162551472146055	0.021314193530201295	0.4327495932734493
b0693	speF	23	0.00012980470394624601	7.331824179907099e-05	206	0.0007283500930672579	0.025691749018980966	0.0	1.469189072115431e-15	0.04423076923076923	0.000997637344663348	0.002306186055860439	0.40881763527054105	0.44844691533575437	1.469189072115431e-15	0.1804985914363459	0.02261420328771629	0.42863227530314774
b1744	astE	26	0.0001527029660349541	0.0016613454573535145	171	0.0008414496704813059	0.01941090568707073	0.0	1.469189072115431e-15	0.05	0.022605837646582472	0.0027130099314750292	0.3386773547094188	0.3385628284667121	1.469189072115431e-15	0.14996920416454296	0.03630291882329124	0.33862009158806544
b1746	astD	46	0.0003540834303152658	0.0005835690793862554	246	0.0007271339123935996	0.03306958147178456	0.0	1.469189072115431e-15	0.08846153846153847	0.00794059285248593	0.006290852679286999	0.4889779559118236	0.5775229548590238	1.469189072115431e-15	0.23258060841697467	0.048201065657012196	0.5332504553854237
b3642	pyrE	68	0.0004840948139205355	0.00021796323312526773	81	7.761844521788829e-05	0.010807404804490517	1.0	1.0	0.13076923076923078	0.002965813906520678	0.008600710726478875	0.15831663326653306	0.18804357676746633	1.0	0.29601905094195013	0.06686752233787573	0.1731801050169997
b2263	menH	23	0.00013388295018382872	3.0332018074914063e-05	74	1.4491082282478012e-05	0.0055546520052018105	1.0	0.0	0.04423076923076923	0.0004127261269230459	0.0023786425564305057	0.1442885771543086	0.09614605371253299	0.0	0.057015625244906776	0.02232174767884614	0.12021731543342079
b2373	oxc	34	0.00038994417889424933	0.00015582733510038937	166	0.00026398725219660727	0.02256733104120127	0.0	1.469189072115431e-15	0.06538461538461539	0.002120334107868473	0.006927975647957046	0.3286573146292585	0.39378485829299037	1.469189072115431e-15	0.15798942448294684	0.033752474746241934	0.36122108646112444
b1387	paaZ	102	0.0034043700470200266	0.00035781337566663545	220	0.0005169725062041572	0.029590923515545806	0.0	1.469189072115431e-15	0.19615384615384618	0.004868747220689821	0.06048402324986458	0.4368737474949899	0.5166634280644321	1.469189072115431e-15	0.23091195378679194	0.100511296687268	0.476768587779711
b3368	cysG	93	0.004284014696887531	0.003552708616560871	182	0.0008137405257329305	0.02209929707343326	1.0	0.9999999999999988	0.17884615384615385	0.04834151370270984	0.07611230299600351	0.3607214428857715	0.3855965494220157	0.9999999999999988	0.39470113197132994	0.11359383377443184	0.3731589961538936
b1394	paaG	64	0.0008610085951158298	0.0004185078063787103	66	4.5069886064345354e-05	0.006992081380653166	0.0	0.0	0.12307692307692308	0.005694613051697994	0.015297180731249905	0.1282565130260521	0.1212940483389443	0.0	0.07566441949872349	0.06438576806431054	0.1247752806824982
b1014	putA	104	0.002959250294112913	0.0007723674759125025	266	0.001503665099694645	0.03377138873829651	0.0	8.13704716863931e-15	0.2	0.010509562407202253	0.052575766182635875	0.5290581162324649	0.58980115486553	8.13704716863931e-15	0.26587376670104107	0.10525478120360113	0.5594296355489974
b3281	aroE	66	0.0008444836399246518	0.00025823759830883935	165	0.00025552194435589755	0.021606136346037162	0.0	8.13704716863931e-15	0.12692307692307692	0.00351382501199497	0.015003588742076733	0.32665330661322645	0.3769686449598435	8.13704716863931e-15	0.16681177070162997	0.06521845096753594	0.351810975786535
b3390	aroK	58	0.0004557303254637419	0.00021502923612111218	227	0.0003501431915832432	0.03542670741628582	0.0	8.13704716863931e-15	0.11153846153846154	0.0029258911682136465	0.00809677068600268	0.4509018036072144	0.6187611482606853	8.13704716863931e-15	0.2368254609149166	0.0572321763533376	0.5348314759339499
b0388	aroL	44	0.0003943163642279508	0.00012278401715379238	245	0.00048187992487086034	0.037702625375514255	0.0	8.13704716863931e-15	0.08461538461538462	0.0016707154704569103	0.0070056544418965585	0.4869739478957915	0.6585785984855758	8.13704716863931e-15	0.24636772929344342	0.043143050042920766	0.5727762731906836
b3939	metB	59	0.00039311712063269037	0.0015424902238596386	142	0.00042042067124093666	0.01757141376582226	1.0	0.9999999999999988	0.11346153846153847	0.020988580922572008	0.006984347980937217	0.2805611222444889	0.3063807026935012	0.9999999999999988	0.34427838886441986	0.06722505969205524	0.29347091246899504
b0386	proC	37	0.00020983645688410222	0.00023357710707037617	156	0.0003063524223448021	0.02054585401667676	1.0	1.0	0.07115384615384615	0.003178271043520703	0.0037280768428675417	0.30861723446893785	0.35841888190601573	1.0	0.3482736467144641	0.037166058598683424	0.3335180581874768
b1388	paaA	20	9.854980758123696e-05	1.4642670781626855e-05	244	0.0008509950100240878	0.030614416190451063	0.0	0.0	0.038461538461538464	0.00019924202816258617	0.001750893343169563	0.48496993987975945	0.5345695518213692	0.0	0.21164005443816594	0.019330390244850525	0.5097697458505643
b1981	shiA	11	0.0002124280710663302	6.525988498096224e-05	185	0.0003265619741470879	0.024235895735150656	0.0	8.13704716863931e-15	0.021153846153846155	0.0008879877199437647	0.0037741209715279277	0.3667334669338677	0.42297659228276147	8.13704716863931e-15	0.16235037861808543	0.01102091693689496	0.3948550296083146
b1389	paaB	17	2.4062008186296165e-05	1.3961236650935199e-05	253	0.0008894232523905508	0.033765182059923786	0.0	8.13704716863931e-15	0.032692307692307694	0.00018996979085813387	0.0004274996673326705	0.503006012024048	0.5896925683032747	8.13704716863931e-15	0.22511617156209937	0.016441138741582914	0.5463492901636613
b1206	dauA	18	0.0002648856936462502	0.00010199619880196011	182	0.00022301771113258516	0.024208586731067475	0.0007865400395579	0.0007839447802399	0.03461538461538462	0.0013878567521763972	0.004706113680879197	0.3607214428857715	0.4224988180702226	0.0007839447802399	0.164001489420759	0.018001620683780507	0.3916101304779971
b1392	paaE	45	0.0005683799095578278	0.00014144633622918505	235	0.0006433101148034804	0.030774624540438274	0.0	6.328814464497241e-15	0.08653846153846154	0.0019246526352167833	0.01009816887989126	0.4669338677354709	0.5373724155956813	6.328814464497241e-15	0.21855387950096739	0.04423155708683916	0.5021531416655761
b1584	speG	25	0.00038311306122654134	5.989049128733568e-05	168	0.0005973280519572572	0.019483013059384373	0.0	8.13704716863931e-15	0.04807692307692308	0.0008149266708034728	0.006806610028435785	0.3326653306613226	0.3398243553580063	8.13704716863931e-15	0.14427630715341272	0.024445924873863278	0.33624484300966445
b1390	paaC	17	2.114506470147728e-05	1.2794344002580436e-05	245	0.0010272873692102069	0.030950287538740535	0.0	8.13704716863931e-15	0.032692307692307694	0.0001740919458001175	0.0003756755485918888	0.4869739478957915	0.5404456602453375	8.13704716863931e-15	0.212057201555849	0.016433199819053907	0.5137098040705645
b1600	mdtJ	19	6.760759650625818e-05	4.8054317974086166e-05	184	0.00023281376028504326	0.02463706160662757	0.0	8.13704716863931e-15	0.03653846153846154	0.0006538725016709684	0.0012011559796595544	0.36472945891783565	0.4299950360077154	8.13704716863931e-15	0.16638336579313834	0.018596167020066254	0.3973622474627755
b1391	paaD	17	3.338938334610327e-05	1.4897907686816781e-05	226	0.0008421270285796494	0.028988944775612754	0.0	8.13704716863931e-15	0.032692307692307694	0.0002027150229058534	0.0005932152529576263	0.4488977955911823	0.5061317397772794	8.13704716863931e-15	0.1975849116167367	0.016447511357606772	0.47751476768423085
b1599	mdtI	12	5.963080873990485e-05	0.0004214387062672631	191	0.0003714307506143496	0.024624210662530586	0.0	8.13704716863931e-15	0.023076923076923078	0.0057344936477207835	0.0010594357171570474	0.3787575150300601	0.4297702072414369	8.13704716863931e-15	0.1674678277992298	0.01440570836232193	0.4042638611357485
b3908	sodA	145	0.0028110482560830185	0.0008984602858063983	126	0.00037099740797048603	0.01386482024215548	0.0	8.13704716863931e-15	0.27884615384615385	0.012225300441243332	0.04994272236246602	0.24849699398797592	0.24153341655382976	8.13704716863931e-15	0.15622037296584218	0.14553572714369858	0.24501520527090284
b1398	paaK	23	0.0003959796042194038	0.0004560331025078066	226	0.0006660915421733576	0.02928756594806186	0.0	8.13704716863931e-15	0.04423076923076923	0.006205217723459392	0.007035204533374189	0.4488977955911823	0.5113561520289942	8.13704716863931e-15	0.20213798691488266	0.025217993477114314	0.4801269738100883
b1656	sodB	123	0.0011710661089619967	0.0007564043934502365	135	0.00023562855286422954	0.017531199862332196	0.0	8.13704716863931e-15	0.23653846153846156	0.010292353608825163	0.020805843308246325	0.2665330661322645	0.30567715576024224	8.13704716863931e-15	0.16380820740796032	0.12341540757364336	0.28610511094625335
b1646	sodC	68	0.0008914586667846747	0.0002492460497445015	104	3.290456897510178e-05	0.012516188708541095	0.0	8.13704716863931e-15	0.13076923076923078	0.003391477497733503	0.015838174459117595	0.20440881763527052	0.2179389505302772	8.13704716863931e-15	0.11130169528650402	0.06708035413348214	0.21117388408277388
b1525	sad	38	0.0009367960804832702	0.00014578633588524588	299	0.001586520918119574	0.03699272951744614	0.0	8.13704716863931e-15	0.07307692307692308	0.0019837067754480513	0.016643665385885357	0.595190380761523	0.6461588876261098	8.13704716863931e-15	0.26328197964800243	0.03753031492618557	0.6206746341938164
b0133	panC	48	0.0005551306641385925	0.00011488918253588933	245	0.0007693216537987903	0.03407312437255917	1.0	0.9999999999975728	0.09230769230769231	0.0015632908834578687	0.009862775060502661	0.4869739478957915	0.5950800549900328	0.9999999999975728	0.4351849972149095	0.04693549159557509	0.5410270014429122
b1278	pgpB	46	0.0006383874060744711	0.0001314655562243776	375	0.006344722091434136	0.0465466519244517	0.0	1.5822036161243105e-15	0.08846153846153847	0.001788844702329455	0.011341962882450983	0.7474949899799599	0.8133058747795369	1.5822036161243105e-15	0.33021024958467327	0.04512519158193396	0.7804004323797484
b2661	gabD	42	0.00015632811369646661	0.0001690916859095868	246	0.001292177334428826	0.030835917564045714	0.0	1.469189072115431e-15	0.08076923076923077	0.002300821410826937	0.00277741641855332	0.4889779559118236	0.5384447441946654	1.469189072115431e-15	0.22209855045730964	0.041535026090028855	0.5137113500532444
b2260	menE	49	0.0007226903733090145	0.0001725850899234461	250	0.0007332201985451503	0.035170497989635355	1.0	1.469189072115431e-15	0.09423076923076923	0.0023483559700130936	0.012839738553080567	0.49699398797595185	0.6142787344498373	1.469189072115431e-15	0.24157036952531458	0.04828956260039116	0.5556363612128945
b0087	mraY	46	0.00015436073348704124	0.0009813278123505167	16	2.9683838480725455e-06	0.0016978836778057183	1.0	0.9999999999999988	0.08846153846153847	0.013352874386167652	0.0027424627946273992	0.028056112224448895	0.028671441860931405	0.9999999999999988	0.23170839338661703	0.05090720642385306	0.02836377704269015
b2261	menC	46	0.0008264928961891461	8.050280236615969e-05	100	3.5661105442062704e-05	0.014063899320156533	1.0	0.0	0.08846153846153847	0.0010953972711270263	0.014683954698964061	0.19639278557114226	0.24501632824973787	0.0	0.10619320991070913	0.044778467866332744	0.22070455691044005
b2762	cysH	35	0.00019734882548188225	0.0034349915852079143	119	0.00015204507031736587	0.016026511965980837	1.0	0.9999999999999856	0.06730769230769232	0.04673974443357682	0.003506214302181415	0.2344689378757515	0.27935246546372705	0.9999999999999856	0.3255737680161467	0.057023718370634566	0.2569107016697393
b0722	sdhD	72	0.0009715043905987733	0.0009401870482436267	100	0.00010701006624783601	0.009766338448349017	0.0272758664531151	0.0261415166645199	0.13846153846153847	0.012793074237474795	0.017260313460858052	0.19639278557114226	0.16982999940700416	0.0261415166645199	0.10872378286833592	0.07562730634950664	0.1831113924890732
b0723	sdhA	113	0.0006299285762354329	0.0004678014288439905	113	0.00013637161279565383	0.011047438832551312	0.0272758664531155	0.0261415166645215	0.2173076923076923	0.006365348702450094	0.011191678379419688	0.2224448897795591	0.19224300009282677	0.0261415166645215	0.13290048950940997	0.1118365205050712	0.20734394493619293
b1489	dosP	76	0.0007719534230075147	0.0022271984437159417	213	0.0005151602522677818	0.02938661068586588	0.0	1.5822036161243105e-15	0.14615384615384616	0.030305368580937072	0.013714974617952982	0.4228456913827655	0.5130889512722876	1.5822036161243105e-15	0.2224787714779676	0.08822960736739162	0.46796732132752655
b0724	sdhB	102	0.0006469698891246826	0.0007144655186451682	113	0.00013637161279565383	0.011047438832551312	0.0272758664531129	0.0261415166645189	0.19615384615384618	0.00972169361109419	0.011494444280530768	0.2224448897795591	0.19224300009282677	0.0261415166645189	0.12934098926036902	0.10293776988247018	0.20734394493619293
b0721	sdhC	113	0.0009794366651321535	0.000401749091789399	93	0.00010438335828263359	0.009091587506142812	0.0272758664531044	0.0261415166645153	0.2173076923076923	0.005466578130065936	0.017401242875309118	0.18236472945891782	0.15802515295085084	0.0261415166645153	0.11786113390240842	0.11138713521887912	0.17019494120488432
b0115	aceF	88	0.0002760687285066166	0.0003985228992031723	220	0.001012538807478918	0.02357628420126956	0.0171509643857075	0.0174112550493461	0.16923076923076924	0.00542267950230129	0.0049047979987284045	0.4368737474949899	0.41143661154154965	0.0174112550493461	0.20807501256379127	0.08732672436653527	0.42415517951826975
b0729	sucD	93	0.00023652113507352193	0.0003881916012869561	260	0.0014827179219069069	0.03616680729748539	0.0031609433421628	0.0029439445966443	0.17884615384615385	0.005282102091180249	0.004202172394682424	0.5170340681362725	0.6317092820286976	0.0029439445966443	0.2671631101397897	0.09206412796866704	0.574371675082485
b0728	sucC	119	0.0004458874039137535	0.0004992718588088404	278	0.001586933871284068	0.03973113701811332	0.0031609433421785	0.0029439445966527	0.22884615384615387	0.006793565138294093	0.007921895602608848	0.5531062124248497	0.6940676463364839	0.0029439445966527	0.2971515044684868	0.11781985949222398	0.6235869293806668
b0114	aceE	89	0.00021888698453715336	0.0004235919498222822	288	0.0017583382241413426	0.030165076702752834	0.0171509643857247	0.0174112550493558	0.17115384615384616	0.0057637927161372044	0.003888873794265307	0.5731462925851702	0.5267083050602744	0.0174112550493558	0.25883669831295675	0.08845881943499168	0.5499272988227224
b1521	uxaB	23	0.00032464098228326467	0.00041804735908241805	153	0.0003433798645001157	0.018578575295828185	0.0	9.832265328772501e-15	0.04423076923076923	0.005688347770278817	0.005767760980469097	0.30260521042084165	0.32400111116509245	9.832265328772501e-15	0.1353050877173984	0.024959558500524025	0.31330316079296705
b1638	pdxH	28	0.0002780607885484019	6.283212172721357e-05	186	0.0005109648424228584	0.023816329300899906	0.0	0.0	0.05384615384615385	0.0008549532768568906	0.0049401900989461634	0.3687374749498998	0.4156362285653111	0.0	0.16781496212764432	0.02735055356150537	0.3921868517576055
b2464	talA	105	0.0015164980649863484	0.0008341802604685173	45	0.0001223734156141178	0.0027850037003936084	0.0	0.0	0.20192307692307693	0.011350645618386015	0.026942988850844323	0.08617234468937875	0.047690733488890476	0.0	0.06942736014394643	0.10663686127073146	0.06693153908913461
b0052	pdxA	35	9.385332121600621e-05	9.134934295445731e-05	288	0.0012448217954496954	0.036367570682827435	1.0	1.0	0.06730769230769232	0.0012429855613774559	0.0016674528280128929	0.5731462925851702	0.6352216608780421	1.0	0.45538372626645646	0.03427533893453489	0.6041839767316062
b0008	talB	73	0.0002168520961614132	0.0008058786125977803	45	0.00012261865291995772	0.0027850037003936084	0.0	7.911018080621552e-15	0.14038461538461539	0.010965546628850277	0.003852720780894483	0.08617234468937875	0.047690733488890476	7.911018080621552e-15	0.05704264803834856	0.07567508100673283	0.06693153908913461
b3062	ttdB	25	4.8834120237457076e-05	8.067208293421313e-05	111	0.00024798478644792016	0.015814035271042606	0.0	0.0	0.04807692307692308	0.0010977006626469532	0.0008676154539705538	0.21843687374749496	0.27563516089642165	0.0	0.10864933167669732	0.024587311869785015	0.2470360173219583
b2564	pdxJ	40	0.0002898688226975184	0.0005006895990988788	344	0.0018824774677215573	0.044775177541093766	1.0	1.0	0.07692307692307693	0.006812856253624604	0.005149978518579193	0.6853707414829658	0.7823137237672326	1.0	0.5102840796853799	0.04186796658835076	0.7338422326250993
b3061	ttdA	32	0.0009572273485585893	8.122260826114388e-05	113	0.0002914773858764604	0.01450874387413965	0.0	7.911018080621552e-15	0.06153846153846154	0.0011051916309496883	0.017006659207421747	0.2224448897795591	0.25279893562106914	7.911018080621552e-15	0.10757749571400947	0.031321826584705614	0.23762191270031413
b3063	ttdT	10	4.667283357419264e-05	1.1218089462056229e-05	33	2.0740975109942154e-05	0.0028824819355928186	0.0	0.0	0.019230769230769232	0.0001526439356496335	0.00082921677492421	0.06212424849699399	0.04939612658635104	0.0	0.026180757649952778	0.009691706583209433	0.055760187541672515
b0368	tauD	25	0.0004067132923311624	0.00325085381475859	238	0.0013648528006112589	0.027070668334141637	0.0	0.0	0.04807692307692308	0.04423419176543277	0.007225905494885904	0.4729458917835671	0.4725712696310927	0.0	0.20756565525140314	0.046155557421177926	0.4727585807073299
b0766	ybhA	29	0.00029285363585178635	0.001275887551270125	181	0.00029109830866016746	0.027479502979502118	0.0	0.0	0.05576923076923077	0.017360932797958573	0.005203008449440345	0.35871743486973945	0.47972387944984485	0.0	0.18231429557735473	0.036565081783594675	0.4192206571597922
b3790	wecD	101	0.0032738723591078937	0.0006702078287326419	158	0.0005449248361142708	0.018127398809161258	0.0	0.0	0.19423076923076923	0.009119481621801422	0.05816552523680631	0.312625250501002	0.3161077258927202	0.0	0.16641664544925855	0.10167512542628533	0.3143664881968611
b3791	wecE	36	0.00023210927632642158	5.0912797270438914e-05	64	0.00012534089828025778	0.006571231812690049	0.0	0.0	0.06923076923076923	0.0006927676746185642	0.004123788739747991	0.12424849699398796	0.11393123604749468	0.0	0.06162065398937409	0.0349617684526939	0.11908986652074133
b2320	pdxB	37	0.000226123608228379	0.00013527737675102269	151	0.0002533638810873937	0.01819757137363858	1.0	0.9999999999999988	0.07115384615384615	0.0018407119377571275	0.004017443870239788	0.2985971943887775	0.3173354030951866	0.9999999999999988	0.3377854311151133	0.03649727904580164	0.30796629874198206
b2038	rfbC	50	0.00020276637068613373	6.488822890494981e-05	4	3.5715494649187784e-07	0.00024597309390295504	1.0	0.0	0.09615384615384616	0.0008829306158492999	0.003602465569101697	0.004008016032064128	0.0032700968031602225	0.0	0.020862977920983964	0.04851838838484773	0.003639056417612175
b3546	eptB	43	0.0007381559563140527	0.00014043935539345944	8	1.925017918404061e-07	0.0013454470723783237	0.0	0.0	0.0826923076923077	0.0019109507015311214	0.013114509118304009	0.012024048096192383	0.022505522330689618	0.0	0.023826565764144166	0.04230162919691941	0.017264785213441
b2040	rfbD	45	0.000259916167753819	5.0438775686088644e-05	169	0.0005619766970556798	0.02213229059804002	1.0	0.0	0.08653846153846154	0.0006863176885970731	0.004617822186280447	0.33466933867735466	0.38617377498431965	0.0	0.16161357857774658	0.043612389613529305	0.36042155683083715
b2041	rfbB	48	0.0002425211471704756	6.226518950378005e-05	103	0.00027560904700056393	0.013732699253772709	0.0	0.0	0.09230769230769231	0.0008472390608021697	0.004308772108038873	0.20240480961923846	0.23922194444770087	0.0	0.10695633708708677	0.04657746568424724	0.22081337703346965
b3916	pfkA	116	0.0015912455025797417	0.0009014033712397369	269	0.0033236270497882	0.03801290496157825	0.0	0.0	0.2230769230769231	0.012265346845313956	0.028270995410302813	0.5350701402805611	0.6640069760436539	0.0	0.28688387724929043	0.11767113496111853	0.5995385581621075
b3788	rffG	30	0.00011611478226571636	4.742070557731607e-05	103	0.00024603205458739545	0.015093624480627092	0.0	0.0	0.057692307692307696	0.000645250972109583	0.0020629629250674807	0.20240480961923846	0.26303149006877535	0.0	0.10475477167048622	0.029168779332208638	0.2327181498440069
b1723	pfkB	101	0.00258742963897734	0.0007695428684443271	240	0.0016795848715749054	0.03408513812220666	0.0	0.0	0.19423076923076923	0.0104711281263859	0.045969783625103525	0.47695390781563124	0.5952902369417432	0.0	0.2553892084229059	0.10235094867857757	0.5361220723786873
b0915	lpxK	48	0.0002025265707529252	0.0018701166110836915	211	0.00038013212700719294	0.031075246033355503	1.0	1.0	0.09230769230769231	0.025446575426689964	0.003598205143667571	0.4188376753507014	0.5426318236873604	1.0	0.4158447533544888	0.058877133867191137	0.4807347495190309
b3951	pflD	77	0.0003101402063755562	0.00025284403879048136	141	0.00043324737146307617	0.013194086620438843	0.0	0.0	0.14807692307692308	0.0034404351397865703	0.005510131740689291	0.27855711422845686	0.22979885358833665	0.0	0.13197466520670062	0.07575867910835482	0.25417798390839674
b3137	kbaY	32	0.0002914201557901726	0.00010848361168461454	36	2.087229724575475e-05	0.0015268171000045634	0.0	8.13704716863931e-15	0.06153846153846154	0.001476130627861018	0.005177540406842931	0.06813627254509017	0.025678612124200036	8.13704716863931e-15	0.03136589536712418	0.03150729608316128	0.0469074423346451
b3132	kbaZ	19	6.344000477232315e-05	3.466526379096832e-05	36	2.087229724575475e-05	0.0015268171000045634	0.0	8.13704716863931e-15	0.03653846153846154	0.0004716883666584915	0.0011271121149063915	0.06813627254509017	0.025678612124200036	8.13704716863931e-15	0.02616500691488367	0.018505074952560017	0.0469074423346451
b2095	gatZ	28	0.000315896831905671	7.722128964361474e-05	36	2.087229724575475e-05	0.0015268171000045634	0.0	8.13704716863931e-15	0.05384615384615385	0.0010507459052640738	0.005612407306387269	0.06813627254509017	0.025678612124200036	8.13704716863931e-15	0.02974235688414325	0.02744844987570896	0.0469074423346451
b3952	pflC	16	4.837008281500047e-05	4.843873424146898e-05	136	0.00039656427373044827	0.012869140775424953	0.0	8.13704716863931e-15	0.03076923076923077	0.000659103232998217	0.0008593710945557362	0.2685370741482966	0.22411388811883798	8.13704716863931e-15	0.10481585925387434	0.015714167001114495	0.24632548113356728
b2096	gatY	41	0.0007055833400976938	0.000599689863598273	36	2.087229724575475e-05	0.0015268171000045634	0.0	8.13704716863931e-15	0.07884615384615384	0.008159947490029514	0.01253580502640786	0.06813627254509017	0.025678612124200036	8.13704716863931e-15	0.036164197201096336	0.04350305066809168	0.0469074423346451
b3176	glmM	66	0.0005741633889396374	0.00025590949229352346	10	6.06589334516189e-07	0.0006517510722681399	1.0	1.0	0.12692307692307692	0.003482146599553226	0.010200921546776192	0.01603206412825651	0.010369229876212582	1.0	0.23136130350541984	0.06520261176131507	0.013200647002234547
b2913	serA	32	0.0002095003773156659	0.00014967297775711624	185	0.0012032567348254797	0.02430367363569698	0.0211737100236656	0.0220953154114818	0.06153846153846154	0.002036592100867288	0.0037221058572959524	0.3667334669338677	0.4241623745603729	0.0220953154114818	0.17531324210901028	0.031787526819664416	0.3954479207471203
b0166	dapD	56	0.0012238099347179334	0.00022163849449567327	155	0.0005027867210960725	0.019646873800150906	1.0	0.9999999999999988	0.1076923076923077	0.0030158229889065244	0.021742920870099908	0.3066132264529058	0.342691118135122	0.9999999999999988	0.3520024950538482	0.05535406534060711	0.3246521722940139
b4025	pgi	181	0.0030513351796847953	0.001233347836854041	36	2.279297226168049e-05	0.0023882273075180563	0.0063270898041374	0.0063545048334831	0.3480769230769231	0.016782097208186738	0.054211799951869095	0.06813627254509017	0.040749084204181725	0.0063545048334831	0.09601977637357297	0.18242951014255493	0.05444267837463594
b2480	bcp	38	0.00015242777195324916	0.00011541815915652533	116	0.00015901698578965409	0.01630206872454243	0.0	2.6558417842086638e-14	0.07307692307692308	0.0015704886396812998	0.002708120672961362	0.2284569138276553	0.2841733631035866	2.6558417842086638e-14	0.11745553772957458	0.03732370585830219	0.25631513846562093
b0068	thiB	200	0.001007297547273102	0.07285163382013797	312	0.0007570438902029344	0.048201112066935475	0.0	5.424698112426207e-15	0.38461538461538464	0.9912882351691897	0.01789623555233902	0.6212424849699398	0.8422508479958587	5.424698112426207e-15	0.5678793905500756	0.6879518098922872	0.7317466664828993
b2926	pgk	167	0.0010159898535594596	0.0014277806839385725	164	0.0007789351043384327	0.027753801672341167	0.1262432283485934	0.1285779274131428	0.3211538461538462	0.01942773442644317	0.018050668134067086	0.3246492985971944	0.4845227670831117	0.1285779274131428	0.25566631473474766	0.17029079029014468	0.40458603284015304
b0066	thiQ	211	0.001303547673658387	0.0730960905958183	245	0.0005828694074769584	0.034205740458978694	0.0	1.7856297953402933e-14	0.40576923076923077	0.994614545274157	0.023159588032997683	0.4869739478957915	0.5974001888940772	1.7856297953402933e-14	0.4969515825666549	0.700191888021694	0.5421870683949344
b0767	pgl	16	6.532168564805941e-05	5.653016207838285e-05	155	0.00023216111607962209	0.01994455463469491	0.0067002323968398	0.006983373266442	0.03076923076923077	0.0007692028532792933	0.001160543154501068	0.3066132264529058	0.34789907906547907	0.006983373266442	0.1386068224814674	0.01576921681125503	0.3272561527591924
b0067	thiP	205	0.001020256353452448	0.07313651648049888	308	0.0008960013951144638	0.046561763392045	0.0	7.911018080621552e-15	0.3942307692307693	0.9951646180972196	0.01812646925884462	0.6132264529058116	0.8135702516681156	7.911018080621552e-15	0.5632384183803848	0.6946976936639944	0.7133983522869636
b3385	gph	40	0.0005716432488210134	0.0005226401542441922	191	0.00046616230681311495	0.029026423950192608	0.0	0.0	0.07692307692307693	0.0071115362684709815	0.010156147268004354	0.3787575150300601	0.5067874423091973	0.0	0.19391591410616105	0.042017306595773955	0.44277247866962866
b3616	tdh	18	6.928331148603024e-05	6.415253692239949e-05	128	0.00025774650617974314	0.014390762924749582	0.0	0.0	0.03461538461538462	0.0008729200948936417	0.0012309277090534838	0.25250501002004005	0.2507348451468163	0.0	0.10774563197542693	0.01774415235513913	0.2516199275834282
b3772	ilvA	73	0.00041286674475486966	0.0002901924159624414	75	5.620701970570193e-05	0.00826402783664396	0.0	0.0	0.14038461538461539	0.003948632484881547	0.00733523131855429	0.14629258517034066	0.14354689998273057	0.0	0.08683454660451363	0.07216662393474847	0.14491974257653562
b4395	ytjC	39	0.00030432911467045623	0.00018199537415117568	7	4.328371125722902e-07	0.0005312073591038566	0.0	0.0	0.07500000000000001	0.0024764011977642924	0.005406888497168797	0.01002004008016032	0.008260303550735766	0.0	0.01915134896573208	0.03873820059888215	0.009140171815448043
b3117	tdcB	64	0.0004405130195677662	0.0002456385637766577	76	5.861622768113656e-05	0.00837893748485236	0.0	0.0	0.12307692307692308	0.0033423906315790614	0.007826411156662395	0.14829659318637273	0.14555725768448566	0.0	0.08405463291587212	0.06320965685425108	0.14692692543542918
b0755	gpmA	71	0.0005309251735281585	0.0003158649922314834	7	4.3370452161552123e-07	0.0005312073591038566	0.0	0.0	0.13653846153846155	0.00429795783954436	0.009432726200762106	0.01002004008016032	0.008260303550735766	0.0	0.0318233526017804	0.07041820968900296	0.009140171815448043
b3612	gpmM	42	0.0001727922252168559	0.00022510405454006935	7	4.328371125722902e-07	0.0005312073591038566	0.0	0.0	0.08076923076923077	0.0030629786767084445	0.0030699274235949908	0.01002004008016032	0.008260303550735766	0.0	0.02042251061536706	0.04191610472296961	0.009140171815448043
b1719	thrS	142	0.0005243865725023421	0.000996805373229877	153	0.000190217441498303	0.021185733075358218	0.0	0.0	0.2730769230769231	0.01356347671866584	0.009316557602459096	0.30260521042084165	0.36961364069144936	0.0	0.191771850181576	0.1433201998977945	0.33610942555614554
b3823	rhtC	31	0.00026538691553585383	8.087015440457404e-05	171	0.0003841616086160369	0.018278749993461144	0.0	0.0	0.05961538461538462	0.0011003958104150347	0.004715018681218589	0.3386773547094188	0.31875563251997924	0.0	0.14362975353103952	0.030357890212899828	0.328716493614699
b2690	yqaB	14	0.00016676980160987696	5.5438679308928045e-05	25	2.9967231161920307e-05	0.0017616118480667299	0.0	0.0	0.026923076923076925	0.0007543511063586724	0.002962929534283899	0.04609218436873747	0.02978637363472496	0.0	0.020711197206579605	0.013838714014717798	0.03793927900173122
b3992	thiF	47	0.0004547822612805728	0.0006108608857731638	356	0.0018714881841302299	0.0460434138019153	1.0	1.0	0.0903846153846154	0.008311950983652224	0.008079926824934358	0.7094188376753506	0.8045016651136695	1.0	0.5225234138314575	0.04934828318413381	0.7569602513945101
b0688	pgm	81	0.0007231188697825945	0.0006750125174660635	25	2.9967231161920307e-05	0.0017616118480667299	0.0	0.0	0.15576923076923077	0.009184858761137098	0.012847351471274695	0.04609218436873747	0.02978637363472496	0.0	0.04816652950676606	0.08247704476518393	0.03793927900173122
b0418	pgpA	23	0.0001461420970742129	3.076612457035588e-05	227	0.0022656076431693904	0.028188404180159266	0.0	0.0	0.04423076923076923	0.000418632990491877	0.0025964457080563256	0.4509018036072144	0.49212618866186064	0.0	0.19753547889806722	0.022324701110630556	0.4715139961345375
b3990	thiH	43	0.0003492912026818864	0.0013698111505625347	356	0.0018843493844379025	0.046019385639225446	1.0	1.0	0.0826923076923077	0.01863894612588444	0.006205711168936301	0.7094188376753506	0.804081289604078	1.0	0.5229662762195242	0.05066562690909607	0.7567500636397143
b1912	pgsA	40	0.0002477068537455027	0.000134698982287323	127	0.0002826748250395289	0.015969099426257998	1.0	0.0	0.07692307692307693	0.0018328417556199906	0.004400904394693629	0.250501002004008	0.2783480263830347	0.0	0.12152098941314793	0.039377959339348456	0.2644245141935213
b0423	thiI	109	0.0016131439551848351	0.000340550484888419	413	0.0027878756665644755	0.053971764754617006	1.0	1.0	0.20961538461538462	0.004633852000965506	0.028660056087670104	0.8236472945891783	0.9432090900208856	1.0	0.5962211242452827	0.10712461830817506	0.883428192305032
b4407	thiS	42	0.0002925110221126497	0.0005586500630007692	404	0.002408320074614434	0.05454077292798416	1.0	1.0	0.08076923076923077	0.00760152114633989	0.005196921373982198	0.8056112224448897	0.9531639543993377	1.0	0.5694291857519597	0.04418537595778533	0.8793875884221136
b2198	ccmD	236	0.0030183903740798957	0.0730417887456212	289	0.0008387218461221652	0.043600374356287844	0.0	0.0	0.4538461538461539	0.9938756629399433	0.05362648332628274	0.5751503006012023	0.7617604049863963	0.0	0.5569265044747391	0.7238609083930486	0.6684553527937993
b2200	ccmB	206	0.000539728088056291	0.0730528899537955	304	0.0007895309791021717	0.04445024433717574	0.0	0.0	0.3961538461538462	0.9940267164782416	0.009589123913006167	0.6052104208416833	0.776628979455181	0.0	0.5544039925857904	0.6950902813160439	0.6909197001484322
b2201	ccmA	205	0.0005052115986438735	0.07302964476428912	260	0.0005170820716971082	0.03772530127764959	0.0	0.0	0.3942307692307693	0.993710420443772	0.008975883836489864	0.5170340681362725	0.6589753160389994	0.0	0.5127901147699626	0.6939705948372706	0.588004692087636
b2935	tktA	163	0.0024125046616106857	0.0011924208525094782	61	0.0005687938840398583	0.0036914482252961562	0.0	0.0	0.31346153846153846	0.01622520594913986	0.04286196448326612	0.11823647294589176	0.06354908620568499	0.0	0.102294460712451	0.16484337220533915	0.09089277957578837
b2199	ccmC	214	0.0012359130198277527	0.07306911803540214	265	0.0005870367886766593	0.03629837001102823	0.0	0.0	0.4115384615384616	0.9942475311056218	0.02195795133713688	0.5270541082164328	0.6340109870513687	0.0	0.513370217582377	0.7028929963220417	0.5805325476339007
b2197	ccmE	203	0.00038923330272771074	0.0730041654248993	269	0.0006006992290993163	0.03928515318291778	0.0	0.0	0.3903846153846154	0.9933637244528575	0.006915345807489988	0.5350701402805611	0.686265107107423	0.0	0.5210167174450914	0.6918741699187364	0.6106676236939921
b2465	tktB	121	0.0016047040350771042	0.0012704145161996604	61	0.0005687938840398583	0.0036914482252961562	0.0	0.0	0.2326923076923077	0.017286461506217682	0.028510107545950958	0.11823647294589176	0.06354908620568499	0.0	0.08635286567002043	0.12498938459926269	0.09089277957578837
b1713	pheT	234	0.0020628305207261604	0.0028507974119055734	192	0.0002807890821297081	0.028695653473925616	0.0	0.0	0.45	0.038790645962034756	0.03664944981094101	0.3807615230460921	0.5010005742363739	0.0	0.27411054864890017	0.24439532298101738	0.440881048641233
b1714	pheS	155	0.0007611677542860547	0.002940868356661289	185	0.0002677786645473926	0.028463152522364484	0.0	0.0	0.2980769230769231	0.0400162364283701	0.013523350138620849	0.3667334669338677	0.49693294296324864	0.0	0.24035191388048194	0.1690465797526466	0.43183320494855815
b0576	pheP	14	0.00015128567065442368	3.61210179651964e-05	96	0.00019049230041459013	0.008973329095160725	0.0	0.0	0.026923076923076925	0.0004914967348520383	0.0026878294353585848	0.188376753507014	0.1559562082536746	0.0	0.07434950708372351	0.013707286828964481	0.1721664808803443
b0996	torC	48	0.0004291809630285132	0.00020667494598485372	191	0.00047679028645338797	0.018323701586081792	0.0	0.0	0.09230769230769231	0.002812214794864092	0.0076250792327756485	0.3787575150300601	0.31954206587731737	0.0	0.15868389760198678	0.047559953551278206	0.34914979045368877
b0997	torA	61	0.0004395528140365668	0.000661736196639993	172	0.00040357471571076216	0.01589680673886605	0.0	0.0	0.11730769230769231	0.009004208582807432	0.007809351585325681	0.34068136272545085	0.2770832573828251	0.0	0.14881530419975514	0.06315595044524987	0.30888231005413797
b1473	yddG	17	0.0001857044737892558	1.690030641702306e-05	196	0.0005784738387580018	0.02487630955786922	0.0	0.0	0.032692307692307694	0.00022996155396199722	0.0032993339605091234	0.3887775551102204	0.4341807068274144	0.0	0.17117610623678087	0.016461134623134845	0.4114791309688174
b3493	pitA	9	0.00020108873955894098	0.0008436301164210532	243	0.0008434128423518844	0.03197310588811218	0.0	0.0	0.01730769230769231	0.011479229296453135	0.0035726597963154387	0.48296593186372744	0.5583399865983915	0.0	0.21401856801325286	0.014393460802072721	0.5206529592310595
b2827	thyA	114	0.0014758218847018708	0.0003716303175110281	19	4.9379114004977475e-06	0.0023449871502368817	1.0	1.0	0.21923076923076923	0.005056753599931481	0.02622031211474873	0.03406813627254509	0.03999259260777845	1.0	0.25966965034220485	0.11214376141535036	0.03703036444016177
b1106	thiK	20	0.00019991889794026687	0.000855831291976785	242	0.0004078044896990355	0.03869772741217723	0.0	0.0	0.038461538461538464	0.011645250031327685	0.0035518757080156135	0.48096192384769537	0.6759880247141677	0.0	0.2414113474109459	0.025053394246433075	0.5784749742809315
b2987	pitB	29	0.0006083830869375264	0.001798103435579432	258	0.0007555601296240256	0.03652885303189489	0.0	0.0	0.05576923076923077	0.024466696048407392	0.010808888653971073	0.5130260521042084	0.638043314391565	0.0	0.24626105866268233	0.04011796340881908	0.5755346832478867
b0417	thiL	44	0.0002573004100060019	0.0005010544680392388	149	9.163731966534736e-05	0.02456222940480653	1.0	1.0	0.08461538461538462	0.006817821005531891	0.004571349108956356	0.2945891783567134	0.4286858379062872	1.0	0.3629416443767834	0.04571660281045826	0.3616375081315003
b3993	thiE	34	0.00011002147742873725	0.0016764391283221746	150	0.00020645333903809084	0.020251400519426612	1.0	1.0	0.06538461538461539	0.022811216409860276	0.0019547057184953103	0.29659318637274545	0.3532673836181436	1.0	0.34761128035707295	0.044097915897237834	0.3249302849954445
b3725	pstB	216	0.0013447702107325444	0.0732791920860225	319	0.0011042430831197947	0.047248399769114116	0.0	3.164407232248621e-15	0.4153846153846154	0.9971059973331389	0.023891971662384336	0.6352705410821643	0.8255830351938528	3.164407232248621e-15	0.5746688377987549	0.7062453063588772	0.7304267881380085
b3919	tpiA	230	0.006629906506967616	0.0014945374731010956	35	1.995768696668447e-05	0.00136498574324437	0.035425234249338	0.0359520621304049	0.44230769230769235	0.02033609044050125	0.11779078471885603	0.06613226452905811	0.022847353657040704	0.0359520621304049	0.11751509261293946	0.2313218913740968	0.04448980909304941
b3726	pstA	206	0.001207004385470159	0.07311168404970222	282	0.0007195702900138554	0.040405589657910974	0.0	1.0962410768861292e-14	0.3961538461538462	0.9948267245564907	0.02144434368331057	0.5611222444889779	0.7058672739571971	1.0962410768861292e-14	0.5315940178313046	0.6954902853551684	0.6334947592230875
b0613	citG	12	3.035456230525825e-05	9.826201953048106e-06	107	4.1699740480669296e-05	0.01651986102305275	0.0	0.0	0.023076923076923078	0.00013370459771021035	0.0005392968528253247	0.21042084168336672	0.2879836647755498	0.0	0.10432302682670995	0.011605313837316644	0.24920225322945827
b3727	pstC	197	0.0003483581657079758	0.07288318583203662	329	0.0012641808766390738	0.0470613600677263	0.0	0.0	0.3788461538461539	0.9917175616859878	0.006189134290029617	0.655310621242485	0.8223107537964106	0.0	0.5696370181142074	0.6852818577660709	0.7388106875194478
b0888	trxB	138	0.0037516033195305145	0.002346027907160025	175	0.00042167699710811293	0.023001181052174274	0.0	0.0	0.2653846153846154	0.03192227465327592	0.06665317203145335	0.34669338677354705	0.40137511485164157	0.0	0.209075078332616	0.14865344501894565	0.37403425081259434
b3728	pstS	211	0.001542565023074713	0.07327620174276754	310	0.001071045193257931	0.045253385959921226	0.0	0.0	0.40576923076923077	0.9970653078944492	0.027406109627168267	0.6172344689378757	0.7906800358465315	0.0	0.5621498086896175	0.70141726933184	0.7039572523922035
b4239	treC	22	4.764384876955741e-05	0.0020257385421159667	126	0.0003597770207269582	0.01609021015767848	0.0	0.0	0.04230769230769231	0.02756411461252992	0.0008464683970573045	0.24849699398797592	0.2804668727590569	0.0	0.11976713473345102	0.03493590346011111	0.26448193337351644
b3821	pldA	49	0.0003993654234017007	0.00069541031659869	148	0.0007021229323397633	0.014417587730241169	0.0	0.0	0.09423076923076923	0.009462410509028407	0.007095358971144884	0.2925851703406813	0.25120414824850446	0.0	0.12949649966579668	0.05184658986989882	0.2718946592945929
b2048	cpsG	49	0.00032159396460136033	9.136420634815627e-05	11	1.5172963114921318e-06	0.0007624238485384415	0.0	0.0	0.09423076923076923	0.0012431878067703985	0.00571362588770021	0.018036072144288574	0.012305463009100685	0.0	0.025163098438185778	0.04773697851876981	0.01517076757669463
b1897	otsB	70	0.0007039659579998902	0.0021550114612689914	172	0.00022648311421653787	0.024168365943764123	0.0	0.0	0.13461538461538464	0.029323124221000064	0.012507069673007283	0.34068136272545085	0.42179515070384704	0.0	0.18528300445313653	0.08196925441819235	0.38123825671464895
b3412	bioH	35	0.00027680587582837557	7.740362983870179e-05	82	2.7412780693116742e-05	0.010294387776555272	1.0	1.0	0.06730769230769232	0.0010532269984216342	0.004917894587857095	0.16032064128256512	0.1790682840107547	1.0	0.28154996891988676	0.03418045965305697	0.1696944626466599
b1896	otsA	67	0.00066839709034543	0.0017251983948043522	141	0.0006861553726375615	0.01529631948667979	0.0	3.616465408284138e-15	0.12884615384615386	0.023474681107695253	0.011875132431030052	0.27855711422845686	0.2665776628478123	3.616465408284138e-15	0.1394911224060244	0.07616041747692456	0.27256738853813456
b3974	coaA	18	6.160297148744601e-05	3.396196178487943e-05	194	0.0003320226560943032	0.028257376815369332	1.0	0.9999999999957764	0.03461538461538462	0.00046211857435804634	0.0010944743104436998	0.38476953907815625	0.49333287296180234	0.9999999999957764	0.3826359830450955	0.01753875159487133	0.43905120601997927
b3519	treF	12	8.11381926714092e-06	5.4358450788212216e-05	110	0.00018142419208598654	0.015358364484973219	0.0	5.085654480399569e-15	0.023076923076923078	0.0007396524953910236	0.00014415484404479712	0.2164328657314629	0.2676631473316597	5.085654480399569e-15	0.10158251772708835	0.011908287786157051	0.24204800653156128
b1197	treA	21	0.00015347049255610284	0.0004760957542279634	65	0.0001238588627415698	0.004473452891165992	0.0	0.0	0.04038461538461539	0.006478209138663465	0.0027266462551733548	0.12625250501002003	0.07723034907047659	0.0	0.050069135720755095	0.023431412261639424	0.1017414270402483
b4240	treB	36	0.0001218509928117781	0.0009560604717588928	85	4.181861315979978e-05	0.006960275561888423	0.0	0.0	0.06923076923076923	0.013009063051416695	0.0021648757862553574	0.1663326653306613	0.1207376018289144	0.0	0.07386201988835232	0.04111991614109296	0.14353513357978784
b3258	panF	25	0.00023305920892744704	0.000858204962523891	17	1.176131546987921e-05	0.0014822772696867542	0.0	0.0	0.04807692307692308	0.011677548437885361	0.004140665796217372	0.03006012024048096	0.02489938259638979	0.0	0.022942794870335837	0.02987723575740422	0.027479751418435373
b1010	rutC	20	0.000310170676039036	2.315553417791139e-05	182	0.00034533197566303825	0.025507740284446478	0.0	0.0	0.038461538461538464	0.0003150760992717317	0.005510673082496695	0.3607214428857715	0.4452276610570299	0.0	0.16894514370072233	0.0193883072804051	0.4029745519714007
b1260	trpA	100	0.0012170275216841328	0.0004328895380732108	140	0.0013907504637997146	0.015333674997719933	1.0	1.0	0.19230769230769232	0.00589030449583658	0.021622420565502978	0.27655310621242485	0.2672312018716752	1.0	0.3483964609775258	0.09909899840176445	0.27189215404205
b1378	pfo	520	0.0562854430657876	0.004541082742995722	270	0.0017676854337370037	0.030035157193283955	0.0001118840734902	0.000112756807904	1.0	0.06179026690293886	0.9999999999999999	0.5370741482965932	0.5244353480845875	0.000112756807904	0.4246825040184047	0.5308951334514694	0.5307547481905903
b1261	trpB	84	0.0007593023552113837	0.0003175709713556913	108	0.0009234371057923399	0.010564750978744417	1.0	1.0	0.16153846153846155	0.004321171005078116	0.013490208370997368	0.2124248496993988	0.1837983197759533	1.0	0.31241656040377835	0.08292981627176983	0.19811158473767604
b0871	poxB	136	0.0025823732077279123	0.0008823466767935135	339	0.003756943419582134	0.035510967271310694	0.0	2.599334512204224e-15	0.26153846153846155	0.012006043436245681	0.04587994811926026	0.6753507014028055	0.6202352842548258	2.599334512204224e-15	0.3138260981264682	0.1367722524873536	0.6477929928288156
b3384	trpS	73	0.00042497283209163254	0.00039078229387829794	170	0.00021685122577040994	0.02370957651523943	0.0	0.0	0.14038461538461539	0.005317353504938209	0.00755031512490566	0.3366733466933867	0.4137685761254818	0.0	0.17922877834168444	0.07285098444477679	0.3752209614094343
b3709	tnaB	23	0.0003385872877879675	3.733090158357859e-05	124	0.00021475809379521555	0.01299051827560838	0.0	0.0	0.04423076923076923	0.0005079595557104864	0.006015539175772669	0.2444889779559118	0.22623740164549147	0.0	0.10309302167757659	0.02236936439323986	0.23536318980070164
b4226	ppa	137	0.0008147794536583535	0.0012547963328459197	264	0.0006637754837168957	0.03601998843047374	0.0	0.0	0.26346153846153847	0.01707394573132783	0.014475846849175944	0.5250501002004008	0.6291406688211754	0.0	0.2869452506428885	0.14026774209643314	0.577095384510788
b3125	garR	20	0.0003801905762990749	1.819498743847864e-05	177	0.0003737214155132013	0.02280072434392502	0.0	0.0	0.038461538461538464	0.0002475782084907661	0.006754687457193864	0.3507014028056112	0.39786810135381495	0.0	0.15745572416589107	0.019354558335014614	0.37428475207971307
b0509	glxR	23	9.942365207641477e-05	1.2934266086901866e-05	188	0.0005577341071304748	0.023125021202424035	0.0	0.0	0.04423076923076923	0.00017599585802219103	0.0017664185739855742	0.3727454909819639	0.4035417127285196	0.0	0.164138793759855	0.022203382544395713	0.38814360185524177
b2502	ppx	18	5.296346683512646e-05	0.0008660374017715829	331	0.001394390425688568	0.04817470221684135	0.0	0.0	0.03461538461538462	0.011784124014461767	0.0009409798333331346	0.6593186372745491	0.8417888045872615	0.0	0.3095013900983314	0.02319975431492319	0.7505537209309052
b3991	thiG	33	0.0002258799554790319	0.0008912502786817461	183	0.0008105872426401218	0.02352711949256063	1.0	1.0	0.06346153846153846	0.012127194264849274	0.004013114993427673	0.3627254509018036	0.41057646922670865	1.0	0.36977813057097997	0.03779436636319387	0.38665096006425614
b1015	putP	55	0.0007155721915199753	0.0017678852688784955	30	7.442492664663676e-05	0.002948607366617544	0.0	0.0	0.10576923076923078	0.024055519090962967	0.012713272785000547	0.056112224448897796	0.05055299871689086	0.0	0.04729799460519648	0.06491237493009687	0.05333261158289433
b1637	tyrS	68	0.00017700081699533572	0.0003662327999612209	187	0.00023050510564365763	0.026661954440003095	0.0	5.5377126564350864e-15	0.13076923076923078	0.004983309871003549	0.0031446997190455344	0.37074148296593185	0.4654207723690562	5.5377126564350864e-15	0.19438295919504558	0.06787627032011716	0.41808112766749406
b0369	hemB	29	0.00016016638883179182	0.00011436813857943643	163	0.0004610656654198298	0.022029291521128886	1.0	1.0	0.05576923076923077	0.001556201066566281	0.002845609452600133	0.3226452905811623	0.38437179411700007	1.0	0.35286850330679187	0.028662715917898526	0.3535085423490812
b1907	tyrP	20	0.00021988547556704694	2.4181374473056975e-05	168	0.00043480082351131784	0.019672281454603268	0.0	0.0	0.038461538461538464	0.0003290346526001432	0.003906613568095043	0.3326653306613226	0.3431356280140418	0.0	0.14291830635790062	0.019395286557069305	0.3379004793376822
b3956	ppc	96	0.0006185533020362911	0.00037967690479934614	364	0.002914877076074437	0.048351664217593085	0.003036655113443	0.0030592106572746	0.18461538461538463	0.005166243077296732	0.010989578625388328	0.7254509018036072	0.844884775436324	0.0030592106572746	0.35263530311797747	0.09489081384634068	0.7851678386199656
b0179	lpxD	70	0.00032156166672157475	0.0015955806580482137	121	0.0005219997825342884	0.015181047525949854	1.0	1.0	0.13461538461538464	0.02171097958477759	0.005713052064735934	0.23847695390781562	0.26456096644622246	1.0	0.33187285691084006	0.07816318210008111	0.251518960177019
b3639	dfp	44	0.00022385958628239332	0.00013739420003019016	258	0.0015247346435654072	0.033068633165078416	1.0	1.0	0.08461538461538462	0.0018695154374528467	0.003977219936258502	0.5130260521042084	0.5775063641225623	1.0	0.4354034632559216	0.04324245002641873	0.5452662081133853
b3403	pck	105	0.000423769990012212	0.0008551122377364158	257	0.001586666184683822	0.03581506891401023	0.0	4.294552672337414e-15	0.20192307692307693	0.011635465899228653	0.007528944731178553	0.5110220440881763	0.6255555779729707	4.294552672337414e-15	0.2700272329766914	0.10677927141115279	0.5682888110305735
b0085	murE	66	0.0002713819462556747	0.0003172442305343248	309	0.0021912806818369357	0.049099562175970966	1.0	1.0	0.12692307692307692	0.004316725060420653	0.004821529892524392	0.6152304609218436	0.8579693374743617	1.0	0.5208879200759406	0.06561990099174879	0.7365998991981026
b3787	wecC	34	0.0001161630708871741	5.590371085293282e-05	211	0.0006237038827653123	0.028502672927072065	0.0	0.0	0.06538461538461539	0.0007606787653881542	0.0020638208488720656	0.4188376753507014	0.4976243570543985	0.0	0.1965214653110207	0.03307264707500177	0.4582310162025499
b2920	scpC	29	0.00011681067717086127	0.00012185997494493987	46	8.181282471190074e-05	0.003575073098611342	0.0	3.2774217762575003e-15	0.05576923076923077	0.001658142078174498	0.0020753265997094576	0.08817635270541081	0.061513089787009666	3.2774217762575003e-15	0.041423363067965804	0.028713686423702634	0.07484472124621024
b3786	wecB	55	0.000706028668502067	8.397314118945108e-05	7	1.4910069556089262e-06	0.0005382319188947704	0.0	3.2774217762575003e-15	0.10576923076923078	0.0011426179835145186	0.012543716990498695	0.01002004008016032	0.008383199043823442	3.2774217762575003e-15	0.02506301757534647	0.05345592437637265	0.009201619561991881
b0181	lpxA	87	0.0009289605149814362	0.0016788296864941625	27	5.773878298624463e-05	0.0016516027808410488	1.0	0.9999999999999996	0.16730769230769232	0.022843744605414953	0.01650445416047712	0.050100200400801605	0.02786175216900651	0.9999999999999996	0.253622677896583	0.09507571845655363	0.03898097628490406
b2501	ppk	26	9.861003347046894e-05	0.0017071207126202908	247	0.0003646229468392614	0.03807138773515787	0.0147173992606856	0.0143235254837795	0.05	0.02322869906544716	0.0017519633514337175	0.49098196392785565	0.6650301389905334	0.0143235254837795	0.24871286549352312	0.03661434953272358	0.5780060514591945
b3189	murA	130	0.0021475250335319944	0.0010878248480518473	141	0.000791810844969139	0.01797403495011321	1.0	0.9999999999999976	0.25	0.014801973782232814	0.03815418190848959	0.27855711422845686	0.313424607285926	0.9999999999999976	0.37135673905932265	0.1324009868911164	0.29599086075719144
b4383	deoB	24	0.00010193724164427479	7.66851082528137e-05	16	2.3196037027353652e-05	0.0010914978107782968	0.0	7.911018080621551e-16	0.046153846153846156	0.0010434501141232742	0.0018110764718530937	0.028056112224448895	0.018062650371089322	7.911018080621551e-16	0.018663211772701686	0.023598648133984716	0.02305938129776911
b3380	yhfW	29	0.0008922093969555339	8.279828663972055e-05	14	5.098506273986893e-06	0.0009976251273283612	0.0	3.164407232248621e-15	0.05576923076923077	0.0011266318012957618	0.015851512369063184	0.024048096192384766	0.01642033682213703	3.164407232248621e-15	0.0194728591170103	0.028447931285263267	0.0202342165072609
b0090	murG	72	0.00021230893259954409	0.00030996166389713186	83	0.0003496488383277657	0.00795764902863111	1.0	1.0	0.13846153846153847	0.004217631570669851	0.0037720042880606437	0.1623246492985972	0.13818676699175556	1.0	0.2886381172645122	0.07133958501610416	0.15025570814517636
b0088	murD	59	0.00010074875295505638	0.00025428028051685195	265	0.0005302322362413304	0.042146032442793586	1.0	1.0	0.11346153846153847	0.0034599780031590688	0.0017899610888253846	0.5270541082164328	0.7363165235337621	1.0	0.4760584296429785	0.058460758232348774	0.6316853158750975
b0091	murC	51	6.079442122703405e-05	0.000613018474196968	248	0.0007437961036195797	0.0368280307133626	1.0	1.0	0.09807692307692309	0.008341309172462855	0.0010801091350738103	0.4929859719438877	0.6432774628334874	1.0	0.4485363334053522	0.05320911612469297	0.5681317173886875
b3972	murB	52	0.0001849329828100343	0.00020041603328213738	168	0.0002999317729878949	0.021650537775740608	1.0	1.0	0.1	0.0027270501087505094	0.003285627201937111	0.3326653306613226	0.3777454531527584	1.0	0.3626275667845663	0.051363525054375254	0.3552053919070405
b3850	hemG	18	4.6931050994758914e-05	6.030744297133735e-05	165	0.0005941873979974811	0.020729827328056383	1.0	1.0	0.03461538461538462	0.0008206001097822783	0.0008338044161774639	0.32665330661322645	0.3616375164525131	1.0	0.3447453615581813	0.017717992362583448	0.34414541153286976
b3057	bacA	42	0.00031904972336919746	0.0005225523190580441	243	0.0029649305269833313	0.02531967889416875	0.0	9.267192608728104e-15	0.08076923076923077	0.007110341099850914	0.005668423414492544	0.48296593186372744	0.44193750509325974	9.267192608728104e-15	0.20255660176521562	0.04393978593454084	0.4624517184784936
b0841	ybjG	37	0.0005678444553760914	5.8998470212907836e-05	352	0.0045807908814640185	0.043041170418353765	0.0	3.164407232248621e-15	0.07115384615384615	0.0008027889883626588	0.010088655688689932	0.7014028056112224	0.7519770668506924	3.164407232248621e-15	0.30506730152082534	0.0359783175711044	0.7266899362309573
b2536	hcaT	5	1.3595443189525133e-05	3.379393191894151e-05	182	0.0003430555026930194	0.02107270635868861	0.0	3.164407232248621e-15	0.009615384615384616	0.00045983220107405733	0.0002415445708339631	0.3607214428857715	0.3676362250966444	3.164407232248621e-15	0.14768657695977555	0.0050376084082293365	0.364178833991208
b0174	ispU	92	0.0009116174343721524	0.00155273773422928	102	0.00021353152618829025	0.01300949424724754	1.0	0.9999999999999988	0.17692307692307693	0.021128018241085404	0.016196326878099455	0.2004008016032064	0.22656938848321886	0.9999999999999988	0.32500425705011726	0.09902554758208117	0.2134850950432126
b1702	ppsA	121	0.0007410050421614726	0.0009454181561302273	363	0.0030820945654471505	0.0453401330163628	0.0	0.0	0.2326923076923077	0.012864253639129538	0.01316512763869284	0.7234468937875751	0.7921976857196354	0.0	0.35224022816772954	0.12277828066571862	0.7578222897536053
b0759	galE	67	0.0009341689125893852	0.0006261323476644949	10	3.4303533331979884e-05	0.0006224826886485847	0.0	3.164407232248621e-15	0.12884615384615386	0.008519748938384251	0.01659698958925328	0.01603206412825651	0.009857176090086777	3.164407232248621e-15	0.032651028600576906	0.06868295139226906	0.012944620109171644
b0383	phoA	69	0.0020079926246312583	0.00318527729572938	59	2.57155355566646e-05	0.004703864115218938	0.0	3.164407232248621e-15	0.1326923076923077	0.04334189562314591	0.03567516777445057	0.11422845691382764	0.08126142031704053	3.164407232248621e-15	0.074304816109265	0.0880171016577268	0.0977449386154341
b2036	glf	39	0.0001160785903238073	6.075764889419775e-05	3	4.1312372187392135e-07	6.07434789821388e-05	0.0	3.164407232248621e-15	0.07500000000000001	0.0008267260373879216	0.002062319917924999	0.0020040080160320635	2.948307963849834e-05	3.164407232248621e-15	0.015572043426612333	0.03791336301869397	0.001016745547835281
b4005	purD	54	0.00019506823074264717	0.00015520302477462568	282	0.0007679637898092479	0.04358086679641944	1.0	1.0	0.10384615384615385	0.002111839151083398	0.0034656959262921202	0.5611222444889779	0.7614191179505786	1.0	0.48569987108735874	0.052978996498618626	0.6612706812197782
b2028	ugd	80	0.0010280077795685003	0.00015307850844103744	221	0.0009821286371886262	0.027792314681824422	0.0	0.0	0.15384615384615385	0.002082930972412892	0.0182641856148657	0.438877755511022	0.4851965566772806	0.0	0.21600067940137388	0.07796454240928337	0.4620371560941513
b2255	arnA	133	0.002486842116050411	0.0007815297597483725	230	0.0006289721519626067	0.029715928392108598	0.0	3.164407232248621e-15	0.2557692307692308	0.010634233107055083	0.04418268704296665	0.4569138276553106	0.5188504029640436	3.164407232248621e-15	0.24843353889912861	0.13320173193814294	0.48788211530967707
b2499	purM	69	0.0003424605649254752	0.00024811558225995155	275	0.0006027670726112166	0.04372801917368002	1.0	1.0	0.1326923076923077	0.0033760952879063034	0.006084354075798961	0.5470941883767535	0.7639935659588161	1.0	0.4894312314631567	0.068034201490107	0.6555438771677848
b2253	arnB	41	0.00045287696919726363	7.90940352753003e-05	61	6.280207587141548e-06	0.006496804140533822	0.0	0.0	0.07884615384615384	0.0010762282536316847	0.008046076294858895	0.11823647294589176	0.11262911523974829	0.0	0.06215759405708512	0.039961191049892764	0.11543279409282003
b2026	hisI	133	0.004196209952634397	0.00046457199638916583	212	0.0007645392187848569	0.027491571344043272	1.0	1.0	0.2557692307692308	0.006321405989968932	0.0745523127130718	0.42084168336673344	0.4799350168954917	1.0	0.432573467404285	0.13104531837959987	0.45038835013111256
b0758	galT	20	5.968763058083559e-05	0.0004655697157766487	19	8.39329420391801e-05	0.0014521466864441032	0.0	0.0	0.038461538461538464	0.0063349819036300275	0.001060445247114275	0.03406813627254509	0.02437224452726629	0.0	0.020647380232995973	0.022398260182584246	0.029220190399905692
b2476	purC	48	0.00010799644564137031	0.00013227854396786193	255	0.0018494503376173513	0.038186617739187	1.0	1.0	0.09230769230769231	0.0017999069825171917	0.0019187278230206307	0.5070140280561122	0.6670461013547477	1.0	0.45363354574021386	0.047053799645104755	0.58703006470543
b2557	purL	147	0.0032786666916858912	0.0009157271704007888	335	0.0019542408084387863	0.04687653761215928	1.0	1.0	0.2826923076923077	0.01246025000460799	0.058250704144830426	0.6673346693386772	0.8190772633732862	1.0	0.5563128980817759	0.14757627884845784	0.7432059663559818
b0505	allA	28	0.00019642241873058574	1.6795744326860144e-05	248	0.000974424188997223	0.03057843174881879	0.0	0.0	0.05384615384615385	0.00022853878326506132	0.0034897552196755935	0.4929859719438877	0.5339399998167578	0.0	0.21620013287801285	0.027037346314709457	0.5134629858803228
b2024	hisA	52	0.0005062191355686782	0.00020738256415573535	3	9.768009768009768e-08	0.00027830113126017537	1.0	1.0	0.1	0.0028218433169850746	0.008993784324963004	0.0020040080160320635	0.0038356795883920346	1.0	0.22173230618428183	0.05141092165849254	0.002919843802212049
b0086	murF	62	0.0001387133322868273	0.00021603421611237272	245	0.0004348783226179266	0.035924085181040864	1.0	1.0	0.11923076923076924	0.0029395658765170533	0.0024644619413352804	0.4869739478957915	0.6274628302834482	1.0	0.44732142265730523	0.06108516755364315	0.5572183890896198
b0194	proS	70	0.00035821666345634115	0.00041050678542009034	190	0.0003393464474005969	0.029824347014892155	0.0	0.0	0.13461538461538464	0.005585743592912711	0.006364286109245867	0.37675350701402804	0.5207471994186921	0.0	0.2075403669282035	0.07010056410414868	0.44875035321636003
b0096	lpxC	83	0.0002518344276804482	0.002041589996775513	82	0.00021179979786407826	0.00905133841693578	1.0	0.9999999999999984	0.15961538461538463	0.02777980449744205	0.004474237279896666	0.16032064128256512	0.15732099043936845	0.9999999999999984	0.30100736416695173	0.09369759455641334	0.1588208158609668
b2258	arnF	13	4.259370547623576e-06	2.407347814695007e-05	3	3.190433101385368e-07	5.90582613184353e-05	0.0	0.0	0.025	0.0003275665131353261	7.56744606708547e-05	0.0020040080160320635	0.0	0.0	0.0054663149058334784	0.012663783256567664	0.0010020040080160318
b4544	arnE	20	0.00023297953645896353	5.594836784641572e-05	3	3.1968267548951583e-07	5.90582613184353e-05	0.0	6.893887184541638e-15	0.038461538461538464	0.0007612864106794996	0.00413925028868747	0.0020040080160320635	0.0	6.893887184541638e-15	0.008245366577651386	0.01961141243610898	0.0010020040080160318
b1207	prs	186	0.0020604939503851578	0.001015968050011425	220	0.0009559545143842332	0.031382103760300165	0.0	6.893887184541638e-15	0.3576923076923077	0.013824222223630032	0.036607936939872875	0.4368737474949899	0.5480003354209223	6.893887184541638e-15	0.27127812256637135	0.18575826495796888	0.4924370414579561
b0908	aroA	49	0.0005985204495764473	0.0001872246867276238	137	0.00036604698964866274	0.01944640267771868	1.0	1.0	0.09423076923076923	0.00254755617073104	0.010633663287981656	0.27054108216432865	0.3391838524594826	1.0	0.3413006520050623	0.04838916270075014	0.30486246731190564
b4233	mpl	43	0.00021045042042204924	0.000152931925338329	260	0.0005630597350435537	0.0395728233317065	0.0	0.0	0.0826923076923077	0.00208093642407444	0.003738984877067955	0.5170340681362725	0.6912979299225586	0.0	0.25862104843504263	0.04238662205819107	0.6041659990294155
b4160	psd	26	0.00010377928347625542	4.804230879561615e-05	166	0.0002947571740619139	0.02107189501940327	1.0	1.0	0.05	0.0006537090934300391	0.001843803261083972	0.3286573146292585	0.3676220306211896	1.0	0.34938661086877565	0.02532685454671502	0.34813967262522405
b0171	pyrH	176	0.0009391794936474377	0.0009826502015791276	194	0.0005301390522389668	0.03018172163751257	0.0	0.0	0.3384615384615385	0.013370868064770289	0.016686010493862594	0.38476953907815625	0.5269995101358373	0.0	0.2527202911480605	0.17591620326315438	0.4558845246069968
b2256	arnD	21	0.0001652422084566325	4.3602880149471595e-05	107	0.0031686714685866873	0.012129289398820508	0.0	0.0	0.04038461538461539	0.0005933020283165632	0.00293578942362582	0.21042084168336672	0.21117010196771013	0.0	0.09251377221280176	0.020488958706465974	0.21079547182553843
b4388	serB	42	0.000139325145622377	0.00010812343904005975	185	0.0003618306283721561	0.026705431770596047	0.0211737100236865	0.0220953154114828	0.08076923076923077	0.0014712297781963638	0.0024753317737861782	0.3667334669338677	0.46618141334021973	0.0220953154114828	0.18745013124659946	0.041120230273713566	0.4164574401370437
b2254	arnC	26	0.00010100552979829996	0.00048793284785511094	31	3.5798921541052315e-05	0.003292025786707742	0.0	7.458959904586035e-15	0.05	0.006639275830457328	0.0017945231359419625	0.058116232464929855	0.056561144042519225	7.458959904586035e-15	0.03426333046758277	0.028319637915228665	0.05733868825372454
b2585	pssA	79	0.0016767272411262987	0.0002945742159375928	98	0.00024681475447503316	0.009852684120838624	1.0	0.999999999999996	0.15192307692307694	0.004008255399790444	0.02978971381937075	0.19238476953907813	0.1713406270210396	0.999999999999996	0.3039313457765962	0.07796566616143369	0.18186269828005885
b3803	hemX	54	0.00043309357498807696	0.0006410895315642009	115	0.00036527713839487803	0.01492944559132114	0.0	0.0	0.10384615384615385	0.008723270529508019	0.00769459297818564	0.22645290581162322	0.26015916124584465	0.0	0.11983629828662594	0.05628471218783093	0.24330603352873392
b3804	hemD	57	0.0003801616562713976	0.0006094261966935438	102	3.570037053304142e-05	0.014657456797126737	1.0	0.9999999999999998	0.10961538461538461	0.008292429247059958	0.006754173647119677	0.2004008016032064	0.25540068555885853	0.9999999999999998	0.31474186020490186	0.05895390693122229	0.22790074358103246
b2297	pta	180	0.004005538300530289	0.0022830175012769852	160	0.00039442457461943156	0.023215550313074484	0.0	0.0	0.34615384615384615	0.03106489547356798	0.07116472896639602	0.3166332665330661	0.40512553008125485	0.0	0.21979550764834702	0.18860937081370707	0.3608793983071605
b2458	eutD	76	0.0013008857234869315	0.00028142270996246493	158	0.0003619908217046112	0.022125044556018363	0.0	0.0	0.14615384615384616	0.0038293035703765945	0.023112294274141697	0.312625250501002	0.3860470046337651	0.0	0.16973108097179795	0.07499157486211137	0.3493361275673835
b3997	hemE	42	0.0002929229118891964	0.0006035610588388165	145	0.0002227065220007785	0.01753545422043081	1.0	0.9999999999999998	0.08076923076923077	0.008212622633972998	0.005204239247913922	0.2865731462925851	0.30575158625152754	0.9999999999999998	0.3362613171894632	0.04449092670160189	0.29616236627205633
b3634	coaD	72	0.0005885601208734005	0.00023287151195445138	183	0.00041222215199900394	0.022770669384346378	1.0	1.0	0.13846153846153847	0.003168670048998934	0.010456702280649707	0.3627254509018036	0.39734228632951624	1.0	0.38033958914837146	0.0708151042552687	0.3800338686156599
b2498	upp	75	0.0006098182056574004	0.0002553419701724393	80	0.00010121050356760186	0.009631423959617268	0.0	0.0	0.14423076923076925	0.0034744243567931266	0.010834385809926593	0.156312625250501	0.1674696546863561	0.0	0.09429749470488388	0.07385259679378119	0.16189113996842855
b0692	potE	19	0.00014396956428996974	0.0012066406125084842	201	0.0005473485883139597	0.025626284846432205	0.0	0.0	0.03653846153846154	0.01641869345319152	0.0025578472238673698	0.3987975951903807	0.44730161199939966	0.0	0.17981127243628667	0.02647857749582653	0.4230496035948902
b1011	rutB	20	0.00014417820450005555	0.0004554107346949483	158	0.00010751141935669857	0.021791575283797413	0.0	0.0	0.038461538461538464	0.006196749198342198	0.0025615540474921207	0.312625250501002	0.3802129208108625	0.0	0.14749929179434904	0.02232914382994033	0.34641908565593227
b3073	patA	49	0.0006031330870496311	0.00021141342878529905	79	6.533197134988933e-05	0.009177665922014466	0.0	0.0	0.09423076923076923	0.0028766910736559973	0.010715614094832238	0.15430861723446893	0.15953110487917474	0.0	0.08218943648361379	0.048553730152212614	0.15691986105682182
b2497	uraA	28	0.00013559672635418777	4.276429998422738e-05	191	0.0005188878428264743	0.02392875478149267	0.0	0.0	0.05384615384615385	0.0005818915134322279	0.002409090503128837	0.3787575150300601	0.41760312546480627	0.0	0.1701577371708905	0.02721402267979304	0.3981803202474332
b1006	rutG	33	0.0003386404616274231	4.536925481308635e-05	193	0.0004513265502714713	0.024672879578679058	0.0	0.0	0.06346153846153846	0.0006173369926835287	0.00601648389320864	0.3827655310621242	0.43062167560758924	0.0	0.17549321642478707	0.03203943772711099	0.4066936033348567
b0517	allD	17	5.4660345108109186e-05	1.7647388264860535e-05	181	0.000249257274739573	0.024070215515582576	0.0	0.0	0.032692307692307694	0.00024012705619765246	0.0009711275621339789	0.35871743486973945	0.42007799751173663	0.0	0.1623455734259963	0.016466217374252672	0.38939771619073804
b1124	potC	199	0.00145850545464258	0.07296093618165896	324	0.0010285925666701852	0.04798326023435036	0.0	0.0	0.3826923076923077	0.9927755064817242	0.025912658321581447	0.6452905811623246	0.8384395047683112	0.0	0.5718395800209335	0.687733907087016	0.741865042965318
b0524	lpxH	50	0.00022177046138537496	0.001102267658375847	127	0.00020713469362091454	0.013937212009024908	1.0	1.0	0.09615384615384616	0.014998496319974493	0.003940103325226826	0.250501002004008	0.24279991896105738	1.0	0.3208906526877772	0.055576171236910325	0.2466504604825327
b1123	potD	19	0.00029771957505455476	0.004858698323931166	302	0.0007957829165936386	0.0437984655786308	0.0	0.0	0.03653846153846154	0.06611204490815226	0.005289459562511996	0.6012024048096192	0.7652260340323142	0.0	0.29381578905770944	0.0513252532233069	0.6832142194209667
b4258	valS	102	0.0002442407090154726	0.0010594144420583592	199	0.0003441709570727589	0.02897492119436058	0.0	2.825363600221983e-15	0.19615384615384618	0.014415394926812004	0.004339322846406288	0.3947895791583166	0.5058863955871609	2.825363600221983e-15	0.2222490431652277	0.1052846205403291	0.4503379873727387
b0857	potI	196	0.0005791728802129575	0.07291639380387377	282	0.0007865295133985297	0.0406155834322265	0.0	2.825363600221983e-15	0.3769230769230769	0.9921694207599692	0.010289923089634528	0.5611222444889779	0.7095411395385294	2.825363600221983e-15	0.5279511763421112	0.684546248841523	0.6353316920137536
b2682	ygaZ	11	0.00015071851072080098	2.363269928500095e-05	190	0.0004409525591577409	0.025034194037502556	0.0	2.825363600221983e-15	0.021153846153846155	0.0003215688590368583	0.0026777529412824914	0.37675350701402804	0.4369429142187627	2.825363600221983e-15	0.16703436724913528	0.010737707506441506	0.40684821061639537
b1442	ydcU	195	0.001056380130859234	0.07290318004779123	366	0.0015469404527237096	0.05524577837781199	0.0	2.825363600221983e-15	0.375	0.9919896218967157	0.018768265351034277	0.7294589178356713	0.9654981069960827	2.825363600221983e-15	0.6123893293456945	0.6834948109483578	0.847478512415877
b2683	ygaH	5	1.1623297605999218e-05	7.504425600456039e-06	163	0.0003428231414174533	0.020442487264271635	0.0	2.825363600221983e-15	0.009615384615384616	0.00010211231264628439	0.00020650628249321346	0.3226452905811623	0.3566104685130325	2.825363600221983e-15	0.1377946512044457	0.00485874846401545	0.3396278795470974
b1443	ydcV	192	0.00026079805209730446	0.07290674775604233	285	0.0007755133659582646	0.04099917809650583	0.0	2.825363600221983e-15	0.36923076923076925	0.9920381675096331	0.004633490257729307	0.567134268537074	0.7162521729435531	2.825363600221983e-15	0.5289310756442065	0.6806344683702013	0.6416932207403137
b0856	potH	193	0.00047920544251518353	0.07290042305065486	281	0.0006598503126263069	0.03898986550654338	0.0	2.825363600221983e-15	0.37115384615384617	0.9919521075860219	0.008513843303233452	0.5591182364729459	0.6810990147584496	2.825363600221983e-15	0.5206646409942532	0.681552976869934	0.6201086256156978
b3572	avtA	20	7.463140601697027e-05	6.648762487441027e-05	107	0.00025450545786471167	0.009104684950048092	0.0	2.825363600221983e-15	0.038461538461538464	0.0009046935101697964	0.0013259450748169383	0.21042084168336672	0.15825429426003432	2.825363600221983e-15	0.08160827358302242	0.01968311598585413	0.18433756797170053
b1441	ydcT	197	0.000511693959581032	0.0729495196341257	269	0.0008692572592998608	0.037222036994058426	0.0	1.469189072115431e-15	0.3788461538461539	0.9926201621378499	0.009091053240585728	0.5350701402805611	0.6501706486824267	1.469189072115431e-15	0.5113414209893985	0.6857331579920019	0.5926203944814938
b4197	ulaE	18	6.097172860018172e-05	0.0004119092933338152	7	1.7304814928067433e-05	0.0005007136301604042	0.0	1.469189072115431e-15	0.03461538461538462	0.0056048274421238295	0.0010832592812482027	0.01002004008016032	0.0077268122052090394	1.469189072115431e-15	0.011593412868575854	0.020110106028754224	0.00887342614268468
b0855	potG	194	0.0005316517777124364	0.0729395752810205	294	0.0008951745946619651	0.04270900406472911	0.0	1.469189072115431e-15	0.3730769230769231	0.9924848498638124	0.009445635474362894	0.5851703406813626	0.7461657777406417	1.469189072115431e-15	0.5393795782725482	0.6827808864703677	0.6656680592110022
b2882	xanQ	31	8.821482169877381e-05	3.964013048322689e-05	187	0.0003838039601470844	0.023434790539373952	0.0	1.469189072115431e-15	0.05961538461538462	0.0005393811082618759	0.0015672759579358107	0.37074148296593185	0.4089611634188169	1.469189072115431e-15	0.16797148242167934	0.030077382861823248	0.38985132319237437
b1126	potA	202	0.0013758136155581102	0.0729797497016307	277	0.000678194913374319	0.04010784437010441	0.0	1.469189072115431e-15	0.38846153846153847	0.9930315010288905	0.024443506893070566	0.5511022044088176	0.7006581854094918	1.469189072115431e-15	0.526650685861748	0.6907465197452145	0.6258801949091547
b3565	xylA	65	0.0009196199380440293	0.0014275163575607902	20	1.0253804855720548e-05	0.002402414770640979	0.0	1.469189072115431e-15	0.125	0.0194241377517387	0.01633850402437373	0.036072144288577156	0.040997295526748884	1.469189072115431e-15	0.044298715513413245	0.07221206887586935	0.03853471990766302
b3579	yiaO	17	0.00010537914680856564	2.781447577416124e-05	184	0.0004278383253673487	0.024052497742244206	0.0	1.469189072115431e-15	0.032692307692307694	0.0003784700652067306	0.0018722273658820857	0.36472945891783565	0.4197680230000739	1.469189072115431e-15	0.16351365193508507	0.01653538887875721	0.3922487409589548
b0854	potF	199	0.0009844971204890397	0.07297039609684268	210	0.00047202854420108967	0.028548334838498328	0.0	1.469189072115431e-15	0.3826923076923077	0.9929042270352052	0.017491149875791843	0.4168336673346693	0.4984232175221128	1.469189072115431e-15	0.4581706839168593	0.6877982673637565	0.45762844242839107
b3578	yiaN	13	5.09919577369649e-05	1.4077819609634982e-05	179	0.0003147821491651724	0.02267281397163833	0.0	1.469189072115431e-15	0.025	0.0001915561288621055	0.0009059528531624852	0.3547094188376753	0.3956302944675337	1.469189072115431e-15	0.1551062538868145	0.012595778064431053	0.3751698566526045
b1440	ydcS	202	0.0007648233079716702	0.07293439748656913	306	0.0010471869448966274	0.042488521895069034	0.0	1.469189072115431e-15	0.38846153846153847	0.9924143958951829	0.013588296836852268	0.6092184368737474	0.74230841645909	1.469189072115431e-15	0.546480557537912	0.6904379671783607	0.6757634266664188
b3577	yiaM	22	0.0002130098655603202	0.00042722367933849704	186	0.0004403866577040386	0.025172559219197626	0.0	1.469189072115431e-15	0.04230769230769231	0.005813209462941109	0.0037844574717365164	0.3687374749498998	0.4393636292153916	1.469189072115431e-15	0.17124440118718526	0.02406045088531671	0.40405055208264573
b1125	potB	196	0.0009508145802894826	0.07292676435014386	321	0.0010434542430605806	0.04838622303680309	0.0	1.469189072115431e-15	0.3769230769230769	0.9923105322213154	0.01689272622724406	0.6392785571142284	0.8454893860103325	1.469189072115431e-15	0.570800310453791	0.6846168045721961	0.7423839715622804
b3567	xylG	193	0.00017631555641276102	0.07279327024642115	271	0.0009302982789953698	0.038945948650307066	0.0	1.469189072115431e-15	0.37115384615384617	0.9904940851830584	0.003132524979978921	0.5390781563126252	0.6803306842348765	1.469189072115431e-15	0.5162113543768816	0.6808239656684523	0.6097044202737509
b1296	puuP	19	0.00018467411026330574	0.00046040588905756226	192	0.00031488618024764093	0.025183690458405572	0.0	1.469189072115431e-15	0.03653846153846154	0.006264717993177168	0.003281027921330472	0.3807615230460921	0.4395583715440009	1.469189072115431e-15	0.17262461482434663	0.021401589765819354	0.4101599472950465
b3566	xylF	203	0.0009713683055638253	0.07294293317778507	316	0.001033224519299602	0.04757279294691825	0.0	1.469189072115431e-15	0.3903846153846154	0.9925305405831975	0.017257895694779726	0.6292585170340681	0.8312583316860378	1.469189072115431e-15	0.5686864009375839	0.6914575779839064	0.730258424360053
b2407	xapA	35	0.0012834091173902233	0.00042984746754003145	119	0.0001774660024027302	0.017513475663670806	0.0	1.469189072115431e-15	0.06730769230769232	0.005848911206874239	0.022801794700099416	0.2344689378757515	0.30536706883680353	1.469189072115431e-15	0.12259852204542461	0.03657830175728328	0.2699180033562775
b3568	xylH	197	0.00042254537610342816	0.07283242939677616	304	0.0009582611777320753	0.04571286806002521	0.0	1.469189072115431e-15	0.3788461538461539	0.9910269216207692	0.0075071875264364225	0.6052104208416833	0.7987187287949894	1.469189072115431e-15	0.5547604450207194	0.6849365377334615	0.7019645748183363
b4031	xylE	19	0.00024523437063783096	0.0020191485493151217	186	0.0005362274039018289	0.02317468353764502	0.0	1.469189072115431e-15	0.03653846153846154	0.02747444493745502	0.00435697681816586	0.3687374749498998	0.4044105610772464	1.469189072115431e-15	0.16743218850061284	0.03200645323795828	0.38657401801357305
b1636	pdxY	8	6.605444415211173e-06	1.4412094944695433e-05	218	0.00032486641194725803	0.03393478798826762	0.0	1.469189072115431e-15	0.015384615384615385	0.00019610459523927367	0.00011735617693353841	0.4328657314629258	0.5926598438073383	1.469189072115431e-15	0.20822125905002403	0.0077903599899273295	0.5127627876351321
b3826	yigL	21	0.0002219863736432454	7.605459602676127e-05	161	0.0002120446686346933	0.02428493243963973	0.0	1.469189072115431e-15	0.04038461538461539	0.0010348707684169143	0.0039439393482926495	0.3186372745490982	0.423834495148842	1.469189072115431e-15	0.15677825117019478	0.02070974307651615	0.3712358848489701
b1858	znuC	208	0.0009184637694850799	0.07303789693061638	255	0.0007859273566509459	0.03552469417415237	0.0	1.469189072115431e-15	0.4	0.9938227072239842	0.01631796285962536	0.5070140280561122	0.6204754380215396	1.469189072115431e-15	0.5042624346603275	0.6969113536119922	0.5637447330388259
b1676	pykF	160	0.0025114801161441993	0.0012729576386792077	334	0.0024585291297176174	0.045382984180110796	0.0	1.469189072115431e-15	0.3076923076923077	0.01732106563604123	0.044620420118372854	0.6653306613226452	0.7929473718287924	1.469189072115431e-15	0.3566582812959576	0.16250668666417448	0.7291390165757188
b1859	znuB	201	0.0005753415101419291	0.07294872292152525	321	0.0010810749919414305	0.04772483990464684	0.0	1.469189072115431e-15	0.38653846153846155	0.9926093213126518	0.010221852734986164	0.6392785571142284	0.833918410950607	1.469189072115431e-15	0.5704689501831901	0.6895738914255567	0.7365984840324178
b1857	znuA	204	0.0017205887171353167	0.07285498847871019	294	0.0008852112724394828	0.043335221804301695	0.0	1.469189072115431e-15	0.39230769230769236	0.991333881826667	0.030568982376566824	0.5851703406813626	0.7571215301544184	1.469189072115431e-15	0.5451866889940284	0.6918207870671798	0.6711459354178906
b1854	pykA	156	0.001716434119809048	0.0012483053134255515	289	0.0020049010324252334	0.037988324029403074	0.0	1.469189072115431e-15	0.30000000000000004	0.016985622781679897	0.030495169378036945	0.5751503006012023	0.663576929767426	1.469189072115431e-15	0.311142570630062	0.15849281139083998	0.6193636151843142
b3831	udp	36	0.00011948471129683264	8.030714775870141e-05	85	0.00010185874990375402	0.011635285608882722	0.0	1.469189072115431e-15	0.06923076923076923	0.0010927350094815445	0.0021228350491471907	0.1663326653306613	0.20252744802801217	1.469189072115431e-15	0.08783672351978514	0.035161752120125386	0.18443005667933673
b1012	rutA	25	0.00015463098031802213	0.00047972726917607894	208	0.0005163488483276464	0.026035291434846772	0.0	1.469189072115431e-15	0.04807692307692308	0.006527622965850864	0.002747264157400097	0.4128256513026052	0.45445722998194343	1.469189072115431e-15	0.18437748546546479	0.02730227302138697	0.4336414406422743
b1007	rutF	24	0.0001067595953577618	3.554605138083198e-05	188	0.0005233945477917829	0.023312906533473517	0.0	1.469189072115431e-15	0.046153846153846156	0.00048367319568333515	0.0018967532197086722	0.3727454909819639	0.406828788515551	1.469189072115431e-15	0.16524235976940915	0.023318759674764745	0.38978713974875745
b3029	ygiN	23	0.0005304983324291817	0.00045169886692402063	209	0.0005301351600006259	0.024500816293118156	0.0	1.469189072115431e-15	0.04423076923076923	0.00614624201464734	0.009425142692918383	0.41482965931863724	0.4276114083523166	1.469189072115431e-15	0.17856361578327437	0.025188505622708288	0.4212205338354769
b1692	ydiB	44	0.0005783205389202354	0.00014763965115911548	205	0.0005247486891922138	0.02542949526933381	0.0	1.469189072115431e-15	0.08461538461538462	0.002008924735989363	0.01027477989725127	0.406813627254509	0.44385875538889646	1.469189072115431e-15	0.18745933839895618	0.04331215467568699	0.42533619132170275
b0750	nadA	39	0.0004251585772892411	0.00010882387976662077	201	0.0012238690492129638	0.02871300266124924	1.0	0.9999999999983906	0.07500000000000001	0.0014807606372212628	0.007553615182389287	0.3987975951903807	0.5013041002927063	0.9999999999983906	0.3953164912237398	0.038240380318610635	0.4500508477415435
b4094	phnN	25	0.0007566521173381544	0.0009908744724992137	171	0.00014514078661735302	0.028234851885728936	0.0	0.0	0.04807692307692308	0.013482775273688255	0.013443122699660791	0.3386773547094188	0.49293879668979135	0.0	0.17863516994996428	0.030779849175305667	0.4158080756996051
b1662	ribC	27	0.0018657687685385478	5.321135597279757e-05	176	0.0005596835652785177	0.027436908362215812	1.0	1.0	0.051923076923076926	0.000724044038373416	0.03314833582029013	0.3486973947895791	0.478978681650966	1.0	0.3760646394803991	0.02632356048072517	0.41383803822027254
b0415	ribE	56	0.00029072527588233855	0.00022743662856068654	6	5.0625439333890716e-08	0.0007678414023458328	1.0	1.0	0.1076923076923077	0.003094717885056301	0.005165194765234996	0.008016032064128254	0.012400243745019478	1.0	0.22624066027730233	0.055393512788682	0.010208137904573866
b3752	rbsK	35	0.0005967974952555845	0.0017058812871327685	223	0.0010127958339194252	0.03134659831660319	0.0	0.0	0.06730769230769232	0.023211834269975543	0.010603052276909948	0.4428857715430861	0.547379163541073	0.0	0.2161568923323654	0.04525976328883393	0.4951324675420795
b0063	araB	32	0.00027757443957641904	0.0008979366430420777	235	0.003275747070167541	0.03355120875821313	0.0	3.0513926882397413e-15	0.06153846153846154	0.01221817526251386	0.004931549339533212	0.4669338677354709	0.5859490804258787	3.0513926882397413e-15	0.22532791699246563	0.0368783184004877	0.5264414740806748
b0061	araD	29	0.00023816820325048827	0.0005049139467497241	9	3.098909910524511e-06	0.0003446260391562845	0.0	3.0513926882397413e-15	0.05576923076923077	0.006870336723285533	0.004231435168274545	0.014028056112224446	0.004996041590069398	3.0513926882397413e-15	0.016332733038962644	0.031319783746258156	0.009512048851146922
b4198	ulaF	25	0.0005227737977573159	6.98118024077273e-05	9	3.1051201508261635e-06	0.0003446260391562845	0.0	3.0513926882397413e-15	0.04807692307692308	0.0009499254138018606	0.00928790410597438	0.014028056112224446	0.004996041590069398	3.0513926882397413e-15	0.013610189238604367	0.02451342424536247	0.009512048851146922
b3583	sgbE	25	0.00014537667257083958	6.571953430298281e-05	9	3.098909910524511e-06	0.0003446260391562845	0.0	3.0513926882397413e-15	0.04807692307692308	0.0008942421433702511	0.002582846730031427	0.014028056112224446	0.004996041590069398	3.0513926882397413e-15	0.013599052584518045	0.024485582610146665	0.009512048851146922
b3629	waaS	20	0.00013707102967007556	1.6286581822426266e-05	105	0.0001000067549944996	0.01425625209760056	1.0	3.0513926882397413e-15	0.038461538461538464	0.00022161063664750304	0.002435283835464599	0.2064128256513026	0.24838156253265264	3.0513926882397413e-15	0.09869550745642884	0.019341574549092983	0.22739719409197762
b2687	luxS	69	0.0014195617601537325	0.002370959417027002	7	2.421008706966257e-07	0.0007288370150823999	1.0	0.9999999999999988	0.1326923076923077	0.032261516357547856	0.02522076193829582	0.01002004008016032	0.011717857439258003	0.9999999999999988	0.23733834431385453	0.08247691202492777	0.010868948759709162
b3749	rbsA	194	0.0007902507942071521	0.07280096501150636	288	0.0009104033924511196	0.041443715001738615	0.0	0.0	0.3730769230769231	0.9905987874347634	0.014040056383379454	0.5731462925851702	0.7240293979641044	0.0	0.5321702802121923	0.6818378552558433	0.6485878452746373
b3750	rbsC	193	0.0006486827791188873	0.0728106303568095	290	0.0009477215898427846	0.039697148341994726	0.0	3.0513926882397413e-15	0.37115384615384617	0.9907303032647515	0.011524876482906838	0.5771543086172344	0.6934730104823774	3.0513926882397413e-15	0.5265022937036425	0.6809420747092989	0.6353136595498059
b3751	rbsB	211	0.0015629347891888661	0.07298826842114882	288	0.0007112511672472279	0.04172457176778747	0.0	3.0513926882397413e-15	0.40576923076923077	0.9931474147839323	0.02776801076900248	0.5731462925851702	0.7289430198532981	3.0513926882397413e-15	0.5402011915983269	0.6994583227765816	0.6510446562192342
b3748	rbsD	40	0.00020758568356308646	0.009057074443874278	321	0.0009974427718179146	0.04834676367544611	0.0	3.0513926882397413e-15	0.07692307692307693	0.12323912135491898	0.0036880882916823796	0.6392785571142284	0.8447990398797233	3.0513926882397413e-15	0.33684795905439013	0.10008109913899796	0.7420387984969758
b3904	rhaB	24	0.00012527606451106293	0.00046406716445018467	246	0.0006060609926123223	0.03984847290314483	0.0	3.0513926882397413e-15	0.046153846153846156	0.006314536769120911	0.002225727607129922	0.4889779559118236	0.6961204513345249	3.0513926882397413e-15	0.2475133580338637	0.026234191461483532	0.5925492036231743
b3902	rhaD	27	0.0002218897078623621	9.436661094502601e-05	25	1.5312710874209688e-05	0.0011171334832047965	0.0	3.0513926882397413e-15	0.051923076923076926	0.0012840413634859949	0.00394222192766632	0.04609218436873747	0.01851114945106925	3.0513926882397413e-15	0.02356209042127454	0.026603559143281462	0.03230166690990336
b2234	nrdA	39	0.00020124156885336985	0.0001516116341456305	211	0.0006024499438151104	0.03153593754532717	0.0	3.0513926882397413e-15	0.07500000000000001	0.0020629712933328184	0.0035753750506708187	0.4188376753507014	0.5506916754375439	3.0513926882397413e-15	0.20931846441631627	0.03853148564666641	0.48476467539412266
b2235	nrdB	32	0.00017054769023815272	7.415016538701031e-05	143	0.00041145282711577873	0.01871741709531009	0.0	3.0513926882397413e-15	0.06153846153846154	0.0010089572838608684	0.00303004970643676	0.282565130260521	0.3264301646455084	3.0513926882397413e-15	0.13430854274567097	0.031273709411161206	0.30449764745301466
b2676	nrdF	24	8.729713247805901e-05	9.862079480904702e-05	141	0.00032118484288845583	0.019059456590562317	0.0	3.0513926882397413e-15	0.046153846153846156	0.0013419278128834402	0.0015509717561612564	0.27855711422845686	0.3324141855202192	3.0513926882397413e-15	0.13169341474308174	0.0237478869833648	0.305485649874338
b2675	nrdE	29	0.00011254923755503799	0.00012592320232548675	205	0.0004756405688141603	0.031284208981521545	0.0	3.0513926882397413e-15	0.05576923076923077	0.0017134301930450263	0.0019996153787665504	0.406813627254509	0.5462876548449425	3.0513926882397413e-15	0.20211678861234605	0.0287413304811379	0.4765506410497257
b4238	nrdD	35	0.00017922034904691616	0.00014109468888030184	207	0.0005590018024737829	0.025416256473334717	0.0001049860080464	0.0001102801741126	0.06730769230769232	0.0019198677887885345	0.003184133219621984	0.4108216432865731	0.4436271411083404	0.0001102801741126	0.1847573249331014	0.03461378004824043	0.4272243921974568
b4237	nrdG	19	0.00010687655871703427	3.860240519828426e-05	238	0.000540587725747345	0.03478837115384417	0.0	0.0	0.03653846153846154	0.0005252608365210812	0.0018988312589476235	0.4729458917835671	0.6075933808754631	0.0	0.22352059900680255	0.01853186118749131	0.5402696363295151
b3386	rpe	114	0.0022114044373821255	0.0013150864899048825	14	3.63568193989464e-05	0.0005100123194535444	0.0	0.0	0.21923076923076923	0.01789431063263677	0.03928910064361383	0.024048096192384766	0.007889493859257697	0.0	0.05381253398300969	0.118562539931703	0.01596879502582123
b4301	sgcE	24	0.00014633067665341759	0.00013605671795973744	14	3.63568193989464e-05	0.0005100123194535444	0.0	0.0	0.046153846153846156	0.0018513163913688173	0.00259979612281604	0.024048096192384766	0.007889493859257697	0.0	0.015988550519371487	0.024002581272607487	0.01596879502582123
b2914	rpiA	61	0.00042464578925618555	0.00024843682131987945	17	5.3386495291242624e-05	0.0009460199427587356	0.0	0.0	0.11730769230769231	0.003380466370393891	0.007544504691201429	0.03006012024048096	0.015517498097386184	0.0	0.03325315540319067	0.0603440793390431	0.022788809168933572
b0638	cobC	18	7.97396270066184e-05	0.00011320790253823022	167	0.00017918336744832163	0.025522059144908106	0.0	0.0	0.03461538461538462	0.0015404137976011605	0.0014167007073821387	0.3306613226452905	0.4454781711913677	0.0	0.1624590584499288	0.01807789920649289	0.3880697469183291
b1679	sufE	33	0.0007124339783304532	3.938989833904173e-05	338	0.0019171270228027454	0.04755229431668514	0.0	0.0	0.06346153846153846	0.0005359762130305031	0.01265751745966973	0.6733466933867734	0.8308997057585629	0.0	0.31364878276398106	0.03199875733728448	0.7521231995726682
b1682	sufC	31	9.295694171296277e-05	5.177630281593386e-05	327	0.0013067879068571612	0.04694653777461276	0.0	0.0	0.05961538461538462	0.0007045173478018152	0.0016515272271075978	0.6513026052104208	0.8203019243822317	0.0	0.30638488631116784	0.030159950981593218	0.7358022647963263
b1681	sufD	25	4.8662063609525093e-05	1.719257055560272e-05	240	0.0010056655140696185	0.030788088047094268	0.0	0.0	0.04807692307692308	0.00023393837626431037	0.0008645585955972284	0.47695390781563124	0.5376079612153964	0.0	0.21257454609684298	0.024155430726593694	0.5072809345155138
b1680	sufS	23	0.00011624611389544089	6.830200951275781e-05	339	0.0020746978186151105	0.047584923197315034	0.0	0.0	0.04423076923076923	0.0009293817436623505	0.0020652962393770268	0.6753507014028055	0.8314705518319491	0.0	0.31039628084183724	0.022580075487215794	0.7534106266173772
b1683	sufB	31	0.000150721805213095	4.527366670316656e-05	328	0.0011958737787998819	0.04973390967195774	0.0	0.0	0.05961538461538462	0.0006160363304496593	0.0026778114731535146	0.6533066132264529	0.869067320925092	0.0	0.3165210710194758	0.03011571047291714	0.7611869670757725
b1684	sufA	32	0.00022041265708382446	9.174281136112753e-05	110	0.00011592003990984866	0.014462078654273602	0.0	0.0	0.06153846153846154	0.0012483394646736524	0.0039159797823071505	0.2164328657314629	0.2519825221551462	0.0	0.10624043777794885	0.031393400501567595	0.23420769394330454
b0222	gmhA	27	4.32768887421622e-05	0.00011253798580435962	6	1.5449937465571048e-06	0.0004070203979381523	1.0	0.0	0.051923076923076926	0.001531298276891379	0.0007688824389563614	0.008016032064128254	0.0060876381764214	0.0	0.013511609088103591	0.026727187599984152	0.007051835120274828
b1745	astB	10	1.537455441095091e-05	0.00043563905016291173	252	0.0008933725050449458	0.03134879453054518	0.0	0.0	0.019230769230769232	0.005927716957905791	0.00027315329814461635	0.501002004008016	0.5474175865602173	0.0	0.21471561535138167	0.01257924309433751	0.5242097952841167
